{
"type": "FeatureCollection",
"name": "Helsinki_City_Limit_EPSG4326",
"crs": { "type": "name", "properties": { "name": "urn:ogc:def:crs:OGC:1.3:CRS84" } },
"xy_coordinate_resolution": 1e-15,
"features": [
{ "type": "Feature", "properties": { "id": 111403, "aluejako": "KAUPUNGINOSA", "kunta": "091", "tunnus": "15", "nimi_fi": "MEILAHTI", "nimi_se": "MEJLANS", "yhtluontipvm": "2009-12-30", "yhtmuokkauspvm": "2020-12-03", "yhtdatanomistaja": "Helsinki/Kami", "paivitetty_tietopalveluun": "2025-11-21" }, "geometry": { "type": "Polygon", "coordinates": [ [ [ 24.911676781716618, 60.187739241500239 ], [ 24.911815949279806, 60.187821649049283 ], [ 24.911956947111197, 60.187903281545474 ], [ 24.912099757816591, 60.187984128915531 ], [ 24.912244363777845, 60.188064181171917 ], [ 24.912390747154991, 60.188143428431793 ], [ 24.91253888988772, 60.188221860914915 ], [ 24.912688773698619, 60.188299468935384 ], [ 24.913215915854888, 60.188564444414411 ], [ 24.913309248529476, 60.188609602451834 ], [ 24.913348654990006, 60.18862947652562 ], [ 24.913388336521766, 60.188649214418412 ], [ 24.913428291226872, 60.188668815192926 ], [ 24.913468517195234, 60.18868827790763 ], [ 24.913509012503386, 60.188707601632586 ], [ 24.913549775215248, 60.188726785445176 ], [ 24.913590803381489, 60.188745828424302 ], [ 24.91362344798566, 60.18876059826421 ], [ 24.91365625339666, 60.188775279492702 ], [ 24.913689218643984, 60.188789871680328 ], [ 24.913722342753967, 60.188804374388731 ], [ 24.913755624746926, 60.188818787193291 ], [ 24.913789063638788, 60.188833109670526 ], [ 24.913822658441305, 60.188847341389447 ], [ 24.913857022201821, 60.188861726851904 ], [ 24.913891545476144, 60.188876017297105 ], [ 24.913926227204829, 60.188890212292669 ], [ 24.91396106632407, 60.188904311400911 ], [ 24.913996061764738, 60.188918314187283 ], [ 24.914031212452898, 60.188932220224693 ], [ 24.91406651730993, 60.188946029084661 ], [ 24.914151727280426, 60.188978775090909 ], [ 24.914237802524951, 60.189010955094858 ], [ 24.914324727883656, 60.189042563434242 ], [ 24.914412488047962, 60.189073594537497 ], [ 24.914501067561606, 60.189104042936727 ], [ 24.914590450823475, 60.189133903274261 ], [ 24.91468062209147, 60.189163170283507 ], [ 24.914748308552529, 60.189184602751894 ], [ 24.914816417390057, 60.189205700841924 ], [ 24.914884941942447, 60.18922646249279 ], [ 24.914953875508196, 60.189246885672198 ], [ 24.915023211345485, 60.189266968380387 ], [ 24.915092942672668, 60.189286708658798 ], [ 24.915163062670164, 60.189306104569702 ], [ 24.915209372236109, 60.189318652086719 ], [ 24.915255844699839, 60.18933104937517 ], [ 24.915302478096418, 60.189343295914625 ], [ 24.915349270453738, 60.189355391182403 ], [ 24.915396219792726, 60.189367334671843 ], [ 24.915443324127878, 60.189379125875028 ], [ 24.915490581467282, 60.18939076429298 ], [ 24.915528262219294, 60.189399922943622 ], [ 24.915566037515287, 60.189408984514273 ], [ 24.915603906346032, 60.189417948767023 ], [ 24.915641867700561, 60.189426815462078 ], [ 24.9156799205658, 60.189435584358606 ], [ 24.915718063925084, 60.189444255229574 ], [ 24.915756296759916, 60.189452827837592 ], [ 24.915784939110313, 60.189459193445188 ], [ 24.91626236379761, 60.189565254910704 ], [ 24.915920859003386, 60.189717759122381 ], [ 24.915298004990895, 60.189995907606281 ], [ 24.914707568510408, 60.190259567944949 ], [ 24.914117124363862, 60.190523225643297 ], [ 24.913526668946155, 60.190786880698909 ], [ 24.913137510673646, 60.190960647995375 ], [ 24.912011981040955, 60.191372348731463 ], [ 24.910270201742012, 60.191981045776927 ], [ 24.909786559181363, 60.192150056785763 ], [ 24.909413330978659, 60.192280472721826 ], [ 24.909059229376684, 60.192404211348013 ], [ 24.908705105278816, 60.192527949909625 ], [ 24.908291972137466, 60.192672315312855 ], [ 24.908070639019765, 60.192749653095021 ], [ 24.907489944286404, 60.192952563935705 ], [ 24.907062036788986, 60.193102076058473 ], [ 24.906634123595133, 60.193251587692487 ], [ 24.906053411133556, 60.19345449222341 ], [ 24.905832067488731, 60.193531825360267 ], [ 24.905299826149193, 60.193717787594167 ], [ 24.904871808524245, 60.193867319489584 ], [ 24.904443803204401, 60.19401685898638 ], [ 24.903955791551308, 60.194187347145217 ], [ 24.903660659310397, 60.194290454430501 ], [ 24.903254857135671, 60.194432220043574 ], [ 24.902753130976542, 60.194607494714489 ], [ 24.902251397665776, 60.194782767480056 ], [ 24.901934132010574, 60.194893603973831 ], [ 24.901616846189164, 60.195004439692866 ], [ 24.901334232455522, 60.195103164798098 ], [ 24.901284709607925, 60.195531134756472 ], [ 24.90119657472059, 60.196292746627428 ], [ 24.901158812599551, 60.19661910026187 ], [ 24.901145330521782, 60.196735589222982 ], [ 24.901102347551205, 60.197107078948513 ], [ 24.901077783454685, 60.197319240170792 ], [ 24.9010622276571, 60.197453646965982 ], [ 24.899532348869798, 60.197409756007538 ], [ 24.899190373151811, 60.197399943094112 ], [ 24.89920904960578, 60.197238655742595 ], [ 24.898165141399712, 60.197208693629342 ], [ 24.898146681231697, 60.197208478253124 ], [ 24.898128234573946, 60.197208890528771 ], [ 24.898109887428514, 60.197209928535422 ], [ 24.898091725333515, 60.19721158743085 ], [ 24.898073832964396, 60.197213859485295 ], [ 24.898056293738787, 60.197216734101922 ], [ 24.898039189428314, 60.197220197880391 ], [ 24.898022599776738, 60.197224234672859 ], [ 24.898006602128454, 60.197228825659415 ], [ 24.89799127106852, 60.197233949432295 ], [ 24.897976678073629, 60.197239582106114 ], [ 24.897962891179517, 60.197245697419518 ], [ 24.897949974664158, 60.197252266862932 ], [ 24.89793798874787, 60.197259259806721 ], [ 24.897926989312076, 60.197266643648632 ], [ 24.897917027639146, 60.197274383963894 ], [ 24.897908150173407, 60.197282444664097 ], [ 24.897900398304486, 60.19729078816956 ], [ 24.897893808174217, 60.197299375581593 ], [ 24.897888410508433, 60.197308166862086 ], [ 24.89788423047295, 60.197317121024902 ], [ 24.897881287557205, 60.197326196323552 ], [ 24.89787959548276, 60.197335350446906 ], [ 24.897876483163373, 60.197362230295603 ], [ 24.890655174909174, 60.197154729746835 ], [ 24.89062143357717, 60.196960927966572 ], [ 24.888393794691087, 60.195554793799424 ], [ 24.8880993635435, 60.195368931598956 ], [ 24.883600034176379, 60.192528315119901 ], [ 24.883472659584857, 60.192447909758997 ], [ 24.883452456356935, 60.19243515289601 ], [ 24.881980405660276, 60.191505644446273 ], [ 24.880740495140966, 60.19020350502516 ], [ 24.87990370030975, 60.189324648466354 ], [ 24.873197676696584, 60.182279652466313 ], [ 24.868815154558717, 60.177673787444341 ], [ 24.882226734758881, 60.172111694824544 ], [ 24.898988448353098, 60.1817397626168 ], [ 24.905475994058094, 60.185464165784836 ], [ 24.905638845737766, 60.18541135549966 ], [ 24.906478833611754, 60.185232166592684 ], [ 24.907426750108765, 60.185071183500405 ], [ 24.907827596810311, 60.185003108615668 ], [ 24.908187364074333, 60.18492685798654 ], [ 24.908648683011275, 60.185252026807724 ], [ 24.908693583483206, 60.185283677252428 ], [ 24.909089846059345, 60.185727792265936 ], [ 24.909345815086684, 60.185985201322637 ], [ 24.909445283350813, 60.186080480566751 ], [ 24.909787824426417, 60.186389008123243 ], [ 24.910069259074632, 60.186624795129902 ], [ 24.910379131415525, 60.186867582732042 ], [ 24.910685996455094, 60.187092536105567 ], [ 24.911031955783955, 60.187332255327554 ], [ 24.911552548999559, 60.187667323026325 ], [ 24.911676781716618, 60.187739241500239 ] ] ] } },
{ "type": "Feature", "properties": { "id": 111418, "aluejako": "KAUPUNGINOSA", "kunta": "091", "tunnus": "43", "nimi_fi": "HERTTONIEMI", "nimi_se": "HERTONÄS", "yhtluontipvm": "2009-12-30", "yhtmuokkauspvm": "2024-04-03", "yhtdatanomistaja": "Helsinki/Kami", "paivitetty_tietopalveluun": "2025-11-21" }, "geometry": { "type": "Polygon", "coordinates": [ [ [ 25.006804156311937, 60.204899773916651 ], [ 24.997972872756431, 60.198266823264682 ], [ 24.996080952637527, 60.196120829880044 ], [ 25.014331797094357, 60.191127187252292 ], [ 25.016640116704838, 60.190409887436701 ], [ 25.016750455574055, 60.190374308480571 ], [ 25.017851189188455, 60.190019367777097 ], [ 25.018053532419184, 60.189935369129138 ], [ 25.01871651213834, 60.189660142255498 ], [ 25.019749062156862, 60.189377705024334 ], [ 25.022822543168505, 60.188536921864419 ], [ 25.022670130508974, 60.187512352435078 ], [ 25.022010494416914, 60.183077238437583 ], [ 25.040602661707506, 60.185032419754918 ], [ 25.044100214816972, 60.185888498183445 ], [ 25.044971203871512, 60.186101664418267 ], [ 25.055647871899446, 60.188713988808992 ], [ 25.048742386828675, 60.189021065882386 ], [ 25.048222403376034, 60.189850725105096 ], [ 25.048109391349556, 60.190031767018041 ], [ 25.047712396453164, 60.190672170574771 ], [ 25.048093215663659, 60.191265074338553 ], [ 25.048751256191917, 60.191759874628673 ], [ 25.051560789926306, 60.192084085390775 ], [ 25.051663149655052, 60.192095892197507 ], [ 25.058846093263824, 60.192920647609945 ], [ 25.059022490848641, 60.19294091916592 ], [ 25.060871155137168, 60.19315314537748 ], [ 25.062412054612668, 60.193701691880946 ], [ 25.063587182419681, 60.194900432145978 ], [ 25.063793260066674, 60.195120227873197 ], [ 25.063960738572263, 60.195298854990583 ], [ 25.064115328751985, 60.195463730398274 ], [ 25.064178741692999, 60.195531358084601 ], [ 25.064776478384385, 60.195836077667408 ], [ 25.065626283142365, 60.196280890272682 ], [ 25.065787805188144, 60.196365433962193 ], [ 25.066632836675065, 60.196807723062811 ], [ 25.06924339497608, 60.19594274266754 ], [ 25.075148230793129, 60.193985878159829 ], [ 25.076123784829615, 60.193490661810216 ], [ 25.076483331517622, 60.194044912684802 ], [ 25.074309659027882, 60.197746413375349 ], [ 25.072951130482377, 60.1975838493167 ], [ 25.072735696856846, 60.197832044218458 ], [ 25.07194566842233, 60.198742185201212 ], [ 25.071571431532295, 60.199173302126034 ], [ 25.070355167147078, 60.200574337106701 ], [ 25.069947203605597, 60.202158472034888 ], [ 25.069824930216097, 60.202753546067754 ], [ 25.066943543926165, 60.202569647425101 ], [ 25.06635477382671, 60.202532061702286 ], [ 25.06438431238254, 60.202406249919697 ], [ 25.064344846791499, 60.207195097557801 ], [ 25.064340345953774, 60.20774148199601 ], [ 25.063132716732117, 60.207671353193561 ], [ 25.060850504857271, 60.207538790491846 ], [ 25.057701854654056, 60.207499382737687 ], [ 25.057538071638273, 60.207497331197551 ], [ 25.056680815331621, 60.207486588717352 ], [ 25.054558460720113, 60.207546189276883 ], [ 25.053629582972029, 60.207761927119613 ], [ 25.053626972589079, 60.20776253401359 ], [ 25.053613029044275, 60.207762909435566 ], [ 25.053331677160532, 60.207772388189071 ], [ 25.053050916931067, 60.207785511970656 ], [ 25.052770938946921, 60.207802271876339 ], [ 25.052491933270222, 60.20782265652624 ], [ 25.052214089302964, 60.207846652081521 ], [ 25.051937595659719, 60.207874242255343 ], [ 25.051662640040824, 60.2079054083122 ], [ 25.051629743582808, 60.207909389099385 ], [ 25.051596872316679, 60.207913421105403 ], [ 25.051564026563618, 60.207917504297505 ], [ 25.051531206646235, 60.207921638630118 ], [ 25.051498412885437, 60.207925824062997 ], [ 25.05146564560259, 60.207930060557025 ], [ 25.051432905118581, 60.207934348069998 ], [ 25.051135026072451, 60.207975470618806 ], [ 25.050839258722114, 60.208020210051963 ], [ 25.050545780322864, 60.208068539563143 ], [ 25.05025476676246, 60.208120430185062 ], [ 25.04996639245261, 60.208175850821959 ], [ 25.049680830226478, 60.208234768258706 ], [ 25.049398251235004, 60.208297147185576 ], [ 25.048618114555438, 60.20848997360924 ], [ 25.047141518639819, 60.209071194333426 ], [ 25.046031097767465, 60.20968256842383 ], [ 25.045240853734398, 60.210553915741471 ], [ 25.045114037745883, 60.210880735611489 ], [ 25.045059889714317, 60.211344810068837 ], [ 25.04513756114223, 60.211852739182198 ], [ 25.045169596513425, 60.212690101806572 ], [ 25.045042333764631, 60.213377729267208 ], [ 25.045009673721765, 60.213803186838284 ], [ 25.044985375767439, 60.214532003071938 ], [ 25.044868538128185, 60.214816961277009 ], [ 25.044365247060274, 60.215061909614079 ], [ 25.043778166051755, 60.215024926147017 ], [ 25.043745020288782, 60.21504645503051 ], [ 25.043763763183431, 60.215067459023267 ], [ 25.043805732007243, 60.215118255047919 ], [ 25.043841959272012, 60.21517013366573 ], [ 25.043872332849386, 60.215222934352234 ], [ 25.043896758723267, 60.215276493713262 ], [ 25.043915161280747, 60.21533064601816 ], [ 25.043927483546046, 60.215385223700167 ], [ 25.043933687359139, 60.215440057864917 ], [ 25.043930185215348, 60.215530005304011 ], [ 25.04392595205346, 60.2155505234795 ], [ 25.043921406971691, 60.215571025129108 ], [ 25.043916550230026, 60.215591509081037 ], [ 25.043911382105936, 60.215611974158321 ], [ 25.043905902894434, 60.215632419191827 ], [ 25.04390011290916, 60.215652843011597 ], [ 25.043894012480514, 60.215673244445902 ], [ 25.04382998129789, 60.215881952093312 ], [ 25.043805805426754, 60.216073012474098 ], [ 25.043724058687232, 60.216112359431385 ], [ 25.043709778175618, 60.21615205611733 ], [ 25.043690019992727, 60.216191167094777 ], [ 25.04366487853067, 60.216229505476711 ], [ 25.043634473906511, 60.216266888068866 ], [ 25.043598951387061, 60.216303136243532 ], [ 25.043558480696497, 60.216338076794344 ], [ 25.043513255205497, 60.216371542754906 ], [ 25.043495214996103, 60.216501081189463 ], [ 25.043480031891587, 60.216610103272089 ], [ 25.043432402290879, 60.21704849244518 ], [ 25.043427074017792, 60.217097533859821 ], [ 25.043347388927899, 60.217830937621223 ], [ 25.043436830025733, 60.218000305328246 ], [ 25.04344841460999, 60.218551278576875 ], [ 25.043455177855574, 60.218872935868013 ], [ 25.043176650654726, 60.219203417334256 ], [ 25.042967520432544, 60.219342955326226 ], [ 25.042871747875768, 60.219286392992053 ], [ 25.04260687382158, 60.219129960378012 ], [ 25.042179032482967, 60.218877276078437 ], [ 25.040129823780287, 60.217666927327592 ], [ 25.039754130305074, 60.217448869710346 ], [ 25.039382749040705, 60.217233302204839 ], [ 25.035138803542946, 60.21473939141179 ], [ 25.030605219659847, 60.212074709287108 ], [ 25.030131531244326, 60.21179625687018 ], [ 25.03011210442094, 60.211784836517268 ], [ 25.028833567639325, 60.211033233018576 ], [ 25.028728526661077, 60.211094764105191 ], [ 25.028235597224981, 60.211202948797464 ], [ 25.028134701878841, 60.211231665428478 ], [ 25.022588398213646, 60.212810053733421 ], [ 25.021805779353638, 60.213033571982869 ], [ 25.021404140452148, 60.213154397764491 ], [ 25.018806958275025, 60.213909532665504 ], [ 25.006804156311937, 60.204899773916651 ] ] ] } },
{ "type": "Feature", "properties": { "id": 111419, "aluejako": "KAUPUNGINOSA", "kunta": "091", "tunnus": "10", "nimi_fi": "SÖRNÄINEN", "nimi_se": "SÖRNÄS", "yhtluontipvm": "2009-12-30", "yhtmuokkauspvm": "2023-05-16", "yhtdatanomistaja": "Helsinki/Kami", "paivitetty_tietopalveluun": "2025-11-21" }, "geometry": { "type": "Polygon", "coordinates": [ [ [ 24.953564101511155, 60.181002194010972 ], [ 24.953880898185083, 60.180784979929818 ], [ 24.954411353744145, 60.180421259256093 ], [ 24.954464305227138, 60.180384950315492 ], [ 24.954998409202023, 60.180018717202721 ], [ 24.955184251970962, 60.179891283326505 ], [ 24.955769585724269, 60.179900158230126 ], [ 24.956381955071041, 60.17990943885308 ], [ 24.956472007189301, 60.179910803992044 ], [ 24.956757946187224, 60.179915135756488 ], [ 24.957291482360024, 60.179923216945276 ], [ 24.95764339427155, 60.180118310195674 ], [ 24.957683359359439, 60.180140464435134 ], [ 24.95778796928494, 60.180198457491116 ], [ 24.957872985351578, 60.180159428864343 ], [ 24.958281194169722, 60.179972024497118 ], [ 24.958658879957337, 60.179798630765326 ], [ 24.957986529627476, 60.179387842118928 ], [ 24.958057547177244, 60.178302400642664 ], [ 24.958019072681523, 60.177757582644077 ], [ 24.958122099432217, 60.177315632781131 ], [ 24.966225802913982, 60.176311258068736 ], [ 24.976820444459523, 60.174997316571215 ], [ 24.978141229270431, 60.177909874807789 ], [ 24.978360897556954, 60.178394228502164 ], [ 24.978527143247039, 60.178760781451054 ], [ 24.979096847508323, 60.179235993870847 ], [ 24.982370449238847, 60.181966328655413 ], [ 24.986247872369749, 60.185199579766618 ], [ 24.987029070342263, 60.185850907207431 ], [ 24.987075274327868, 60.185902820484387 ], [ 24.987096997184089, 60.185927230905726 ], [ 24.987211455892037, 60.186055847148445 ], [ 24.987467784397307, 60.186347066438941 ], [ 24.988221667788356, 60.187202802296852 ], [ 24.988319560267506, 60.187313905050871 ], [ 24.997972872756431, 60.198266823264682 ], [ 24.988104660176113, 60.195453750097236 ], [ 24.987018470298104, 60.195313472165559 ], [ 24.984655809967805, 60.195984443998519 ], [ 24.984056660640764, 60.195429203832042 ], [ 24.985061707644309, 60.193415121466558 ], [ 24.98324840192069, 60.193190802300428 ], [ 24.980620716988081, 60.192865689034157 ], [ 24.97875315072757, 60.192624563213514 ], [ 24.978552121430958, 60.192598612568737 ], [ 24.978007560769296, 60.192528297993618 ], [ 24.977752420200819, 60.192276326502551 ], [ 24.977626540164863, 60.192152008485245 ], [ 24.977330342141748, 60.191859482824583 ], [ 24.97669333366407, 60.191230355973303 ], [ 24.976287614136254, 60.190829636105811 ], [ 24.976139833487039, 60.190683669425958 ], [ 24.975987396267037, 60.190533108119745 ], [ 24.975557844978358, 60.190108837358657 ], [ 24.975421933033271, 60.189974593936455 ], [ 24.975059285073193, 60.189616388450553 ], [ 24.974551711488466, 60.189115046651139 ], [ 24.974373220896268, 60.188938727989665 ], [ 24.974051412107404, 60.189019599398847 ], [ 24.971881374788516, 60.189564919533652 ], [ 24.969673906139814, 60.190119591028463 ], [ 24.969527156095513, 60.189954717670517 ], [ 24.968702060613591, 60.189139225075948 ], [ 24.968197778062343, 60.188643325708149 ], [ 24.967216538562749, 60.188806869199865 ], [ 24.964336994695124, 60.189210783446995 ], [ 24.964261334972939, 60.189054588197429 ], [ 24.9642108894122, 60.188963280278891 ], [ 24.964098785178798, 60.188760359856971 ], [ 24.963936238293634, 60.188466130406823 ], [ 24.963810578155247, 60.188315709518633 ], [ 24.963600414208379, 60.187935269442164 ], [ 24.96347931491449, 60.187779107906216 ], [ 24.963313862109032, 60.187740274979262 ], [ 24.963302342408316, 60.187752448737285 ], [ 24.963123012014506, 60.187710359040238 ], [ 24.963134531777918, 60.187698175424757 ], [ 24.963004111472198, 60.187667566145549 ], [ 24.962518605713527, 60.18755430007819 ], [ 24.962387841252003, 60.18752303758199 ], [ 24.962209117791183, 60.187480308667176 ], [ 24.962022245151399, 60.187435632204931 ], [ 24.961982160634793, 60.187405254195177 ], [ 24.961929843806168, 60.187365591184516 ], [ 24.961810021379012, 60.187274770399753 ], [ 24.961699735126686, 60.187128658312815 ], [ 24.961629071868781, 60.186798420654611 ], [ 24.961568234177346, 60.186512912984753 ], [ 24.961501317816083, 60.186209549609764 ], [ 24.961465152383568, 60.186040045528671 ], [ 24.961374198937737, 60.185623895363044 ], [ 24.961307864692582, 60.185510469820471 ], [ 24.961184478247116, 60.185299453087794 ], [ 24.96111764806809, 60.185220948857769 ], [ 24.960887430709846, 60.184950484990672 ], [ 24.960570603935434, 60.184692859454103 ], [ 24.960401178464846, 60.184555090128526 ], [ 24.960221630901348, 60.184419481520756 ], [ 24.959308713171538, 60.183733713961701 ], [ 24.958839324566828, 60.183381103401011 ], [ 24.958626294485921, 60.183221071754161 ], [ 24.958383766234977, 60.183106768356566 ], [ 24.956488747110107, 60.182140651400672 ], [ 24.956574717000525, 60.182102081676021 ], [ 24.956171916657482, 60.181954931706578 ], [ 24.955734581520332, 60.181795169284484 ], [ 24.95480465399686, 60.181455429262364 ], [ 24.954732003569614, 60.18142888748477 ], [ 24.954092687752588, 60.181195315609216 ], [ 24.953564101511155, 60.181002194010972 ] ] ] } },
{ "type": "Feature", "properties": { "id": 111439, "aluejako": "KAUPUNGINOSA", "kunta": "091", "tunnus": "55", "nimi_fi": "ÖSTERSUNDOM", "nimi_se": "ÖSTERSUNDOM", "yhtluontipvm": "2009-12-30", "yhtmuokkauspvm": "2025-06-12", "yhtdatanomistaja": "Helsinki/Kami", "paivitetty_tietopalveluun": "2025-11-21" }, "geometry": { "type": "Polygon", "coordinates": [ [ [ 25.169457657983475, 60.250084025701582 ], [ 25.169473350839677, 60.250073458714226 ], [ 25.169487447267251, 60.250062349712223 ], [ 25.169499871808668, 60.250050758165585 ], [ 25.169510557957899, 60.250038746119202 ], [ 25.169519448513011, 60.2500263778768 ], [ 25.169526495885382, 60.250013719646482 ], [ 25.169531662352444, 60.250000839184601 ], [ 25.169534920260602, 60.249987805444079 ], [ 25.169536252172019, 60.249974688190193 ], [ 25.169539501891773, 60.249857874357481 ], [ 25.169561620500744, 60.249765294103923 ], [ 25.169563701007984, 60.249757052709221 ], [ 25.169566000462844, 60.249748825704422 ], [ 25.169568518463571, 60.249740614522736 ], [ 25.169571254569963, 60.249732420598129 ], [ 25.169574208304191, 60.249724245358671 ], [ 25.169577379150191, 60.249716090237222 ], [ 25.169580766553718, 60.249707956659492 ], [ 25.169600320196757, 60.249668734490633 ], [ 25.169624906005453, 60.249630218211962 ], [ 25.169654422261381, 60.24959256715578 ], [ 25.16968874685131, 60.249555937066305 ], [ 25.169727737774863, 60.249520479462426 ], [ 25.169771233728788, 60.249486341021573 ], [ 25.169819054777776, 60.249453662954224 ], [ 25.169871003096734, 60.249422580433915 ], [ 25.169926863790138, 60.249393222034776 ], [ 25.169986405780158, 60.249365709199957 ], [ 25.17004938276418, 60.249340155729264 ], [ 25.170115534231616, 60.249316667331854 ], [ 25.170184586543499, 60.249295341161073 ], [ 25.170431217835848, 60.249224530606391 ], [ 25.170696120061134, 60.249185987619533 ], [ 25.170926205505136, 60.249140474693675 ], [ 25.171203271958948, 60.249070872884587 ], [ 25.171326910476715, 60.249064614648589 ], [ 25.171862170566726, 60.24909480705459 ], [ 25.172099971503499, 60.249090278815622 ], [ 25.172109816279804, 60.249090024438992 ], [ 25.172119643426047, 60.249089636638431 ], [ 25.172129445624964, 60.249089115699029 ], [ 25.172139215576021, 60.249088462007414 ], [ 25.172148946003809, 60.249087676050152 ], [ 25.172158629663063, 60.249086758415835 ], [ 25.172168259341881, 60.249085709786897 ], [ 25.172192295161786, 60.249082482225624 ], [ 25.172215826463457, 60.249078439174554 ], [ 25.172238741404048, 60.249073599853517 ], [ 25.172260931071733, 60.249067987258378 ], [ 25.172282290000751, 60.24906162807055 ], [ 25.172302716675016, 60.249054552510941 ], [ 25.172322114008299, 60.249046794212518 ], [ 25.172340389808003, 60.249038390044809 ], [ 25.172357457211707, 60.2490293799572 ], [ 25.172373235101087, 60.249019806770335 ], [ 25.172387648486421, 60.249009715986716 ], [ 25.172400628863482, 60.248999155566366 ], [ 25.17241211453987, 60.24898817569904 ], [ 25.172422050926496, 60.248976828573745 ], [ 25.17243039079899, 60.248965168120655 ], [ 25.172446706549668, 60.248891895498026 ], [ 25.172385409594956, 60.248764287261395 ], [ 25.172393782423825, 60.248623041154524 ], [ 25.172358990607972, 60.248580105160805 ], [ 25.172194614698043, 60.248543784279754 ], [ 25.171972044890211, 60.248455976983834 ], [ 25.171813700215804, 60.248281955149913 ], [ 25.171803804443684, 60.248197348335964 ], [ 25.17195931147311, 60.247997198605624 ], [ 25.172022879060556, 60.247966492355694 ], [ 25.172217462477093, 60.247996327274464 ], [ 25.172306043898796, 60.247998361042448 ], [ 25.172436662295617, 60.247983147873242 ], [ 25.172717546553404, 60.247915449672185 ], [ 25.172880989603424, 60.247858504640604 ], [ 25.173042567439317, 60.247761619721885 ], [ 25.173324527226075, 60.247485590108354 ], [ 25.173482564737732, 60.247211162409471 ], [ 25.17347485747937, 60.246848364432402 ], [ 25.173649773896443, 60.246566645308569 ], [ 25.173770336154476, 60.246489390162296 ], [ 25.173932730955467, 60.246446195431737 ], [ 25.174100943912315, 60.246431099196897 ], [ 25.174573013563098, 60.246443910922807 ], [ 25.17470472046352, 60.246434755138374 ], [ 25.174818002984949, 60.246410966729805 ], [ 25.174926849008454, 60.246365154957616 ], [ 25.174972772980055, 60.246318352584929 ], [ 25.175000314899204, 60.246176180757779 ], [ 25.175274969790625, 60.245637839184688 ], [ 25.175574933643357, 60.245279236336394 ], [ 25.175812315393049, 60.245212181432301 ], [ 25.176217669229853, 60.245216202593404 ], [ 25.17634363446891, 60.245206670447359 ], [ 25.176483709698154, 60.24518306222074 ], [ 25.176605542634533, 60.245144475804302 ], [ 25.176719365150383, 60.245092970936149 ], [ 25.177233015408024, 60.244703436906413 ], [ 25.177267412711121, 60.244644868953003 ], [ 25.177231447058446, 60.244469592320343 ], [ 25.177275204039208, 60.244394735054264 ], [ 25.17765148719668, 60.244187652507378 ], [ 25.177816894924423, 60.244193072074367 ], [ 25.178191406331159, 60.244245222069999 ], [ 25.178313180123904, 60.244248584984028 ], [ 25.178425482736319, 60.244244672524353 ], [ 25.178590604863853, 60.244222423171699 ], [ 25.179182544152553, 60.244079882187592 ], [ 25.179628128149094, 60.243995297593024 ], [ 25.180023773019421, 60.243851381193615 ], [ 25.180194141606879, 60.243818165608204 ], [ 25.180297050198419, 60.243811856224823 ], [ 25.180447162605194, 60.243825125184713 ], [ 25.181720597795721, 60.24399555264457 ], [ 25.18230170658855, 60.244204877200083 ], [ 25.182423068387216, 60.244240271765804 ], [ 25.182668390319702, 60.244343724607432 ], [ 25.182847476418601, 60.244433454262115 ], [ 25.182920398201947, 60.244475783026203 ], [ 25.182959182065343, 60.244499245922853 ], [ 25.183081391399678, 60.244641549615054 ], [ 25.183234006907256, 60.244819257617131 ], [ 25.183314843051335, 60.244857312841482 ], [ 25.183538365238647, 60.244882241825763 ], [ 25.18377304554576, 60.244931973653003 ], [ 25.183959418417807, 60.24502957567428 ], [ 25.184592645773218, 60.24553492045402 ], [ 25.184876617623139, 60.245490143059207 ], [ 25.184885164528175, 60.24548879203337 ], [ 25.186064907948346, 60.246218109652688 ], [ 25.187500492335527, 60.247105544346738 ], [ 25.188195709243626, 60.247069782976148 ], [ 25.188554434650591, 60.247040513358655 ], [ 25.189867851098153, 60.246933347117753 ], [ 25.196051698939215, 60.246428591147911 ], [ 25.198682099109668, 60.246546493485653 ], [ 25.203214406179196, 60.246749521436811 ], [ 25.209016201866195, 60.247009183636038 ], [ 25.209263576974742, 60.247287871214041 ], [ 25.208315578919876, 60.24783880951874 ], [ 25.207636093818618, 60.248224224034971 ], [ 25.207557186662243, 60.24834614037637 ], [ 25.207451184001563, 60.248509914317353 ], [ 25.206886903516633, 60.249381695559308 ], [ 25.206173806563484, 60.248755314053547 ], [ 25.206131071800119, 60.248717763775076 ], [ 25.204738568079964, 60.249205874890549 ], [ 25.203680208941591, 60.249576844108319 ], [ 25.202640069658447, 60.249941409919138 ], [ 25.20195505625491, 60.250181500606367 ], [ 25.201550111359921, 60.250010073588548 ], [ 25.201487666489832, 60.249983647979356 ], [ 25.20139055372513, 60.25002058351042 ], [ 25.201353475911983, 60.250034689769222 ], [ 25.200781848998751, 60.250251845370769 ], [ 25.200449055098275, 60.250378267076378 ], [ 25.199722451836351, 60.250655008691588 ], [ 25.200429255461739, 60.250772914661795 ], [ 25.201132716380577, 60.250890259181404 ], [ 25.200810796226808, 60.251062507490509 ], [ 25.200730747388132, 60.251128742552524 ], [ 25.200657031680056, 60.251189737093014 ], [ 25.200617890080697, 60.251243062697142 ], [ 25.200605918101825, 60.251304176030239 ], [ 25.200627660888941, 60.251359798566426 ], [ 25.20068913080252, 60.251418344823961 ], [ 25.200818672906692, 60.251487174734592 ], [ 25.201148253167869, 60.251609861704914 ], [ 25.201330441711278, 60.251653094509166 ], [ 25.201546006224902, 60.25169715599062 ], [ 25.201801620961422, 60.251736412783238 ], [ 25.202331236162745, 60.251810277262642 ], [ 25.202576084698645, 60.251895785512907 ], [ 25.201856055512877, 60.252135866166114 ], [ 25.20138155579281, 60.252305947120419 ], [ 25.201608941716501, 60.252482392301658 ], [ 25.202103371985025, 60.252307814967182 ], [ 25.20278501240907, 60.252081523908451 ], [ 25.203041706743502, 60.25227986393395 ], [ 25.203110596635543, 60.252345008503077 ], [ 25.202552639233215, 60.25256602537263 ], [ 25.202648177361709, 60.252619583629141 ], [ 25.202851060703527, 60.252734437501658 ], [ 25.203126823865116, 60.252866583701781 ], [ 25.203271594154707, 60.252874247901026 ], [ 25.20341848849084, 60.252935813766854 ], [ 25.203565088246322, 60.252997256061938 ], [ 25.203803099365679, 60.253084861093562 ], [ 25.204004013143138, 60.25314587397672 ], [ 25.204415085655523, 60.253252526871812 ], [ 25.205006945659733, 60.253406064081304 ], [ 25.205187830295415, 60.253413398477427 ], [ 25.205541210547064, 60.253440646807164 ], [ 25.205604424126449, 60.253445522184045 ], [ 25.206001644012233, 60.253441914140112 ], [ 25.206218638817006, 60.253448919152241 ], [ 25.206327935021925, 60.253456956428039 ], [ 25.206435964698311, 60.253464896854084 ], [ 25.206672995526365, 60.253525577593884 ], [ 25.206820081772712, 60.253596051030485 ], [ 25.206987536202995, 60.253729173733973 ], [ 25.207169081828226, 60.253754452417866 ], [ 25.207349308187879, 60.253743836883395 ], [ 25.207586145210509, 60.253787292592882 ], [ 25.20759660064002, 60.253789397575744 ], [ 25.207606771234897, 60.253791822863754 ], [ 25.207616617312038, 60.25379455899855 ], [ 25.207626100454419, 60.253797595302174 ], [ 25.207635183661768, 60.253800919927457 ], [ 25.207643831493332, 60.253804519901621 ], [ 25.207652010207763, 60.253808381182722 ], [ 25.207659687893571, 60.25381248870228 ], [ 25.207666834594164, 60.253816826432079 ], [ 25.207673422424836, 60.253821377451153 ], [ 25.207679425681583, 60.253826124000405 ], [ 25.20768935904113, 60.253833925008756 ], [ 25.207700344778591, 60.253841369351747 ], [ 25.207712331237904, 60.253848422029904 ], [ 25.207725262057053, 60.253855049879185 ], [ 25.207739076434247, 60.253861221733303 ], [ 25.207753709412003, 60.253866908572249 ], [ 25.207769092184357, 60.253872083655835 ], [ 25.207785152418897, 60.25387672264808 ], [ 25.207801814598088, 60.253880803737395 ], [ 25.207819000373632, 60.253884307731305 ], [ 25.207836628934942, 60.253887218157814 ], [ 25.20785461738949, 60.253889521328396 ], [ 25.207872881152458, 60.253891206411645 ], [ 25.207891334344499, 60.253892265488034 ], [ 25.207909890194784, 60.253892693575644 ], [ 25.207928461450845, 60.253892488660306 ], [ 25.207946960787115, 60.253891651707534 ], [ 25.208006030726132, 60.253887960070585 ], [ 25.208099146793927, 60.25387684987907 ], [ 25.20813264535429, 60.253873443839169 ], [ 25.208166530481495, 60.253871170645084 ], [ 25.208200647249132, 60.253870040695695 ], [ 25.208234839672571, 60.253870059155929 ], [ 25.208268951420731, 60.253871225936926 ], [ 25.208302826531515, 60.253873535709886 ], [ 25.208336310124619, 60.253876977911396 ], [ 25.208355831032687, 60.253878998250975 ], [ 25.208375574657449, 60.253880384569598 ], [ 25.208395457716009, 60.253881131026013 ], [ 25.208415396338349, 60.253881234467876 ], [ 25.208435306419005, 60.25388069445917 ], [ 25.208455103974057, 60.253879513277433 ], [ 25.208474705493344, 60.25387769590472 ], [ 25.208494028293735, 60.253875250008718 ], [ 25.208512990868623, 60.253872185904626 ], [ 25.208531513229889, 60.253868516521301 ], [ 25.208549517247054, 60.253864257330832 ], [ 25.208566926976236, 60.253859426305887 ], [ 25.208583668979944, 60.253854043819054 ], [ 25.208599672637863, 60.253848132578653 ], [ 25.208614870444105, 60.253841717515797 ], [ 25.208629198292229, 60.253834825693218 ], [ 25.20864259574503, 60.253827486180327 ], [ 25.208699348500947, 60.253794290501034 ], [ 25.208760007062466, 60.253842744634788 ], [ 25.209264850480864, 60.254246024001127 ], [ 25.209579558877969, 60.254497412882003 ], [ 25.210208285093973, 60.255000641843843 ], [ 25.210958048329413, 60.255051361769574 ], [ 25.214120960797878, 60.255265331042203 ], [ 25.214873055271163, 60.255691762143634 ], [ 25.216179670142431, 60.256432622057652 ], [ 25.218623453776431, 60.25636801777511 ], [ 25.220959514275137, 60.256306225147796 ], [ 25.221485263868569, 60.256292314366597 ], [ 25.221536008251498, 60.256290967783841 ], [ 25.221828391767136, 60.255460021456791 ], [ 25.222093528478432, 60.255499087761564 ], [ 25.221807609433039, 60.256318243748474 ], [ 25.22272019174877, 60.256446104092085 ], [ 25.223339695885539, 60.256531533963113 ], [ 25.223531951938725, 60.25655984275047 ], [ 25.224400365455381, 60.256682847406701 ], [ 25.22525048831503, 60.256799129744003 ], [ 25.225228155084341, 60.256833265896979 ], [ 25.226161828418981, 60.25689879223092 ], [ 25.226809607364132, 60.256954457420854 ], [ 25.227820451598802, 60.256892090440054 ], [ 25.228941582645799, 60.256836783136691 ], [ 25.23096783754891, 60.256734057096864 ], [ 25.231688804081518, 60.256715033525673 ], [ 25.232698961318601, 60.256636824082761 ], [ 25.232967980768407, 60.256615996277766 ], [ 25.233497534492091, 60.256574991202278 ], [ 25.232166796774383, 60.257610388066901 ], [ 25.231376321703291, 60.258224838359389 ], [ 25.230365574420873, 60.259010528294915 ], [ 25.229286948977109, 60.259850183042396 ], [ 25.229098262683635, 60.259997596756754 ], [ 25.228856597287635, 60.259923258632192 ], [ 25.228054441102117, 60.260562740284264 ], [ 25.227702922289765, 60.260843060267383 ], [ 25.227358277903956, 60.261117901544324 ], [ 25.227636376102733, 60.261228136093749 ], [ 25.228197461563774, 60.261384609776933 ], [ 25.22857362132503, 60.261391958130972 ], [ 25.229784500420877, 60.261411969431336 ], [ 25.229941028419372, 60.261413589613092 ], [ 25.230234340186929, 60.26143117664531 ], [ 25.230611139701914, 60.261418646694054 ], [ 25.230655503090905, 60.261690847675766 ], [ 25.230699642983318, 60.262155808119076 ], [ 25.231576618516513, 60.262515025353629 ], [ 25.232560333019627, 60.262549371154314 ], [ 25.23188680504564, 60.26530531190901 ], [ 25.232077716408007, 60.265695233654874 ], [ 25.231741546827532, 60.267198715980498 ], [ 25.231921446804588, 60.267475309254152 ], [ 25.232574620555752, 60.268479414439831 ], [ 25.234473584802757, 60.271398380139814 ], [ 25.234833511425116, 60.271951633961045 ], [ 25.234840819813201, 60.271962867138519 ], [ 25.237609565887503, 60.271921925281973 ], [ 25.238791742715399, 60.271904798598122 ], [ 25.239639248695013, 60.271892510916089 ], [ 25.2403057313464, 60.271882618738651 ], [ 25.240591708294161, 60.271878501964174 ], [ 25.241588686207361, 60.271863866701523 ], [ 25.243270537537519, 60.271839121755967 ], [ 25.24298582876332, 60.27229738521568 ], [ 25.24567209875158, 60.27271750108271 ], [ 25.250903470150131, 60.273518487049692 ], [ 25.251334133128832, 60.274198313381717 ], [ 25.251744339107894, 60.274869192724815 ], [ 25.251761331108032, 60.274893825652661 ], [ 25.252113370274397, 60.27546715875728 ], [ 25.250801444871655, 60.275362454115509 ], [ 25.250550233257705, 60.275315449513378 ], [ 25.249236323758588, 60.275221892206311 ], [ 25.248347175188687, 60.27517639383197 ], [ 25.247261978373885, 60.275060919330897 ], [ 25.247189584311915, 60.275056392269903 ], [ 25.245156002718069, 60.274859859059987 ], [ 25.244413109660375, 60.274762695832003 ], [ 25.243086458743427, 60.274618031515935 ], [ 25.242413360990255, 60.274454676284797 ], [ 25.241215451037693, 60.274272884033962 ], [ 25.238761530219847, 60.273853258695794 ], [ 25.23823031159867, 60.27366522057568 ], [ 25.237130023643402, 60.273434906666189 ], [ 25.235703959572422, 60.273287505430467 ], [ 25.234373209769945, 60.272935439271798 ], [ 25.234036323318847, 60.272963704201388 ], [ 25.233725114649936, 60.272954028332641 ], [ 25.233350641714019, 60.272944041044461 ], [ 25.233130303378431, 60.272755788805007 ], [ 25.232801658402568, 60.272618808283887 ], [ 25.232544617571929, 60.272607729695892 ], [ 25.231953275358649, 60.272549483300836 ], [ 25.231785589833478, 60.272415496002999 ], [ 25.229640365909681, 60.272076320126089 ], [ 25.227567925499329, 60.271797476932939 ], [ 25.226356487669879, 60.271683896944808 ], [ 25.225744535485454, 60.271653640455639 ], [ 25.225637172329751, 60.271585513391827 ], [ 25.224254997612977, 60.271448355803692 ], [ 25.223320345704792, 60.271245126775028 ], [ 25.222157819540143, 60.271085278703033 ], [ 25.221605899048527, 60.271016750393201 ], [ 25.219851332937722, 60.270729477289173 ], [ 25.219669516131724, 60.270699730470866 ], [ 25.218991845602972, 60.270359465419837 ], [ 25.218650055578763, 60.270352727943575 ], [ 25.218556662795535, 60.270263256644775 ], [ 25.218266472294118, 60.270202706916749 ], [ 25.218085319711808, 60.270181972564735 ], [ 25.2177827557258, 60.270112748586662 ], [ 25.216054309287159, 60.269598910620225 ], [ 25.214186363839204, 60.2688710025365 ], [ 25.213591915766326, 60.268667036720124 ], [ 25.212792537322755, 60.268511184991361 ], [ 25.211963008086915, 60.268522447056462 ], [ 25.21115290326415, 60.268489712769146 ], [ 25.210637408935266, 60.268536682432412 ], [ 25.209456090969336, 60.268215834322923 ], [ 25.209024223343597, 60.268121197498331 ], [ 25.209027049902623, 60.268116504335168 ], [ 25.208904011109116, 60.268009594338608 ], [ 25.208533547700501, 60.267874811384026 ], [ 25.208080745669623, 60.267693427230121 ], [ 25.208195637174402, 60.267300493688865 ], [ 25.208259040568677, 60.266856370950755 ], [ 25.20800525807083, 60.266554247738533 ], [ 25.207838329164474, 60.266344616319671 ], [ 25.206838859022803, 60.266064719874457 ], [ 25.205900997778304, 60.265972372277048 ], [ 25.205180422807096, 60.265877777102887 ], [ 25.204932190186611, 60.26578315730756 ], [ 25.204222737969054, 60.265705898080903 ], [ 25.203871731928857, 60.265575163162453 ], [ 25.202940453501711, 60.265375513140881 ], [ 25.201157534583604, 60.26527977947665 ], [ 25.199523556768447, 60.265237782175937 ], [ 25.198383325329914, 60.265196768511856 ], [ 25.196814554541998, 60.265259944495796 ], [ 25.195621352272525, 60.265284856489124 ], [ 25.194473682338824, 60.265350954301653 ], [ 25.193121289209589, 60.265344862410167 ], [ 25.191621907518467, 60.265255627540085 ], [ 25.190537758957841, 60.26515961913401 ], [ 25.189791828032746, 60.265208915217876 ], [ 25.18935231437548, 60.265139362625732 ], [ 25.189176710614358, 60.265126367068497 ], [ 25.188679378209258, 60.265089555831672 ], [ 25.188000154758004, 60.264974435643737 ], [ 25.18740851807971, 60.264792149863062 ], [ 25.186549285557557, 60.264675670455496 ], [ 25.185948250219912, 60.264544347933565 ], [ 25.185444519990131, 60.264521153617729 ], [ 25.184306025770084, 60.264283423702523 ], [ 25.183986172828746, 60.264213235796909 ], [ 25.183623753467913, 60.264123966081563 ], [ 25.183247533508251, 60.264152864810541 ], [ 25.183061185465107, 60.26416131178506 ], [ 25.182135084057794, 60.263924596009367 ], [ 25.181205776572355, 60.263746006900504 ], [ 25.180372213757376, 60.263694237384279 ], [ 25.179840624829264, 60.263593750627344 ], [ 25.179593877354066, 60.263562425829676 ], [ 25.179145817694849, 60.263475035902282 ], [ 25.178747518330351, 60.263513829922111 ], [ 25.178484671630368, 60.263484916657767 ], [ 25.177957448289341, 60.263345328028571 ], [ 25.177914469918896, 60.263310702230584 ], [ 25.177618628011675, 60.263072357944459 ], [ 25.177459274647141, 60.262986234543639 ], [ 25.177152369077149, 60.262809420932143 ], [ 25.176362869742629, 60.262730568787866 ], [ 25.175975317336867, 60.262615550585693 ], [ 25.175597477324011, 60.262578780627663 ], [ 25.17499836576409, 60.262640454692857 ], [ 25.174752937358409, 60.262729658791088 ], [ 25.174649724731861, 60.262846563643144 ], [ 25.174388163728143, 60.26285627759848 ], [ 25.173547074047733, 60.263859257062315 ], [ 25.173256029995386, 60.263893011824997 ], [ 25.173069492048512, 60.26321311967029 ], [ 25.173444289720475, 60.26265931135265 ], [ 25.173601527424026, 60.262393902768835 ], [ 25.172497293448973, 60.262220399789797 ], [ 25.17185600600828, 60.262176628265067 ], [ 25.171391352133401, 60.262172802094319 ], [ 25.171002977529348, 60.262161515431522 ], [ 25.169200638010281, 60.26210913182161 ], [ 25.168495604345974, 60.262127823581523 ], [ 25.168097687148624, 60.262073750633384 ], [ 25.166324317919521, 60.262114328717772 ], [ 25.166003106075333, 60.262166733681113 ], [ 25.165291755061396, 60.262161246655715 ], [ 25.163207955770684, 60.262342030804462 ], [ 25.162946299191951, 60.262439228228999 ], [ 25.16250179176286, 60.262477301416986 ], [ 25.162273708108266, 60.262419300787677 ], [ 25.160961328722578, 60.262562830144347 ], [ 25.159892516992297, 60.262647409596809 ], [ 25.159322814449258, 60.262758832774018 ], [ 25.158463615961487, 60.262802962950694 ], [ 25.158158169733365, 60.262755002082379 ], [ 25.156042553055649, 60.262828172814032 ], [ 25.155475081453801, 60.262925853571396 ], [ 25.155412356443492, 60.26291731964681 ], [ 25.154723042733185, 60.26281767979561 ], [ 25.154636813759829, 60.262722877794829 ], [ 25.153869380844455, 60.262695959091417 ], [ 25.153571616585328, 60.262679704770001 ], [ 25.152828233119553, 60.262562881380603 ], [ 25.152793918146664, 60.262559085706187 ], [ 25.15125616330312, 60.262385065966249 ], [ 25.15082202972809, 60.262394762101223 ], [ 25.150105095319361, 60.262315636487031 ], [ 25.149701620696128, 60.26224135165117 ], [ 25.147781608510162, 60.261942132061492 ], [ 25.146389195398967, 60.261731361904545 ], [ 25.145836439571251, 60.261617772459786 ], [ 25.145699574471323, 60.26161987751027 ], [ 25.144227581578907, 60.261327109659113 ], [ 25.144139942538771, 60.261314652810867 ], [ 25.144323765232294, 60.260749545985149 ], [ 25.144271090679059, 60.260671239620599 ], [ 25.144020449287421, 60.260298676489086 ], [ 25.14407730845215, 60.260190892907588 ], [ 25.144161238015752, 60.260040689433112 ], [ 25.144297746383309, 60.259799751019493 ], [ 25.144490752578218, 60.259456162965023 ], [ 25.144573373492356, 60.259309066098957 ], [ 25.144627508911185, 60.259239780423805 ], [ 25.144703687859707, 60.259188529074372 ], [ 25.145002608041832, 60.259070392820654 ], [ 25.145438367359439, 60.258903307218063 ], [ 25.146014287780996, 60.258679727981189 ], [ 25.146209647731254, 60.258606220470291 ], [ 25.146424789697338, 60.258525672149887 ], [ 25.146556648298301, 60.258465930485954 ], [ 25.146597103242748, 60.258440683098996 ], [ 25.146647734812365, 60.25840906992638 ], [ 25.146727757293718, 60.258337941774307 ], [ 25.146805308142909, 60.258299809629122 ], [ 25.147055179506026, 60.258247323651098 ], [ 25.147397519077504, 60.258196861752459 ], [ 25.147526459691694, 60.258151644448276 ], [ 25.147658339511498, 60.258093382590829 ], [ 25.147739103402348, 60.258067201469053 ], [ 25.147850062205123, 60.258056011391552 ], [ 25.148033065091237, 60.258035657892592 ], [ 25.148098241568825, 60.258021592676521 ], [ 25.148213011185213, 60.257998415975131 ], [ 25.148316631695767, 60.25801413277226 ], [ 25.148424347972618, 60.258116663311903 ], [ 25.148541677507502, 60.25820003862431 ], [ 25.14861405393178, 60.258296029614272 ], [ 25.148769601916751, 60.258362972989246 ], [ 25.148894024472249, 60.25837714022353 ], [ 25.149004783789572, 60.2583179313729 ], [ 25.149102332050248, 60.258193576342101 ], [ 25.149383626246731, 60.258204371671916 ], [ 25.149856034904246, 60.258231553449043 ], [ 25.150085265835902, 60.25821201734982 ], [ 25.150334072837115, 60.258200498798601 ], [ 25.150473538978364, 60.258198438069364 ], [ 25.150543237388256, 60.25817805686944 ], [ 25.150642631057575, 60.25809111677512 ], [ 25.150737319496894, 60.258025884303684 ], [ 25.150795367826539, 60.257987924539229 ], [ 25.150767938144682, 60.257959871863584 ], [ 25.150649314976192, 60.257922274183578 ], [ 25.150572696088933, 60.257898657224096 ], [ 25.150514404052888, 60.257865837682466 ], [ 25.150502169985323, 60.257844822340267 ], [ 25.150498951515733, 60.257828329323466 ], [ 25.150501709261835, 60.257815276061983 ], [ 25.150508696619784, 60.257806840303829 ], [ 25.150545057008785, 60.257791496143234 ], [ 25.150605429267085, 60.257773889884113 ], [ 25.150619281543193, 60.257769700642761 ], [ 25.150671716030867, 60.257758098879791 ], [ 25.150732654074208, 60.257749655737179 ], [ 25.150820151191287, 60.257746917643765 ], [ 25.150832597934716, 60.257747379199635 ], [ 25.150891724042296, 60.25774947508468 ], [ 25.150949078190656, 60.257759004534577 ], [ 25.151012249051508, 60.257776542318851 ], [ 25.151049100132223, 60.257781517619179 ], [ 25.151089350086387, 60.257779353651323 ], [ 25.151125095812162, 60.257771791645936 ], [ 25.151171636401891, 60.257751149255597 ], [ 25.151215866410212, 60.257726892420102 ], [ 25.151250904128418, 60.257702906324631 ], [ 25.151299959523005, 60.257675385918262 ], [ 25.151362758221456, 60.257647508766603 ], [ 25.151428096037769, 60.25762974389189 ], [ 25.151492816170961, 60.257622947548704 ], [ 25.151603412309207, 60.257615955202581 ], [ 25.151627125691146, 60.257615578090238 ], [ 25.151685948757248, 60.257614676205748 ], [ 25.151711040886795, 60.257611703631781 ], [ 25.151758806112447, 60.257606030494109 ], [ 25.15177706509628, 60.257601809169586 ], [ 25.151811609092469, 60.257593798688184 ], [ 25.151864708535797, 60.257580069436273 ], [ 25.151926227117325, 60.257560621320685 ], [ 25.151982553570956, 60.257539375076611 ], [ 25.152062202469207, 60.25749969369194 ], [ 25.15210989001751, 60.257469535802549 ], [ 25.152159312795835, 60.257424108862431 ], [ 25.152196718602298, 60.257381316474778 ], [ 25.152223375904565, 60.25733815045843 ], [ 25.152244633345795, 60.25729122996178 ], [ 25.152261479264553, 60.257243354158817 ], [ 25.152270595454929, 60.257195621847082 ], [ 25.152274624831605, 60.257118187006689 ], [ 25.152279628860445, 60.257091174483506 ], [ 25.152290296849085, 60.257066471101155 ], [ 25.1523473302104, 60.257038223127374 ], [ 25.152406608715594, 60.257022843183641 ], [ 25.152472641085975, 60.257015003716191 ], [ 25.152579234112817, 60.257009899971827 ], [ 25.152746043453263, 60.256989172634015 ], [ 25.152783552468605, 60.256980432383109 ], [ 25.152806171338874, 60.256807290075685 ], [ 25.15300278886334, 60.256830893196458 ], [ 25.153091897407649, 60.256833438220092 ], [ 25.15319930875765, 60.256787145215903 ], [ 25.153306482714331, 60.25672877159559 ], [ 25.153423798944491, 60.256664875313653 ], [ 25.153463306568675, 60.256643351681525 ], [ 25.153577922625598, 60.256623931175483 ], [ 25.153848970997998, 60.256674687087511 ], [ 25.15391151487378, 60.256681893609063 ], [ 25.153981353708229, 60.256642554522074 ], [ 25.154029164427005, 60.256546974564969 ], [ 25.154146016303905, 60.256450048940444 ], [ 25.154224762718535, 60.256384724757744 ], [ 25.154253728138052, 60.256360709013258 ], [ 25.154289358609503, 60.256298423656112 ], [ 25.154304913582521, 60.25623410626612 ], [ 25.15444047322428, 60.256102352277665 ], [ 25.154578234094696, 60.255893730792636 ], [ 25.154583148298912, 60.255886419147039 ], [ 25.154592300336052, 60.255873905847082 ], [ 25.154598006963543, 60.25586611758547 ], [ 25.154618016069389, 60.255838818236988 ], [ 25.154642080829881, 60.255805994329528 ], [ 25.15467678694181, 60.255758617975054 ], [ 25.154715770060626, 60.255725857453584 ], [ 25.154707087852131, 60.255669493470698 ], [ 25.154676109791293, 60.255638026121574 ], [ 25.154577749664526, 60.255568725392301 ], [ 25.154502035616705, 60.255525758811004 ], [ 25.15440444234223, 60.255408205641409 ], [ 25.154395572138132, 60.255346304070734 ], [ 25.154457556083411, 60.25527731933682 ], [ 25.154499866716751, 60.255230230365001 ], [ 25.154506637463147, 60.255222153657527 ], [ 25.154521995052175, 60.25520046931954 ], [ 25.154565950666033, 60.255138407546625 ], [ 25.154626675369087, 60.255093621710444 ], [ 25.154694789906635, 60.255068680687017 ], [ 25.154819011293085, 60.255057639851756 ], [ 25.154856244153823, 60.255040722798782 ], [ 25.154956366623693, 60.254913694703411 ], [ 25.155001560251467, 60.254888376376876 ], [ 25.155105398776886, 60.254867566968933 ], [ 25.155232572139095, 60.254877515616251 ], [ 25.155316194931164, 60.254904990074159 ], [ 25.155392421158307, 60.254930345979957 ], [ 25.155559995556253, 60.254955478179618 ], [ 25.155688458375622, 60.254947815264266 ], [ 25.155789237209287, 60.254902667788507 ], [ 25.155886459885021, 60.254819944664142 ], [ 25.155965267406152, 60.254719651432346 ], [ 25.156038426271863, 60.25466968054468 ], [ 25.156607352295001, 60.254483248162941 ], [ 25.156843215139119, 60.254411167055125 ], [ 25.15688462558175, 60.254376940039649 ], [ 25.156954336640514, 60.254316444642207 ], [ 25.156987449173499, 60.254269195207627 ], [ 25.157046389101154, 60.254214779824707 ], [ 25.157143348879195, 60.254142350794083 ], [ 25.157303038705269, 60.254052901949656 ], [ 25.157402836061095, 60.254018776120581 ], [ 25.157496992940803, 60.25399100247261 ], [ 25.157605398022206, 60.253940513209216 ], [ 25.157694169117786, 60.253878190749695 ], [ 25.157103641107067, 60.253608230356214 ], [ 25.157128091313833, 60.253325002470994 ], [ 25.157156385366243, 60.253067663881588 ], [ 25.157193441587296, 60.252773087874566 ], [ 25.157196414638463, 60.25274945856053 ], [ 25.15721432223182, 60.252512522415586 ], [ 25.157237259723093, 60.252251260713066 ], [ 25.157257630867374, 60.252104154942892 ], [ 25.157301704383038, 60.251775293711248 ], [ 25.157395153927382, 60.251070833836387 ], [ 25.158326485466279, 60.250980780883857 ], [ 25.158632457628357, 60.250953633249651 ], [ 25.158995733647444, 60.250722828537214 ], [ 25.159129634330913, 60.250749019741626 ], [ 25.159401003256853, 60.250372313094047 ], [ 25.159677756156974, 60.249990043650676 ], [ 25.159852150372302, 60.249736845694002 ], [ 25.159730982629149, 60.24951389130797 ], [ 25.15958561247681, 60.249211471241146 ], [ 25.159883078350131, 60.24881716737849 ], [ 25.160083718264186, 60.248570775776585 ], [ 25.161052506155901, 60.248745170053439 ], [ 25.164199519610278, 60.249291273611711 ], [ 25.164385687597225, 60.249330904565227 ], [ 25.168958157013233, 60.250143744299386 ], [ 25.169194345369309, 60.250128209673576 ], [ 25.169260740069436, 60.250191248678469 ], [ 25.169376324840556, 60.250134791736187 ], [ 25.169457657983475, 60.250084025701582 ] ] ] } },
{ "type": "Feature", "properties": { "id": 111440, "aluejako": "KAUPUNGINOSA", "kunta": "091", "tunnus": "21", "nimi_fi": "HERMANNI", "nimi_se": "HERMANSTAD", "yhtluontipvm": "2009-12-30", "yhtmuokkauspvm": "2024-05-30", "yhtdatanomistaja": "Helsinki/Kami", "paivitetty_tietopalveluun": "2025-11-21" }, "geometry": { "type": "Polygon", "coordinates": [ [ [ 24.96229188941755, 60.197589554771 ], [ 24.962295080301462, 60.197573216703638 ], [ 24.962298530785624, 60.197556891717667 ], [ 24.962302240654058, 60.197540580838876 ], [ 24.962306209673688, 60.197524285084043 ], [ 24.962310437596194, 60.197508005472962 ], [ 24.962314924155883, 60.197491743032636 ], [ 24.962319669071501, 60.197475498773272 ], [ 24.962333229161754, 60.197421290236356 ], [ 24.962348444452907, 60.197367190690755 ], [ 24.962365311413787, 60.197313212663104 ], [ 24.962383826131024, 60.19725936865126 ], [ 24.962403984310676, 60.197205671118184 ], [ 24.962425781276888, 60.19715213250057 ], [ 24.962449211975851, 60.197098765188287 ], [ 24.962544818475379, 60.196888686129085 ], [ 24.962584710485366, 60.196801029245918 ], [ 24.96292329424686, 60.196056986216725 ], [ 24.962963202315045, 60.195969285234064 ], [ 24.963158375044703, 60.19554036553982 ], [ 24.963326268828524, 60.19517140805651 ], [ 24.96336509678008, 60.19512570256272 ], [ 24.963743514885504, 60.194680109470866 ], [ 24.963978419923368, 60.19440350390753 ], [ 24.964020879601346, 60.194353497291068 ], [ 24.964217802833723, 60.194121609918554 ], [ 24.964442458483393, 60.193857069974804 ], [ 24.964659426878608, 60.193601578392624 ], [ 24.96467941479348, 60.193578043917618 ], [ 24.964739372962239, 60.193507436882427 ], [ 24.964792767281175, 60.193438850419895 ], [ 24.964837704349691, 60.193368777156167 ], [ 24.964874018606377, 60.193297475350874 ], [ 24.964901576271828, 60.193225207783726 ], [ 24.96492027584204, 60.193152240791505 ], [ 24.96493004845917, 60.193078843295197 ], [ 24.964930858167712, 60.193005285786739 ], [ 24.964921978844711, 60.192810605943464 ], [ 24.96489382308139, 60.192249120278461 ], [ 24.964887336899686, 60.192119607898668 ], [ 24.964885921456293, 60.192091308956847 ], [ 24.964879862325411, 60.191970440005704 ], [ 24.96481064342079, 60.19058963827964 ], [ 24.964808583903896, 60.190548534837994 ], [ 24.964797152525296, 60.190501380378954 ], [ 24.96476424937304, 60.190365641880767 ], [ 24.964695678605224, 60.190082689051536 ], [ 24.964631993606918, 60.189819889073036 ], [ 24.964526405130261, 60.189601886699556 ], [ 24.964507379541345, 60.189562598921007 ], [ 24.964480201748255, 60.189506477364986 ], [ 24.964336994695124, 60.189210783446995 ], [ 24.967216538562749, 60.188806869199865 ], [ 24.968197778062343, 60.188643325708149 ], [ 24.968702060613591, 60.189139225075948 ], [ 24.969527156095513, 60.189954717670517 ], [ 24.969673906139814, 60.190119591028463 ], [ 24.971881374788516, 60.189564919533652 ], [ 24.974051412107404, 60.189019599398847 ], [ 24.974373220896268, 60.188938727989665 ], [ 24.974551711488466, 60.189115046651139 ], [ 24.975059285073193, 60.189616388450553 ], [ 24.975421933033271, 60.189974593936455 ], [ 24.975557844978358, 60.190108837358657 ], [ 24.975987396267037, 60.190533108119745 ], [ 24.976139833487039, 60.190683669425958 ], [ 24.976287614136254, 60.190829636105811 ], [ 24.97669333366407, 60.191230355973303 ], [ 24.977330342141748, 60.191859482824583 ], [ 24.977626540164863, 60.192152008485245 ], [ 24.977752420200819, 60.192276326502551 ], [ 24.978007560769296, 60.192528297993618 ], [ 24.978552121430958, 60.192598612568737 ], [ 24.97875315072757, 60.192624563213514 ], [ 24.980620716988081, 60.192865689034157 ], [ 24.98324840192069, 60.193190802300428 ], [ 24.985061707644309, 60.193415121466558 ], [ 24.984056660640764, 60.195429203832042 ], [ 24.984655809967805, 60.195984443998519 ], [ 24.987018470298104, 60.195313472165559 ], [ 24.988104660176113, 60.195453750097236 ], [ 24.997972872756431, 60.198266823264682 ], [ 24.980528566164669, 60.200479940962161 ], [ 24.974623070810395, 60.201228567691892 ], [ 24.96777187592394, 60.200335364402243 ], [ 24.967377955084395, 60.200399873912623 ], [ 24.96608969032668, 60.200610819101492 ], [ 24.965642628860476, 60.200684018687973 ], [ 24.965433773111968, 60.200718216334685 ], [ 24.96510702927042, 60.200771711210159 ], [ 24.964815650255161, 60.20081941296948 ], [ 24.96382996508034, 60.200980781278375 ], [ 24.963554825504598, 60.201025829772114 ], [ 24.963101216730227, 60.199905631272834 ], [ 24.962680362436974, 60.19886625923494 ], [ 24.962463270524662, 60.198469354429285 ], [ 24.962459867498531, 60.198464484854497 ], [ 24.962456690118163, 60.198459577638779 ], [ 24.962453740060521, 60.198454635377054 ], [ 24.962451018883378, 60.198449660677028 ], [ 24.962448528023582, 60.198444656162543 ], [ 24.962446268795556, 60.198439624480393 ], [ 24.962444242392415, 60.198434568284029 ], [ 24.962348383897798, 60.198180194407207 ], [ 24.962311585563999, 60.19806467593115 ], [ 24.962292016265724, 60.197974040359128 ], [ 24.962283214604554, 60.197919211273778 ], [ 24.962277337357289, 60.197864285254624 ], [ 24.962274388644595, 60.197809300952642 ], [ 24.962274370527357, 60.197754297056107 ], [ 24.962277283003377, 60.19769931227389 ], [ 24.96228312400822, 60.197644385296826 ], [ 24.96229188941755, 60.197589554771 ] ] ] } },
{ "type": "Feature", "properties": { "id": 111441, "aluejako": "KAUPUNGINOSA", "kunta": "091", "tunnus": "30", "nimi_fi": "MUNKKINIEMI", "nimi_se": "MUNKSNÄS", "yhtluontipvm": "2009-12-30", "yhtmuokkauspvm": "2025-02-11", "yhtdatanomistaja": "Helsinki/Kami", "paivitetty_tietopalveluun": "2025-11-21" }, "geometry": { "type": "Polygon", "coordinates": [ [ [ 24.874647085925627, 60.213804210412611 ], [ 24.874553520671459, 60.213765706369372 ], [ 24.874456578210719, 60.213729329782652 ], [ 24.874356453759745, 60.213695153903451 ], [ 24.87425334894013, 60.213663247549697 ], [ 24.874147471373146, 60.213633674964271 ], [ 24.874039034261095, 60.213606495699118 ], [ 24.873928255959029, 60.213581764476665 ], [ 24.874276862442567, 60.213466072407947 ], [ 24.874275697724524, 60.213310251144378 ], [ 24.873750791496771, 60.213313389529453 ], [ 24.872799396457332, 60.21293395078807 ], [ 24.871914154807634, 60.212673779755058 ], [ 24.871134452108276, 60.213330663510938 ], [ 24.869815967903438, 60.214441389401543 ], [ 24.869079579493512, 60.215061701930566 ], [ 24.869103936856725, 60.215240797561606 ], [ 24.869094109485822, 60.21524832760953 ], [ 24.869044989159264, 60.215285965119641 ], [ 24.868590010074151, 60.215634569856775 ], [ 24.867943450117171, 60.216129953053333 ], [ 24.866588190200041, 60.215545838964069 ], [ 24.864291877540197, 60.214556053642426 ], [ 24.863946583242107, 60.213560380514323 ], [ 24.86449503494643, 60.212439603852154 ], [ 24.864414148036794, 60.212276222010246 ], [ 24.861660682535064, 60.209865166852083 ], [ 24.861409823623152, 60.209953909549377 ], [ 24.860740411570315, 60.210124138699548 ], [ 24.859146523972964, 60.210847712039538 ], [ 24.858108881820669, 60.210205494596636 ], [ 24.857224031481934, 60.209696315143624 ], [ 24.856319829859913, 60.209175979277468 ], [ 24.856098675781887, 60.209048710744646 ], [ 24.855585163716473, 60.208943916030293 ], [ 24.854426089188696, 60.208707371652459 ], [ 24.851851663656696, 60.208181931611961 ], [ 24.851437169136165, 60.208097328171291 ], [ 24.851582652362275, 60.206449521815124 ], [ 24.849657709970696, 60.205341450541518 ], [ 24.846655561831213, 60.205938737060144 ], [ 24.846664418686654, 60.205791353186797 ], [ 24.84668797507079, 60.205604772750711 ], [ 24.846698489291413, 60.205496353021431 ], [ 24.846723380106539, 60.205240098033045 ], [ 24.846732472641079, 60.205146468122599 ], [ 24.846737903396104, 60.205045330539498 ], [ 24.846751208839681, 60.204953132582226 ], [ 24.846800531958994, 60.204445702081458 ], [ 24.846838568252867, 60.20405371814303 ], [ 24.846843795961682, 60.203999907632074 ], [ 24.846868957093037, 60.203735458324054 ], [ 24.84647631315805, 60.202965937559355 ], [ 24.846431835770556, 60.20287956058305 ], [ 24.846225674620214, 60.202475939886142 ], [ 24.845943172318947, 60.201922699847614 ], [ 24.844561814415194, 60.199217460428372 ], [ 24.843966706646043, 60.198051842417243 ], [ 24.843107487073258, 60.19636907777619 ], [ 24.842797014008681, 60.195760589539603 ], [ 24.842834539533648, 60.195132605879643 ], [ 24.843636903757194, 60.18102102712843 ], [ 24.843650252977397, 60.180786694124741 ], [ 24.84372289378009, 60.179428041549571 ], [ 24.844120034510958, 60.173565472965258 ], [ 24.857366446167539, 60.173253398311346 ], [ 24.85780105477539, 60.175847886707707 ], [ 24.868815154558717, 60.177673787444341 ], [ 24.873197676696584, 60.182279652466313 ], [ 24.87990370030975, 60.189324648466354 ], [ 24.880740495140966, 60.19020350502516 ], [ 24.881980405660276, 60.191505644446273 ], [ 24.883452456356935, 60.19243515289601 ], [ 24.883472659584857, 60.192447909758997 ], [ 24.883600034176379, 60.192528315119901 ], [ 24.8880993635435, 60.195368931598956 ], [ 24.888393794691087, 60.195554793799424 ], [ 24.89062143357717, 60.196960927966572 ], [ 24.890655174909174, 60.197154729746835 ], [ 24.891182506893564, 60.200183470141575 ], [ 24.891393403182516, 60.201394621619016 ], [ 24.883970698923349, 60.207385563411378 ], [ 24.883753982368049, 60.2075604414837 ], [ 24.882796936380835, 60.208332683454131 ], [ 24.88052242271068, 60.210167789384393 ], [ 24.880336552575724, 60.210317773009521 ], [ 24.88015884014867, 60.210470231974313 ], [ 24.88090801778387, 60.21124455775 ], [ 24.879817600249684, 60.211417799601385 ], [ 24.879740512259676, 60.211478495369278 ], [ 24.879334171770566, 60.211338042965089 ], [ 24.878566427446025, 60.211987988340219 ], [ 24.879108898334682, 60.212130941384082 ], [ 24.87893610322822, 60.21227722268921 ], [ 24.878822543405732, 60.212386050693411 ], [ 24.878803896613462, 60.212405528394775 ], [ 24.878787980479022, 60.212425597048032 ], [ 24.878774870081511, 60.212446161998919 ], [ 24.87876462726652, 60.212467126243688 ], [ 24.878757300353687, 60.212488390893796 ], [ 24.878752923909047, 60.212509855646694 ], [ 24.878751518581943, 60.212531419255299 ], [ 24.878753091005965, 60.212552980010393 ], [ 24.878757633771219, 60.212574436204989 ], [ 24.878765125454741, 60.212595686635829 ], [ 24.878775530725068, 60.212616631064421 ], [ 24.878788800506019, 60.212637170698351 ], [ 24.878804872210072, 60.212657208650839 ], [ 24.878862422737782, 60.212718178486547 ], [ 24.878926029939691, 60.212777639585127 ], [ 24.878995534607618, 60.212835443087684 ], [ 24.879070762766908, 60.212891444282143 ], [ 24.879151526110928, 60.212945502967024 ], [ 24.879237622472449, 60.212997483804031 ], [ 24.879328836330007, 60.213047256657937 ], [ 24.87923606079238, 60.213109066449938 ], [ 24.879207816014222, 60.213128103154901 ], [ 24.879199753343425, 60.213133619174805 ], [ 24.879191726106619, 60.213139147975731 ], [ 24.879183734385261, 60.213144689503579 ], [ 24.879175778261487, 60.213150243698685 ], [ 24.879167857815887, 60.213155810504489 ], [ 24.879159973129237, 60.213161389869846 ], [ 24.879152124282168, 60.213166981731042 ], [ 24.87827738684889, 60.213051996580333 ], [ 24.877197106846744, 60.213381055768551 ], [ 24.877023539565002, 60.214627932173933 ], [ 24.876746000444463, 60.214709050978222 ], [ 24.875728533690832, 60.214270431157807 ], [ 24.875573256949082, 60.214203487193345 ], [ 24.875334684772856, 60.214100635950658 ], [ 24.874867269272841, 60.213899133751184 ], [ 24.874648119589558, 60.213804655671012 ], [ 24.874647085925627, 60.213804210412611 ] ] ] } },
{ "type": "Feature", "properties": { "id": 111442, "aluejako": "KAUPUNGINOSA", "kunta": "091", "tunnus": "22", "nimi_fi": "VALLILA", "nimi_se": "VALLGÅRD", "yhtluontipvm": "2009-12-30", "yhtmuokkauspvm": "2024-05-30", "yhtdatanomistaja": "Helsinki/Kami", "paivitetty_tietopalveluun": "2025-11-21" }, "geometry": { "type": "Polygon", "coordinates": [ [ [ 24.963018863250987, 60.189127878220269 ], [ 24.963025555066324, 60.189127196807831 ], [ 24.963032231666222, 60.189126479340175 ], [ 24.963038892267399, 60.189125725900546 ], [ 24.963045536087638, 60.189124936576597 ], [ 24.963052162347637, 60.189124111461233 ], [ 24.963058770270163, 60.189123250648535 ], [ 24.963065359079369, 60.189122354246365 ], [ 24.963102024201714, 60.189117129992546 ], [ 24.963692368463207, 60.189035226251427 ], [ 24.9642108894122, 60.188963280278891 ], [ 24.964261334972939, 60.189054588197429 ], [ 24.964336994695124, 60.189210783446995 ], [ 24.964480201748255, 60.189506477364986 ], [ 24.964507379541345, 60.189562598921007 ], [ 24.964526405130261, 60.189601886699556 ], [ 24.964631993606918, 60.189819889073036 ], [ 24.964695678605224, 60.190082689051536 ], [ 24.96476424937304, 60.190365641880767 ], [ 24.964797152525296, 60.190501380378954 ], [ 24.964808583903896, 60.190548534837994 ], [ 24.96481064342079, 60.19058963827964 ], [ 24.964879862325411, 60.191970440005704 ], [ 24.964885921456293, 60.192091308956847 ], [ 24.964887336899686, 60.192119607898668 ], [ 24.96489382308139, 60.192249120278461 ], [ 24.964921978844711, 60.192810605943464 ], [ 24.964930858167712, 60.193005285786739 ], [ 24.96493004845917, 60.193078843295197 ], [ 24.96492027584204, 60.193152240791505 ], [ 24.964901576271828, 60.193225207783726 ], [ 24.964874018606377, 60.193297475350874 ], [ 24.964837704349691, 60.193368777156167 ], [ 24.964792767281175, 60.193438850419895 ], [ 24.964739372962239, 60.193507436882427 ], [ 24.96467941479348, 60.193578043917618 ], [ 24.964659426878608, 60.193601578392624 ], [ 24.964442458483393, 60.193857069974804 ], [ 24.964217802833723, 60.194121609918554 ], [ 24.964020879601346, 60.194353497291068 ], [ 24.963978419923368, 60.19440350390753 ], [ 24.963743514885504, 60.194680109470866 ], [ 24.96336509678008, 60.19512570256272 ], [ 24.963326268828524, 60.19517140805651 ], [ 24.963158375044703, 60.19554036553982 ], [ 24.962963202315045, 60.195969285234064 ], [ 24.96292329424686, 60.196056986216725 ], [ 24.962584710485366, 60.196801029245918 ], [ 24.962544818475379, 60.196888686129085 ], [ 24.962449213777639, 60.197098766086334 ], [ 24.962425783178507, 60.197152133296427 ], [ 24.962403986193944, 60.197205671802386 ], [ 24.962383827877225, 60.197259369213469 ], [ 24.962365312903394, 60.197313213092883 ], [ 24.962348445566402, 60.197367190981971 ], [ 24.962333229778935, 60.197421290385066 ], [ 24.962319669071501, 60.197475498773272 ], [ 24.962314924155876, 60.197491743032636 ], [ 24.962310437596194, 60.197508005472962 ], [ 24.962306209673688, 60.197524285084043 ], [ 24.962302240654058, 60.197540580838876 ], [ 24.962298530785624, 60.197556891717667 ], [ 24.962295080301459, 60.197573216703638 ], [ 24.96229188941755, 60.197589554771 ], [ 24.96228312400822, 60.197644385296826 ], [ 24.962277283003377, 60.19769931227389 ], [ 24.962274370527357, 60.197754297056107 ], [ 24.962274388644595, 60.197809300952642 ], [ 24.962277337357289, 60.197864285254624 ], [ 24.962283214604554, 60.197919211273778 ], [ 24.962292016265724, 60.197974040359128 ], [ 24.962311585563999, 60.19806467593115 ], [ 24.962348383897798, 60.198180194407207 ], [ 24.962444242392415, 60.198434568284029 ], [ 24.962446268795556, 60.198439624480393 ], [ 24.962448528023582, 60.198444656162543 ], [ 24.962451018883378, 60.198449660677028 ], [ 24.962453740060521, 60.198454635377054 ], [ 24.962456690118163, 60.198459577638779 ], [ 24.962459867498531, 60.198464484854497 ], [ 24.962463270524662, 60.198469354429285 ], [ 24.962680362436974, 60.19886625923494 ], [ 24.963101216730227, 60.199905631272834 ], [ 24.963554825504598, 60.201025829772114 ], [ 24.962441246321976, 60.201208076000313 ], [ 24.961577801712476, 60.201254974658497 ], [ 24.961524617138014, 60.201183439690354 ], [ 24.960609660201026, 60.201296732986016 ], [ 24.959680462163778, 60.201376287857698 ], [ 24.958742037620333, 60.201421674986747 ], [ 24.957799451040959, 60.201432649441429 ], [ 24.956857789392362, 60.201409152005013 ], [ 24.95592213463587, 60.201351309508979 ], [ 24.954997536255281, 60.201259434128133 ], [ 24.954088983956815, 60.201134021706089 ], [ 24.953201380701778, 60.200975749065456 ], [ 24.953022470755919, 60.200939323423796 ], [ 24.952844683250472, 60.200901560770752 ], [ 24.952668058508543, 60.20086246967454 ], [ 24.952492636588659, 60.200822058999549 ], [ 24.952318457277048, 60.200780337911404 ], [ 24.952145560076232, 60.200737315878747 ], [ 24.951973984198816, 60.200693002653743 ], [ 24.951903234024659, 60.200670998719865 ], [ 24.951831763249782, 60.200649579657416 ], [ 24.951759591384036, 60.200628751315421 ], [ 24.951686738129059, 60.200608519379678 ], [ 24.951613223372277, 60.200588889368703 ], [ 24.951539067181947, 60.200569866644173 ], [ 24.951464289800331, 60.200551456397633 ], [ 24.95132018774969, 60.200508637892121 ], [ 24.951177222853492, 60.200464885154673 ], [ 24.951035419551722, 60.200420205670305 ], [ 24.950894802085692, 60.200374607075801 ], [ 24.95075539449337, 60.200328097168622 ], [ 24.950617220605608, 60.200280683902683 ], [ 24.950480304042106, 60.200232375382917 ], [ 24.949607524722254, 60.199913495390128 ], [ 24.948642137070848, 60.200578010978518 ], [ 24.948414004653653, 60.200495882819112 ], [ 24.948117464560102, 60.200559958309199 ], [ 24.947583492786066, 60.200654816685081 ], [ 24.947448456969365, 60.200676200019522 ], [ 24.947310761802772, 60.200692859220496 ], [ 24.947171073394916, 60.200704713701427 ], [ 24.947030067500442, 60.200711706111107 ], [ 24.946888426248567, 60.200713802623092 ], [ 24.946746834842632, 60.200710993099797 ], [ 24.946605978244854, 60.200703291130118 ], [ 24.946466537861888, 60.200690733975968 ], [ 24.946329188247439, 60.200673382379783 ], [ 24.946194593837866, 60.200651320284742 ], [ 24.946063405737419, 60.200624654415343 ], [ 24.945936258567222, 60.20059351377548 ], [ 24.945813767396295, 60.200558049003114 ], [ 24.945805553384552, 60.20055566062085 ], [ 24.945797040985155, 60.200553546944946 ], [ 24.945788267221264, 60.200551717171635 ], [ 24.9457792702534, 60.200550179257682 ], [ 24.945770089212733, 60.200548939889991 ], [ 24.945760764030883, 60.200548004460572 ], [ 24.945751335266309, 60.200547377039079 ], [ 24.945741843928243, 60.200547060355305 ], [ 24.945732331297958, 60.200547055781165 ], [ 24.9457228387489, 60.200547363343219 ], [ 24.9457134075681, 60.200547981698136 ], [ 24.945704078774469, 60.200548908162247 ], [ 24.945694892943106, 60.200550138700244 ], [ 24.945685890026059, 60.20055166796292 ], [ 24.945677109180256, 60.200553489299679 ], [ 24.945668588596551, 60.200555594787922 ], [ 24.945660365334913, 60.20055797526792 ], [ 24.945652475160177, 60.200560620392871 ], [ 24.945644952390694, 60.200563518648877 ], [ 24.945615553198014, 60.200574813948741 ], [ 24.945584666257488, 60.200585078392741 ], [ 24.945552437176989, 60.2005942635951 ], [ 24.945519017891698, 60.200602326254455 ], [ 24.945484565948099, 60.20060922835814 ], [ 24.945449243761626, 60.200614937370879 ], [ 24.945413217849985, 60.200619426377045 ], [ 24.945376658048712, 60.200622674215396 ], [ 24.945339736711105, 60.200624665574558 ], [ 24.944855356768176, 60.200650236139488 ], [ 24.944872467404423, 60.200566870139504 ], [ 24.944899963845657, 60.200484195536902 ], [ 24.944937739486392, 60.200402532635323 ], [ 24.944985647898765, 60.200322197815204 ], [ 24.945043503403426, 60.200243502308695 ], [ 24.945111081787729, 60.200166750995642 ], [ 24.945188121176354, 60.200092241222443 ], [ 24.945274323047308, 60.200020261649932 ], [ 24.945369353387719, 60.199951091130735 ], [ 24.946937899119416, 60.19886395608718 ], [ 24.94705069117796, 60.198785779646791 ], [ 24.94719835609558, 60.198683429188875 ], [ 24.947227464120527, 60.198661340454393 ], [ 24.947257437074395, 60.19863954027656 ], [ 24.947288263417366, 60.198618037048107 ], [ 24.947319931280116, 60.198596839044498 ], [ 24.947352428470314, 60.198575954428044 ], [ 24.947385742476133, 60.198555391239374 ], [ 24.947419860470632, 60.198535157393898 ], [ 24.947459808729889, 60.198512452421348 ], [ 24.947500769261058, 60.198490198933854 ], [ 24.947542721479977, 60.198468408115055 ], [ 24.947585644302759, 60.198447090915671 ], [ 24.947629516159296, 60.198426258046375 ], [ 24.947674315002068, 60.198405919978214 ], [ 24.947720018317963, 60.198386086925389 ], [ 24.947475314796918, 60.198250922118611 ], [ 24.947220893431965, 60.198110387495134 ], [ 24.945896387280769, 60.197378733680885 ], [ 24.945736092452467, 60.197295974518021 ], [ 24.945564962045768, 60.197218780079979 ], [ 24.945383773827757, 60.197147501173092 ], [ 24.945193351257025, 60.197082461719361 ], [ 24.94499455974093, 60.197023957281509 ], [ 24.9447883027035, 60.196972253725548 ], [ 24.944575517480366, 60.196927586009068 ], [ 24.94435717106095, 60.196890157115753 ], [ 24.944134255695197, 60.196860137132539 ], [ 24.943907784385658, 60.196837662481009 ], [ 24.943678786288153, 60.196822835287051 ], [ 24.942028830079344, 60.19678307237875 ], [ 24.941488251121996, 60.196774775079369 ], [ 24.940967290598213, 60.1966351041373 ], [ 24.940777737681206, 60.196584269104825 ], [ 24.94079016150225, 60.196557924659388 ], [ 24.940770221737843, 60.196455184172905 ], [ 24.940190411537984, 60.196318348824491 ], [ 24.940178198477764, 60.196255410469647 ], [ 24.936442468724167, 60.196485674497069 ], [ 24.936149171306528, 60.196503749203394 ], [ 24.9362072935361, 60.196380499086629 ], [ 24.936495715092462, 60.195768855910821 ], [ 24.936682510897356, 60.195759872881432 ], [ 24.937668424149447, 60.195352890576594 ], [ 24.938303275742317, 60.195087273059613 ], [ 24.938440989138666, 60.195029336179267 ], [ 24.938827527923586, 60.194867720759419 ], [ 24.939331389655464, 60.194657036425937 ], [ 24.939876661271114, 60.194429039236091 ], [ 24.940043999606587, 60.194358532387845 ], [ 24.94051978452655, 60.19415912009967 ], [ 24.940912826953355, 60.19399438165177 ], [ 24.941023150969396, 60.193948140092388 ], [ 24.941161890162096, 60.193890857835655 ], [ 24.941465320853666, 60.193763720820449 ], [ 24.941768769029455, 60.193636582219376 ], [ 24.942016905313334, 60.193532240521805 ], [ 24.942485604076097, 60.193335613904665 ], [ 24.942954313456653, 60.193138985631329 ], [ 24.943203614942806, 60.193035099057219 ], [ 24.943521123335739, 60.192902354621538 ], [ 24.943838629166439, 60.192769608525097 ], [ 24.944252883415398, 60.192595540093656 ], [ 24.944749377826877, 60.192387483362275 ], [ 24.945135548421252, 60.192225659975605 ], [ 24.946018173725392, 60.191855782926702 ], [ 24.946266626756785, 60.191751810353196 ], [ 24.946680261271034, 60.191578363244687 ], [ 24.948555300379162, 60.190792068021501 ], [ 24.948941368120821, 60.190629391589617 ], [ 24.949343078755565, 60.190460127566993 ], [ 24.949664873197253, 60.190324531097552 ], [ 24.949985862165995, 60.190191776952034 ], [ 24.950293431912488, 60.190069152034155 ], [ 24.950810512024354, 60.189888415782718 ], [ 24.951299284729025, 60.189742795987669 ], [ 24.951805261847483, 60.189612571681259 ], [ 24.952327079565283, 60.189498902697949 ], [ 24.952723398720302, 60.189431058520192 ], [ 24.953190575194792, 60.189368135174178 ], [ 24.953709497382999, 60.189307800609036 ], [ 24.954214644072696, 60.189267822675681 ], [ 24.954719357898107, 60.1892441734351 ], [ 24.955235605781255, 60.189238240941215 ], [ 24.95567080809079, 60.189238733589541 ], [ 24.95599545273755, 60.189239915176636 ], [ 24.956488757247406, 60.189240860613566 ], [ 24.957109683334608, 60.189242197390669 ], [ 24.95781262163629, 60.189243294397158 ], [ 24.958545283617731, 60.189244433771997 ], [ 24.959006177457361, 60.189246589339675 ], [ 24.959475306724546, 60.189247188588247 ], [ 24.95983578636957, 60.189247639326119 ], [ 24.961070430748006, 60.189249188692379 ], [ 24.961988226633977, 60.189250332748799 ], [ 24.962846731365048, 60.189148347899334 ], [ 24.963018863250987, 60.189127878220269 ] ] ] } },
{ "type": "Feature", "properties": { "id": 111462, "aluejako": "KAUPUNGINOSA", "kunta": "091", "tunnus": "Aluemeri", "nimi_fi": "ALUEMERI", "nimi_se": "TERRITORIALHAVET", "yhtluontipvm": "2009-12-30", "yhtmuokkauspvm": "2024-06-12", "yhtdatanomistaja": "Helsinki/Kami", "paivitetty_tietopalveluun": "2025-11-21" }, "geometry": { "type": "Polygon", "coordinates": [ [ [ 24.851135064379537, 60.024175153290152 ], [ 24.942299837271801, 59.922493238238225 ], [ 25.158557485574253, 59.942450838555139 ], [ 25.16032299024068, 59.957088972550821 ], [ 25.168750081194482, 60.027035950904811 ], [ 25.17611927237931, 60.087587046487272 ], [ 25.132813479786805, 60.090787684062569 ], [ 24.892003302975855, 60.035631717627723 ], [ 24.851135064379537, 60.024175153290152 ] ] ] } },
{ "type": "Feature", "properties": { "id": 111516, "aluejako": "KAUPUNGINOSA", "kunta": "091", "tunnus": "42", "nimi_fi": "KULOSAARI", "nimi_se": "BRÄNDÖ", "yhtluontipvm": "2009-12-30", "yhtmuokkauspvm": "2023-03-09", "yhtdatanomistaja": "Helsinki/Kami", "paivitetty_tietopalveluun": "2025-11-21" }, "geometry": { "type": "Polygon", "coordinates": [ [ [ 24.987211455892037, 60.186055847148445 ], [ 24.987864108244072, 60.185849732396804 ], [ 24.988887685535808, 60.185526468370206 ], [ 24.991500696484604, 60.184698803181654 ], [ 24.995588064479723, 60.183403934465851 ], [ 24.996473559288422, 60.183123383054813 ], [ 24.99668332853004, 60.183056352847714 ], [ 24.998061249427753, 60.182620752722386 ], [ 25.001402390347874, 60.181564417854339 ], [ 25.002363618862589, 60.181258711177456 ], [ 25.003712472169333, 60.180829704403848 ], [ 25.003182031692365, 60.178742956126555 ], [ 25.002141063718572, 60.174647021073653 ], [ 25.002045659067502, 60.174271571274964 ], [ 25.002748572547731, 60.174444934298918 ], [ 25.019602239380081, 60.178599957827288 ], [ 25.021411042537611, 60.17904570200092 ], [ 25.022010494416914, 60.183077238437583 ], [ 25.022670130508974, 60.187512352435078 ], [ 25.022822543168505, 60.188536921864419 ], [ 25.019749062156862, 60.189377705024334 ], [ 25.01871651213834, 60.189660142255498 ], [ 25.018053532419184, 60.189935369129138 ], [ 25.017851189188455, 60.190019367777097 ], [ 25.016750455574055, 60.190374308480571 ], [ 25.016640116704838, 60.190409887436701 ], [ 25.014331797094357, 60.191127187252292 ], [ 24.996080952637527, 60.196120829880044 ], [ 24.988319560267506, 60.187313905050871 ], [ 24.988221667788356, 60.187202802296852 ], [ 24.987467784397307, 60.186347066438941 ], [ 24.987211455892037, 60.186055847148445 ] ] ] } },
{ "type": "Feature", "properties": { "id": 111518, "aluejako": "KAUPUNGINOSA", "kunta": "091", "tunnus": "24", "nimi_fi": "KUMPULA", "nimi_se": "GUMTÄKT", "yhtluontipvm": "2009-12-30", "yhtmuokkauspvm": "2021-12-02", "yhtdatanomistaja": "Helsinki/Kami", "paivitetty_tietopalveluun": "2025-11-21" }, "geometry": { "type": "Polygon", "coordinates": [ [ [ 24.945339736711105, 60.200624665574558 ], [ 24.945376658048712, 60.200622674215396 ], [ 24.945413217849985, 60.200619426377045 ], [ 24.945449243761626, 60.200614937370879 ], [ 24.945484565948099, 60.20060922835814 ], [ 24.945519017891424, 60.200602326254455 ], [ 24.945552437176989, 60.2005942635951 ], [ 24.945584666257488, 60.200585078392741 ], [ 24.945615553198014, 60.200574813948741 ], [ 24.945644952390694, 60.200563518648877 ], [ 24.945652475160177, 60.200560620392871 ], [ 24.945660365334913, 60.20055797526792 ], [ 24.945668588596551, 60.200555594787922 ], [ 24.945677109180256, 60.200553489299679 ], [ 24.945685890026059, 60.20055166796292 ], [ 24.945694892943106, 60.200550138700244 ], [ 24.945704078774469, 60.200548908162247 ], [ 24.9457134075681, 60.200547981698136 ], [ 24.9457228387489, 60.200547363343219 ], [ 24.945732331297958, 60.200547055781165 ], [ 24.945741843928243, 60.200547060355305 ], [ 24.945751335266309, 60.200547377039079 ], [ 24.945760764030883, 60.200548004460572 ], [ 24.945770089212733, 60.200548939889991 ], [ 24.9457792702534, 60.200550179257682 ], [ 24.945788267221264, 60.200551717171635 ], [ 24.945797040985155, 60.200553546944946 ], [ 24.945805553384552, 60.20055566062085 ], [ 24.945813767396295, 60.200558049003114 ], [ 24.945936258567222, 60.20059351377548 ], [ 24.946063405737419, 60.200624654415343 ], [ 24.946194593837866, 60.200651320284742 ], [ 24.946329188247439, 60.200673382379783 ], [ 24.946466537861888, 60.200690733975968 ], [ 24.946605978244854, 60.200703291130118 ], [ 24.946746834842632, 60.200710993099797 ], [ 24.946888426248567, 60.200713802623092 ], [ 24.947030067500442, 60.200711706111107 ], [ 24.947171073394916, 60.200704713701427 ], [ 24.947310761802772, 60.200692859220496 ], [ 24.947448456969365, 60.200676200019522 ], [ 24.947583492786066, 60.200654816685081 ], [ 24.948117464560102, 60.200559958309199 ], [ 24.948414004653653, 60.200495882819112 ], [ 24.948642137070848, 60.200578010978518 ], [ 24.949607524722254, 60.199913495390128 ], [ 24.950480304042106, 60.200232375382917 ], [ 24.950617220605608, 60.200280683902683 ], [ 24.95075539449337, 60.200328097168622 ], [ 24.950894802085692, 60.200374607075801 ], [ 24.951035419551722, 60.200420205670305 ], [ 24.951177222853492, 60.200464885154673 ], [ 24.95132018774969, 60.200508637892121 ], [ 24.951464289800331, 60.200551456397633 ], [ 24.951539067181947, 60.200569866644173 ], [ 24.951613223372277, 60.200588889368703 ], [ 24.951686738128789, 60.200608519379678 ], [ 24.951759591383766, 60.200628751315421 ], [ 24.951831763249782, 60.200649579657416 ], [ 24.951903234024655, 60.200670998719865 ], [ 24.951973984198816, 60.200693002653743 ], [ 24.952145560076232, 60.200737315878747 ], [ 24.952318457277048, 60.200780337911404 ], [ 24.952492636588659, 60.200822058999549 ], [ 24.952668058508543, 60.20086246967454 ], [ 24.952844683250472, 60.200901560770752 ], [ 24.953022470755919, 60.200939323423796 ], [ 24.953201380701778, 60.200975749065456 ], [ 24.954088983956815, 60.201134021706089 ], [ 24.954997536255281, 60.201259434128133 ], [ 24.95592213463587, 60.201351309508979 ], [ 24.956857789392362, 60.201409152005013 ], [ 24.957799451040959, 60.201432649441429 ], [ 24.958742037620333, 60.201421674986747 ], [ 24.959680462163778, 60.201376287857698 ], [ 24.960609660201026, 60.201296732986016 ], [ 24.961524617138014, 60.201183439690354 ], [ 24.961577801712476, 60.201254974658497 ], [ 24.962441246321976, 60.201208076000313 ], [ 24.963554825504598, 60.201025829772114 ], [ 24.963964005497537, 60.201498103974586 ], [ 24.964440254360348, 60.202047772658332 ], [ 24.964821585851006, 60.202402967003088 ], [ 24.964855743151833, 60.202437991765819 ], [ 24.965196738388006, 60.202787629317484 ], [ 24.96560258219187, 60.203203749186834 ], [ 24.965673336337307, 60.203276892034523 ], [ 24.965743146668956, 60.203350259264276 ], [ 24.965812010308522, 60.203423847862389 ], [ 24.965879924417234, 60.203497654798447 ], [ 24.965946886195056, 60.20357167703515 ], [ 24.966012892880855, 60.203645911534679 ], [ 24.966077941753351, 60.203720355235589 ], [ 24.96622343223088, 60.20389178493371 ], [ 24.966363843826048, 60.204064260836752 ], [ 24.966499146106681, 60.204237745672387 ], [ 24.966629309744306, 60.20441220193343 ], [ 24.966754306519913, 60.204587591907682 ], [ 24.96687410932941, 60.204763877686446 ], [ 24.966988692191194, 60.204941021155427 ], [ 24.96703149088528, 60.205009667514595 ], [ 24.967250056559234, 60.205360182852957 ], [ 24.967441929646064, 60.205667895704323 ], [ 24.967480213518986, 60.205730458180589 ], [ 24.967724365109195, 60.206121837634278 ], [ 24.967839563163338, 60.206373849675217 ], [ 24.967971603008063, 60.206662725801216 ], [ 24.968016315562426, 60.2067556749465 ], [ 24.968174398788516, 60.20710302550286 ], [ 24.968254073302493, 60.207278096078852 ], [ 24.968424890002197, 60.20764998806473 ], [ 24.968510705872067, 60.207917483086781 ], [ 24.968564731016546, 60.20808587595787 ], [ 24.968618754902451, 60.208254277777662 ], [ 24.968672797386024, 60.208422669702493 ], [ 24.968726822379111, 60.208591071469748 ], [ 24.968780849737708, 60.208759464235769 ], [ 24.968823496944161, 60.208892408707428 ], [ 24.96888695505983, 60.209090177383054 ], [ 24.968933780405624, 60.209236112867657 ], [ 24.968997175119554, 60.209433671441154 ], [ 24.969054048286345, 60.209610930624201 ], [ 24.969110922067365, 60.209788188880609 ], [ 24.969153212312381, 60.209919983395174 ], [ 24.969203653381953, 60.210750017977958 ], [ 24.969204722918729, 60.210759431170118 ], [ 24.969206784222877, 60.210768803425594 ], [ 24.96920983160766, 60.21077810889328 ], [ 24.969213856666176, 60.210787321891729 ], [ 24.969218848293902, 60.210796417005362 ], [ 24.969224792719316, 60.210805369140786 ], [ 24.96923167354203, 60.210814153593354 ], [ 24.969556436346927, 60.211198652248015 ], [ 24.970431853387858, 60.212235032966085 ], [ 24.970854539927107, 60.212658417132502 ], [ 24.971616648482655, 60.213421727525791 ], [ 24.971729027754421, 60.213534280341101 ], [ 24.971792818549421, 60.2137178215782 ], [ 24.972642522007575, 60.214568805265827 ], [ 24.972715231267578, 60.214639172090862 ], [ 24.972791808715751, 60.214708515607185 ], [ 24.972872196254031, 60.214776783189123 ], [ 24.97295633289141, 60.214843923018009 ], [ 24.973044154790486, 60.214909884134244 ], [ 24.973135595315274, 60.214974616476397 ], [ 24.973230585082611, 60.21503807090383 ], [ 24.97330975242123, 60.215088296909116 ], [ 24.974351623848317, 60.215734317568398 ], [ 24.974989523665393, 60.216129775943187 ], [ 24.975770467534669, 60.216559686066105 ], [ 24.97579373043585, 60.216572491889821 ], [ 24.976436694645674, 60.216963521111602 ], [ 24.976441990891544, 60.216971329129294 ], [ 24.976447441725163, 60.216979110765813 ], [ 24.976453046615759, 60.216986865265049 ], [ 24.976458805018265, 60.216994591870304 ], [ 24.976464716371694, 60.217002289829928 ], [ 24.976470780100893, 60.217009958395195 ], [ 24.976476995615378, 60.217017596816689 ], [ 24.976224423956268, 60.217004939602347 ], [ 24.975140521503818, 60.216950614055797 ], [ 24.974713761067552, 60.216893084730614 ], [ 24.96791722876571, 60.216130846410593 ], [ 24.967569289658595, 60.216038112603179 ], [ 24.966321009607825, 60.215705403933732 ], [ 24.96495036941608, 60.215340060739244 ], [ 24.964401801968297, 60.215193834140003 ], [ 24.964300835880511, 60.215166920370905 ], [ 24.963372559380982, 60.214919469296092 ], [ 24.962656144718466, 60.214728486255744 ], [ 24.962632009750536, 60.214722053089595 ], [ 24.962517040591056, 60.21469140474624 ], [ 24.962891846274164, 60.214343311191314 ], [ 24.96353923035657, 60.213742047828944 ], [ 24.962058962940763, 60.213277051848387 ], [ 24.961309713371534, 60.213041673318294 ], [ 24.960516630241976, 60.212792518249621 ], [ 24.959693046939446, 60.212533773331018 ], [ 24.957276568767771, 60.211818917825205 ], [ 24.956697568957757, 60.211656516220337 ], [ 24.954342991970606, 60.210729012167825 ], [ 24.953635945587351, 60.21045047169666 ], [ 24.949506974485796, 60.208823732961854 ], [ 24.950746061547623, 60.20804838065316 ], [ 24.951143306841075, 60.207765051578811 ], [ 24.951999455359676, 60.207148820436757 ], [ 24.952851193485646, 60.206533633170004 ], [ 24.952939281713881, 60.20647000829068 ], [ 24.952875019736467, 60.20644172466659 ], [ 24.951468950763225, 60.205822738802794 ], [ 24.950186124700149, 60.205523941912261 ], [ 24.950541424391652, 60.20475448255975 ], [ 24.94981454515074, 60.204585167901222 ], [ 24.949157166942662, 60.205284263091002 ], [ 24.948912201788403, 60.205227201263455 ], [ 24.947877570425934, 60.20632743844164 ], [ 24.947268578472624, 60.206975006421892 ], [ 24.946546001783602, 60.206811548226618 ], [ 24.945878783406041, 60.206820974702104 ], [ 24.945494202955977, 60.206826406217658 ], [ 24.945420125518243, 60.205114566364315 ], [ 24.945317459691292, 60.202872557152475 ], [ 24.945317142549925, 60.202862677229724 ], [ 24.945316770790566, 60.202852797777631 ], [ 24.945316344415922, 60.202842918873266 ], [ 24.945315863429212, 60.202833040590519 ], [ 24.945315327834269, 60.202823163002286 ], [ 24.945314737635112, 60.202813286186782 ], [ 24.945314092836494, 60.202803410214457 ], [ 24.945310074441917, 60.202754295839341 ], [ 24.945304705460824, 60.202705213450898 ], [ 24.945297986905551, 60.202656172256006 ], [ 24.945289920041631, 60.20260718144479 ], [ 24.945280506387821, 60.202558250199459 ], [ 24.945269747714072, 60.202509387700779 ], [ 24.945257646044201, 60.202460603099745 ], [ 24.944876060336981, 60.200936672146796 ], [ 24.944865591768544, 60.200895982443356 ], [ 24.944857618393268, 60.200855152865735 ], [ 24.944852147603939, 60.20081422131971 ], [ 24.944849184470677, 60.200773225806238 ], [ 24.944848731735018, 60.200732204383172 ], [ 24.944850789807319, 60.200691195139555 ], [ 24.944855356768176, 60.200650236139488 ], [ 24.945339736711105, 60.200624665574558 ] ] ] } },
{ "type": "Feature", "properties": { "id": 111519, "aluejako": "KAUPUNGINOSA", "kunta": "091", "tunnus": "56", "nimi_fi": "SALMENKALLIO", "nimi_se": "SUNDBERG", "yhtluontipvm": "2009-12-30", "yhtmuokkauspvm": "2022-03-24", "yhtdatanomistaja": "Helsinki/Kami", "paivitetty_tietopalveluun": "2025-11-21" }, "geometry": { "type": "Polygon", "coordinates": [ [ [ 25.138986727559807, 60.240908909810337 ], [ 25.140202439947178, 60.241236539569073 ], [ 25.140715356232132, 60.241385402415965 ], [ 25.141207830828776, 60.241479403425664 ], [ 25.141820760275177, 60.241573201278229 ], [ 25.142463334187241, 60.241597081482638 ], [ 25.143266238958812, 60.24158076633028 ], [ 25.143908372473522, 60.241539764354691 ], [ 25.144439853170461, 60.241464013151628 ], [ 25.144830090162813, 60.241283699414183 ], [ 25.1450600305586, 60.241148569395399 ], [ 25.145428989499074, 60.240793625674719 ], [ 25.145707544806122, 60.240171074879093 ], [ 25.145933773298058, 60.239427506974963 ], [ 25.146516051365243, 60.238709875294376 ], [ 25.146884324693545, 60.237926249654315 ], [ 25.146955284558974, 60.237895163038402 ], [ 25.147043672730639, 60.237810961537377 ], [ 25.147238483856508, 60.237677917429245 ], [ 25.147565855977604, 60.237416359213952 ], [ 25.147893619217275, 60.237212307577181 ], [ 25.14821272965365, 60.23704365912414 ], [ 25.148301449521693, 60.237008117223915 ], [ 25.148363247056498, 60.236986165335587 ], [ 25.148452535195251, 60.236985739701048 ], [ 25.148559090178125, 60.237005607722431 ], [ 25.148760146359635, 60.237088335539873 ], [ 25.148903625710762, 60.23712843813896 ], [ 25.149007086681895, 60.237133797906139 ], [ 25.149146917987384, 60.237106658231532 ], [ 25.149380070214267, 60.237000239954682 ], [ 25.149541813412704, 60.236906451085893 ], [ 25.149678643986725, 60.236753596324164 ], [ 25.149748347993651, 60.236543349708768 ], [ 25.149755818843918, 60.236299252685988 ], [ 25.151783811396903, 60.236431266379533 ], [ 25.15521748622275, 60.23255833165684 ], [ 25.156370910121435, 60.233000407691783 ], [ 25.156531388761067, 60.233047902870439 ], [ 25.156774301129822, 60.233106626530287 ], [ 25.156964390329371, 60.233137006079218 ], [ 25.157163561412574, 60.233157126525768 ], [ 25.157431331855708, 60.233170302756399 ], [ 25.157694565749559, 60.233197125500858 ], [ 25.158101938345069, 60.23321916276705 ], [ 25.158463389769057, 60.233218511825363 ], [ 25.158756005271755, 60.233194091105148 ], [ 25.158904709750399, 60.233193825196821 ], [ 25.159151884940258, 60.233211575817677 ], [ 25.159341804611721, 60.233213516400561 ], [ 25.159481272960051, 60.233204156319111 ], [ 25.16005023743007, 60.23311439449229 ], [ 25.160191997318616, 60.233105039875497 ], [ 25.160281569715917, 60.233104769283642 ], [ 25.160363394974603, 60.233267241872873 ], [ 25.162258727069243, 60.232908751138993 ], [ 25.162401471331052, 60.232874317566399 ], [ 25.162771941625657, 60.232784948338988 ], [ 25.163361681643597, 60.232642679489409 ], [ 25.165957749952746, 60.232016363322664 ], [ 25.166380745526691, 60.231914306112209 ], [ 25.167055332427847, 60.231751543010184 ], [ 25.182205866450836, 60.22866062256896 ], [ 25.182642591186166, 60.228887734868003 ], [ 25.190184149983427, 60.226933964916604 ], [ 25.193028929461484, 60.227634195657807 ], [ 25.19565246674598, 60.228375159131858 ], [ 25.196549741012038, 60.228637937600901 ], [ 25.19868359943068, 60.229194940934939 ], [ 25.198443151897759, 60.229385054674225 ], [ 25.188302223976592, 60.237400933231569 ], [ 25.180194141606879, 60.243818165608204 ], [ 25.180023773019421, 60.243851381193615 ], [ 25.179628128149094, 60.243995297593024 ], [ 25.179182544152553, 60.244079882187592 ], [ 25.178590604863853, 60.244222423171699 ], [ 25.178425482736319, 60.244244672524353 ], [ 25.178313180123904, 60.244248584984028 ], [ 25.178191406331159, 60.244245222069999 ], [ 25.177816894924423, 60.244193072074367 ], [ 25.17765148719668, 60.244187652507378 ], [ 25.177275204039208, 60.244394735054264 ], [ 25.177231447058446, 60.244469592320343 ], [ 25.177267412711121, 60.244644868953003 ], [ 25.177233015408024, 60.244703436906413 ], [ 25.176719365150383, 60.245092970936149 ], [ 25.176605542634533, 60.245144475804302 ], [ 25.176483709698154, 60.24518306222074 ], [ 25.17634363446891, 60.245206670447359 ], [ 25.176217669229853, 60.245216202593404 ], [ 25.175812315393049, 60.245212181432301 ], [ 25.175574933643357, 60.245279236336394 ], [ 25.175274969790625, 60.245637839184688 ], [ 25.175000314899204, 60.246176180757779 ], [ 25.174972772980055, 60.246318352584929 ], [ 25.174926849008454, 60.246365154957616 ], [ 25.174818002984949, 60.246410966729805 ], [ 25.17470472046352, 60.246434755138374 ], [ 25.174573013563098, 60.246443910922807 ], [ 25.174100943912315, 60.246431099196897 ], [ 25.173932730955467, 60.246446195431737 ], [ 25.173770336154476, 60.246489390162296 ], [ 25.173649773896443, 60.246566645308569 ], [ 25.17347485747937, 60.246848364432402 ], [ 25.173482564737732, 60.247211162409471 ], [ 25.173324527226075, 60.247485590108354 ], [ 25.173042567439317, 60.247761619721885 ], [ 25.172880989603424, 60.247858504640604 ], [ 25.172717546553404, 60.247915449672185 ], [ 25.172436662295617, 60.247983147873242 ], [ 25.172306043898796, 60.247998361042448 ], [ 25.172217462477093, 60.247996327274464 ], [ 25.172022879060556, 60.247966492355694 ], [ 25.17195931147311, 60.247997198605624 ], [ 25.171803804443684, 60.248197348335964 ], [ 25.171813700215804, 60.248281955149913 ], [ 25.171972044890211, 60.248455976983834 ], [ 25.172194614698043, 60.248543784279754 ], [ 25.172358990607972, 60.248580105160805 ], [ 25.172393782423825, 60.248623041154524 ], [ 25.172385409594956, 60.248764287261395 ], [ 25.172446706549668, 60.248891895498026 ], [ 25.17243039079899, 60.248965168120655 ], [ 25.1724220509265, 60.248976828573745 ], [ 25.17241211453987, 60.24898817569904 ], [ 25.172400628863482, 60.248999155566366 ], [ 25.172387648486421, 60.249009715986716 ], [ 25.172373235101354, 60.249019806770335 ], [ 25.172357457211977, 60.2490293799572 ], [ 25.172340389808003, 60.249038390044809 ], [ 25.172322114008299, 60.249046794212518 ], [ 25.172302716675016, 60.249054552510941 ], [ 25.172282290001018, 60.24906162807055 ], [ 25.172260931071733, 60.249067987258378 ], [ 25.172238741404048, 60.249073599853517 ], [ 25.172215826463457, 60.249078439174554 ], [ 25.172192295161786, 60.249082482225624 ], [ 25.172168259341881, 60.249085709786897 ], [ 25.172158629663063, 60.249086758415835 ], [ 25.172148946003809, 60.249087676050152 ], [ 25.172139215576021, 60.249088462007414 ], [ 25.172129445624964, 60.249089115699029 ], [ 25.172119643426047, 60.249089636638431 ], [ 25.172109816279804, 60.249090024438992 ], [ 25.172099971503499, 60.249090278815622 ], [ 25.171862170566726, 60.24909480705459 ], [ 25.171326910476715, 60.249064614648589 ], [ 25.171203271958948, 60.249070872884587 ], [ 25.170926205505136, 60.249140474693675 ], [ 25.170696120061134, 60.249185987619533 ], [ 25.170431217835848, 60.249224530606391 ], [ 25.170184586543499, 60.249295341161073 ], [ 25.170115534231616, 60.249316667331854 ], [ 25.17004938276418, 60.249340155729264 ], [ 25.169986405780158, 60.249365709199957 ], [ 25.169926863790138, 60.249393222034776 ], [ 25.169871003096734, 60.249422580433915 ], [ 25.169819054777776, 60.249453662954224 ], [ 25.169771233728788, 60.249486341021573 ], [ 25.169727737774863, 60.249520479462426 ], [ 25.16968874685131, 60.249555937066305 ], [ 25.169654422261381, 60.24959256715578 ], [ 25.169624906005453, 60.249630218211962 ], [ 25.169600320196757, 60.249668734490633 ], [ 25.169580766553718, 60.249707956659492 ], [ 25.169577379150191, 60.249716090237222 ], [ 25.169574208304191, 60.249724245358671 ], [ 25.169571254569963, 60.249732420598129 ], [ 25.169568518463571, 60.249740614522736 ], [ 25.169566000462844, 60.249748825704422 ], [ 25.169563701007984, 60.249757052709221 ], [ 25.169561620500744, 60.249765294103923 ], [ 25.169539501891773, 60.249857874357481 ], [ 25.169536252172019, 60.249974688190193 ], [ 25.169534920260602, 60.249987805444079 ], [ 25.169531662352444, 60.250000839184601 ], [ 25.169526495885382, 60.250013719646482 ], [ 25.169519448513011, 60.2500263778768 ], [ 25.169510557957899, 60.250038746119202 ], [ 25.169499871808668, 60.250050758165585 ], [ 25.169487447267251, 60.250062349712223 ], [ 25.169473350839677, 60.250073458714226 ], [ 25.169457657983475, 60.250084025701582 ], [ 25.169376324840556, 60.250134791736187 ], [ 25.169260740069436, 60.250191248678469 ], [ 25.169194345369309, 60.250128209673576 ], [ 25.168958157013233, 60.250143744299386 ], [ 25.164385687597225, 60.249330904565227 ], [ 25.164199519610278, 60.249291273611711 ], [ 25.161052506155901, 60.248745170053439 ], [ 25.160083718264186, 60.248570775776585 ], [ 25.159883078350131, 60.24881716737849 ], [ 25.158820511422114, 60.248592156193943 ], [ 25.158627249800702, 60.24853998914989 ], [ 25.158323401091486, 60.248456216909489 ], [ 25.157422464835314, 60.248062193339862 ], [ 25.156325410658429, 60.247396639079398 ], [ 25.155287003417651, 60.246756362503838 ], [ 25.15463994904378, 60.246574971989297 ], [ 25.154100281013079, 60.246424858472267 ], [ 25.153787449516859, 60.246309367385706 ], [ 25.152472144672579, 60.24594951889781 ], [ 25.15226841728003, 60.245897067404648 ], [ 25.152267732763967, 60.245897409253082 ], [ 25.152062574608109, 60.24605811469069 ], [ 25.151982823946096, 60.246120503919229 ], [ 25.151964851745923, 60.24613457989097 ], [ 25.150757107497061, 60.245530336061471 ], [ 25.150741996734514, 60.245522778023336 ], [ 25.150116233035131, 60.24542214637588 ], [ 25.1483502655412, 60.245529753383224 ], [ 25.147582328991593, 60.245462037593924 ], [ 25.147051071831658, 60.245469179103132 ], [ 25.14518420069879, 60.245283263035667 ], [ 25.144680496563382, 60.245093589346581 ], [ 25.143166522458149, 60.244717206820432 ], [ 25.142251228237456, 60.244152249966227 ], [ 25.141673029661643, 60.243878770000876 ], [ 25.141710861113573, 60.243629789269484 ], [ 25.141866724832784, 60.243584512682084 ], [ 25.141713659581907, 60.243462611376913 ], [ 25.140734731946832, 60.242682967624944 ], [ 25.140125953222348, 60.242020539435757 ], [ 25.139704287475354, 60.241529331916006 ], [ 25.138986727559807, 60.240908909810337 ] ] ] } },
{ "type": "Feature", "properties": { "id": 111520, "aluejako": "KAUPUNGINOSA", "kunta": "091", "tunnus": "33", "nimi_fi": "KAARELA", "nimi_se": "KÅRBÖLE", "yhtluontipvm": "2009-12-30", "yhtmuokkauspvm": "2020-12-03", "yhtdatanomistaja": "Helsinki/Kami", "paivitetty_tietopalveluun": "2025-11-21" }, "geometry": { "type": "Polygon", "coordinates": [ [ [ 24.833684429517621, 60.254667222540164 ], [ 24.834650624437494, 60.254030817285773 ], [ 24.835009322897431, 60.253794291084077 ], [ 24.835896871384577, 60.253228409542047 ], [ 24.836900130109427, 60.252548788650103 ], [ 24.83775313341987, 60.251986054613049 ], [ 24.838651006659411, 60.251387083192398 ], [ 24.838974672453986, 60.25117116214701 ], [ 24.839905265169637, 60.250558047225702 ], [ 24.840101981951097, 60.250428433384165 ], [ 24.840826834208492, 60.2499606691784 ], [ 24.841880882852692, 60.249260712579094 ], [ 24.842659877486664, 60.248743393351369 ], [ 24.843030343761541, 60.24849735892434 ], [ 24.843218613176774, 60.248373329346194 ], [ 24.84394981576904, 60.247891614106038 ], [ 24.84484002195143, 60.2473051283865 ], [ 24.845061981216077, 60.247158895531889 ], [ 24.846278108222045, 60.246353338158556 ], [ 24.846510684421911, 60.246199275194606 ], [ 24.846675737964173, 60.246204860098707 ], [ 24.847628868579008, 60.245633700716695 ], [ 24.848317868190744, 60.245185184502731 ], [ 24.848471996232949, 60.245260192503153 ], [ 24.849098050517629, 60.245124476649117 ], [ 24.849260757616317, 60.245016833410503 ], [ 24.850258571051867, 60.244356708035014 ], [ 24.850378679502722, 60.244206050351444 ], [ 24.852994865263536, 60.242560014010827 ], [ 24.855578011724113, 60.240934545840915 ], [ 24.856420964647306, 60.240401640161224 ], [ 24.858102495428387, 60.239352144045618 ], [ 24.858344570427494, 60.239448022461431 ], [ 24.85850245246797, 60.239510551631412 ], [ 24.859248965033554, 60.239186580933357 ], [ 24.860078409365521, 60.238826608047475 ], [ 24.860832898412362, 60.23836810519078 ], [ 24.863256388050814, 60.236855197318874 ], [ 24.863886454895102, 60.237104724453701 ], [ 24.864672923193407, 60.236796256544366 ], [ 24.865640369224216, 60.236574190876951 ], [ 24.866055025142067, 60.236014388606321 ], [ 24.865405942998208, 60.235315217346454 ], [ 24.866656280945755, 60.235049556553832 ], [ 24.866871031008635, 60.235003925931039 ], [ 24.869339535878915, 60.234978585802608 ], [ 24.870459552575959, 60.234967071527201 ], [ 24.881878548056033, 60.234814764335233 ], [ 24.882649427680548, 60.234805083950462 ], [ 24.884777433087695, 60.234778332943208 ], [ 24.884989334419267, 60.234775657968299 ], [ 24.890303583024458, 60.23470617607267 ], [ 24.890576058218802, 60.234787769467744 ], [ 24.890543821612621, 60.234831825359969 ], [ 24.891496268231492, 60.234830337500775 ], [ 24.891739751805151, 60.234829955611069 ], [ 24.892145119746527, 60.234829320771524 ], [ 24.892267910113002, 60.234831735426745 ], [ 24.892390647467881, 60.234834743727596 ], [ 24.892513320206181, 60.234838345391154 ], [ 24.892635916730562, 60.234842540073714 ], [ 24.892758425449799, 60.23484732738153 ], [ 24.892880834781703, 60.234852706862 ], [ 24.893003133152856, 60.234858678004954 ], [ 24.893124259143807, 60.23486518165118 ], [ 24.893245253463345, 60.234872265600551 ], [ 24.893366104869475, 60.234879929202648 ], [ 24.893486802134994, 60.234888171738831 ], [ 24.893607334046845, 60.234896992444661 ], [ 24.893727689406507, 60.234906390503482 ], [ 24.893847857032448, 60.234916365037861 ], [ 24.893925447382639, 60.234923121054045 ], [ 24.894002951572865, 60.234930117389119 ], [ 24.894080366593659, 60.234937353779202 ], [ 24.894157689438721, 60.234944829938001 ], [ 24.894234917105386, 60.234952545576022 ], [ 24.894312046594774, 60.234960500394138 ], [ 24.894389074911608, 60.234968694083577 ], [ 24.894591382100565, 60.234981077390195 ], [ 24.894793395347637, 60.234994595631697 ], [ 24.894995088911216, 60.235009247090311 ], [ 24.895196437091503, 60.235025029893769 ], [ 24.895397414231542, 60.235041942034535 ], [ 24.895597994722202, 60.235059981359385 ], [ 24.895798153004971, 60.235079145563745 ], [ 24.896257862059816, 60.235127602167296 ], [ 24.896714879987126, 60.235181991913876 ], [ 24.897168897231388, 60.235242277977029 ], [ 24.89761960626635, 60.235308419516898 ], [ 24.898066701799131, 60.235380371738025 ], [ 24.898509880979347, 60.235458085911908 ], [ 24.898948843602721, 60.235541509394608 ], [ 24.899444369496845, 60.235002824919377 ], [ 24.900814023902068, 60.235261577448235 ], [ 24.903438238702645, 60.235847011994061 ], [ 24.904568180846546, 60.236128123236064 ], [ 24.905125088500593, 60.236266668423568 ], [ 24.906796789949542, 60.236834543130783 ], [ 24.908916317313405, 60.23745563420195 ], [ 24.909596312978742, 60.237654883360889 ], [ 24.911802673004928, 60.238308815569262 ], [ 24.914297609914925, 60.23861958870949 ], [ 24.914196190945436, 60.238920408325164 ], [ 24.913909361666782, 60.239116660697512 ], [ 24.913392506988032, 60.239470271862729 ], [ 24.913703914310055, 60.240380600998741 ], [ 24.913402800345153, 60.240516794289356 ], [ 24.913320182876625, 60.240556898462629 ], [ 24.913243455411781, 60.240599797743755 ], [ 24.913172999523375, 60.240645278805857 ], [ 24.913109165602503, 60.240693115476994 ], [ 24.913052271113852, 60.240743069875734 ], [ 24.913002599018018, 60.240794893584258 ], [ 24.912960396362408, 60.240848328889342 ], [ 24.912925873053808, 60.240903110063947 ], [ 24.912899200812539, 60.24095896468426 ], [ 24.912817814862748, 60.241224420861123 ], [ 24.912736713401429, 60.241463866611916 ], [ 24.912713131912639, 60.241542899674151 ], [ 24.912559945570738, 60.242021226973179 ], [ 24.912521775798687, 60.242130901189576 ], [ 24.91299661739108, 60.242484320365577 ], [ 24.912977068175451, 60.242546624267689 ], [ 24.91294796728652, 60.242635954743427 ], [ 24.912802215714763, 60.24308502929243 ], [ 24.91272255359749, 60.243332710792195 ], [ 24.912655932139902, 60.243539841239517 ], [ 24.912628140666474, 60.243629681395909 ], [ 24.912546543125561, 60.243895342698892 ], [ 24.912440369515831, 60.244178952780359 ], [ 24.912423486549876, 60.244254829959502 ], [ 24.912325973868843, 60.244545655540271 ], [ 24.912222086250615, 60.244839138011294 ], [ 24.911711279646003, 60.246330044065054 ], [ 24.906014386885818, 60.255416945979299 ], [ 24.905645768711139, 60.25635051532398 ], [ 24.904584036994851, 60.259039175129885 ], [ 24.903222047239211, 60.260740852164865 ], [ 24.902571588795944, 60.261557045473744 ], [ 24.901361150454004, 60.263075791076773 ], [ 24.900601623365407, 60.264850996664919 ], [ 24.898644826255669, 60.266355995701886 ], [ 24.897913390520774, 60.267185885390184 ], [ 24.898442065937026, 60.268186708608141 ], [ 24.898852881452186, 60.268572547607363 ], [ 24.899275177408718, 60.268937418714223 ], [ 24.89854853763303, 60.268796913678848 ], [ 24.898146570177708, 60.268730431082048 ], [ 24.897785269237183, 60.268677414608881 ], [ 24.897523312507015, 60.268651345916432 ], [ 24.897008410035784, 60.268612650009047 ], [ 24.896117706925605, 60.26855415537041 ], [ 24.895346251065273, 60.268513627587105 ], [ 24.894966849638532, 60.268506812034595 ], [ 24.894319014242743, 60.268500401388025 ], [ 24.893213245603636, 60.268523561847154 ], [ 24.892823406526897, 60.268531729526266 ], [ 24.892798145914266, 60.268428992079819 ], [ 24.892772001144209, 60.268322635067257 ], [ 24.892684721696856, 60.267967788425288 ], [ 24.892591149553454, 60.267609615751404 ], [ 24.892526056646947, 60.267360587902147 ], [ 24.892470564503427, 60.267148222966142 ], [ 24.89197257174478, 60.266795349301077 ], [ 24.891406440687508, 60.26639389749797 ], [ 24.889908824785053, 60.265743749262114 ], [ 24.889852306348615, 60.26571901130729 ], [ 24.889665123917471, 60.265637952439683 ], [ 24.889156620578923, 60.265417193988874 ], [ 24.888706802463211, 60.265233631606009 ], [ 24.888205911313783, 60.265015234586457 ], [ 24.887791573420117, 60.264834572843441 ], [ 24.88643583579238, 60.264243401046308 ], [ 24.885839444302906, 60.263983341474123 ], [ 24.885781290196146, 60.263957981073851 ], [ 24.885672138699658, 60.263911691189733 ], [ 24.88512630384448, 60.263688174531708 ], [ 24.885015222381085, 60.263640519084369 ], [ 24.884970311133603, 60.263621361864793 ], [ 24.884641986606397, 60.263480379975306 ], [ 24.88457385799769, 60.263451150991528 ], [ 24.880480862929563, 60.261690019024435 ], [ 24.880179755040388, 60.261561167216946 ], [ 24.879569141317027, 60.261300007402419 ], [ 24.878941869355856, 60.261032654557063 ], [ 24.878898155634094, 60.26101300361853 ], [ 24.878829549856388, 60.260983690457834 ], [ 24.878088114040317, 60.260666856083866 ], [ 24.877638941944522, 60.260474909547696 ], [ 24.877629972328762, 60.260472801056871 ], [ 24.877521584539711, 60.260426505139357 ], [ 24.877413341351708, 60.260375434393147 ], [ 24.877385322782278, 60.260366415250665 ], [ 24.877252481703866, 60.260309487697683 ], [ 24.876914728792045, 60.259887675827137 ], [ 24.876719678853398, 60.259644093024654 ], [ 24.876082878775232, 60.258848788966553 ], [ 24.876050916653909, 60.258808334261325 ], [ 24.875832324755461, 60.258531770726663 ], [ 24.875630705736111, 60.25827668272612 ], [ 24.875592237424065, 60.258228009386919 ], [ 24.875544837367368, 60.258167480231677 ], [ 24.875510827251066, 60.25812445652798 ], [ 24.875355964201866, 60.257915114291265 ], [ 24.875069512875982, 60.257547170739691 ], [ 24.874878310525876, 60.257296498237693 ], [ 24.874712592688191, 60.257083991060071 ], [ 24.874621217924297, 60.256966816245956 ], [ 24.87440550885945, 60.256688987470199 ], [ 24.874150936421344, 60.25635926203848 ], [ 24.874137674115119, 60.256341864251567 ], [ 24.874058872851094, 60.25623860912566 ], [ 24.873563323159921, 60.255604004062484 ], [ 24.873258751056596, 60.255215351051703 ], [ 24.872890682011693, 60.254748604994823 ], [ 24.872416210399308, 60.254143580406968 ], [ 24.871271573543574, 60.25386818044997 ], [ 24.87070054170912, 60.253731200529657 ], [ 24.870067437820246, 60.253577526125071 ], [ 24.869131020122961, 60.253354179723154 ], [ 24.8689063222029, 60.253300581746693 ], [ 24.86876483539524, 60.253266838323434 ], [ 24.867875246632554, 60.252379623592738 ], [ 24.867698612695815, 60.252455702185323 ], [ 24.867630602360165, 60.252505016712504 ], [ 24.867607123650931, 60.252541316497101 ], [ 24.867608625614576, 60.252616612104106 ], [ 24.867594188455154, 60.252658853598852 ], [ 24.867590094980109, 60.252670804666764 ], [ 24.867474070565954, 60.252821519465328 ], [ 24.867451149525063, 60.252844850414718 ], [ 24.867283722831999, 60.25301451451093 ], [ 24.867137071122766, 60.253146421987928 ], [ 24.867061637450433, 60.253182041402873 ], [ 24.866828377929718, 60.253236673900226 ], [ 24.866622989463483, 60.253280904644953 ], [ 24.866487320752018, 60.253286952306766 ], [ 24.86608655801097, 60.253284170271073 ], [ 24.865920691815287, 60.253277468843045 ], [ 24.865753349573563, 60.253287253409979 ], [ 24.865619608139248, 60.253303309634923 ], [ 24.865530165349405, 60.253324005966775 ], [ 24.865426276189361, 60.25337079685395 ], [ 24.865204696558777, 60.253495858832096 ], [ 24.865079376570804, 60.253545374143101 ], [ 24.864866744489937, 60.253606513321948 ], [ 24.864629818545922, 60.253694607258161 ], [ 24.864514273690165, 60.253751294319471 ], [ 24.864434542829009, 60.253824963284913 ], [ 24.864308704650369, 60.253916203679026 ], [ 24.863892208066726, 60.253738460655626 ], [ 24.863341352698203, 60.253504437370474 ], [ 24.863017201549937, 60.253366287054291 ], [ 24.862982154593908, 60.253351782649773 ], [ 24.862643907530181, 60.253208025235153 ], [ 24.862492947540982, 60.253143856878623 ], [ 24.862054031180481, 60.253187434627094 ], [ 24.861935801451775, 60.253199168168543 ], [ 24.85904969757112, 60.253485653385006 ], [ 24.85882822952227, 60.253507632072385 ], [ 24.857814853093124, 60.253608205490799 ], [ 24.857649330000378, 60.253655606413119 ], [ 24.857482721491639, 60.253703320100961 ], [ 24.857338787582172, 60.25374453287214 ], [ 24.85692566262253, 60.25386284107342 ], [ 24.856615098182598, 60.253951774791574 ], [ 24.85522832384617, 60.254348864830511 ], [ 24.84818126226617, 60.256366019362453 ], [ 24.845031517063774, 60.257267552600943 ], [ 24.842539529526832, 60.257980745207064 ], [ 24.838641066955272, 60.259096286046521 ], [ 24.837712984207194, 60.259101545558977 ], [ 24.836844100104383, 60.259029010296032 ], [ 24.835985092056546, 60.258882237564798 ], [ 24.835464679616678, 60.258773449974377 ], [ 24.834733398940841, 60.258498524887187 ], [ 24.834707085526752, 60.258397537550344 ], [ 24.833684429517621, 60.254667222540164 ] ] ] } },
{ "type": "Feature", "properties": { "id": 111521, "aluejako": "KAUPUNGINOSA", "kunta": "091", "tunnus": "03", "nimi_fi": "KAARTINKAUPUNKI", "nimi_se": "GARDESSTADEN", "yhtluontipvm": "2009-12-30", "yhtmuokkauspvm": "2021-12-09", "yhtdatanomistaja": "Helsinki/Kami", "paivitetty_tietopalveluun": "2025-11-21" }, "geometry": { "type": "Polygon", "coordinates": [ [ [ 24.94120702719043, 60.167719879411699 ], [ 24.941547515815408, 60.167495634926937 ], [ 24.941701974119059, 60.167393264412574 ], [ 24.941949316688198, 60.167227530992562 ], [ 24.942240117357183, 60.167033437491462 ], [ 24.942475553435298, 60.166876285598583 ], [ 24.942772036119297, 60.166677998264767 ], [ 24.942989301571025, 60.166532686988539 ], [ 24.943239780483964, 60.166364365768082 ], [ 24.943403155441807, 60.166252172552113 ], [ 24.943429084959703, 60.165930447097196 ], [ 24.943464835451273, 60.165487113895097 ], [ 24.942799299789019, 60.165255519410749 ], [ 24.9425824184192, 60.165180880956321 ], [ 24.942732072239501, 60.16507510722878 ], [ 24.943222699851471, 60.164723108286054 ], [ 24.943703761444372, 60.164377962486014 ], [ 24.943945016065168, 60.16420486910441 ], [ 24.944093740137717, 60.16409732526963 ], [ 24.944549552575051, 60.163765209739225 ], [ 24.944956449341777, 60.163468734473838 ], [ 24.945108907965313, 60.163357648430804 ], [ 24.94551946048956, 60.163058493763636 ], [ 24.945641983051569, 60.162969214111399 ], [ 24.945773164125288, 60.162871551764944 ], [ 24.946383312163135, 60.162890299661683 ], [ 24.947993911488282, 60.162939771472921 ], [ 24.948259811321083, 60.162947939984946 ], [ 24.948249416691404, 60.163033462986924 ], [ 24.94821984208075, 60.163134634371652 ], [ 24.949830326008264, 60.163160746749838 ], [ 24.950096062847372, 60.163165047584371 ], [ 24.950116828566944, 60.1629651918877 ], [ 24.951462554861177, 60.16299943116514 ], [ 24.951774750609538, 60.163007371721918 ], [ 24.953013669677667, 60.163038878068313 ], [ 24.952932876091964, 60.163694862267064 ], [ 24.952897532917969, 60.163981798381606 ], [ 24.952962892563548, 60.164005696285194 ], [ 24.9532475372718, 60.164109774869502 ], [ 24.954204725848854, 60.164459752103291 ], [ 24.954492030042633, 60.164564797375498 ], [ 24.954827118053306, 60.164575705877724 ], [ 24.958047913407558, 60.164680519735498 ], [ 24.957676735340154, 60.167546510784653 ], [ 24.957611758257123, 60.168048190333337 ], [ 24.957725000758813, 60.168142750470174 ], [ 24.957629535825486, 60.16813979040429 ], [ 24.957141053042161, 60.168124647959431 ], [ 24.956802384517875, 60.168114148946771 ], [ 24.955926300371996, 60.168094701559518 ], [ 24.955227728976759, 60.168079662447113 ], [ 24.955081283666967, 60.168076508294909 ], [ 24.955082089398584, 60.168068173074658 ], [ 24.954750813945733, 60.168060677200621 ], [ 24.954038659070211, 60.168044095972959 ], [ 24.953704738685428, 60.168036146897549 ], [ 24.953533725046878, 60.168031376745603 ], [ 24.95225212982491, 60.167995950260348 ], [ 24.952106916396495, 60.167997080834475 ], [ 24.951244119432531, 60.16797231537798 ], [ 24.950925118370527, 60.167966818672738 ], [ 24.950433711199501, 60.167953655538867 ], [ 24.950068085286112, 60.16794205397732 ], [ 24.949566071420957, 60.167928782208087 ], [ 24.949311805543534, 60.167925706613552 ], [ 24.948217033248639, 60.167898347352519 ], [ 24.947672366286444, 60.167884117178161 ], [ 24.947413776345996, 60.167877734482964 ], [ 24.946897805792958, 60.167864994571595 ], [ 24.946357228118785, 60.167851565946968 ], [ 24.945799017669067, 60.167837536426724 ], [ 24.945542191470313, 60.167827174021916 ], [ 24.944737660292954, 60.167807424462097 ], [ 24.943932049382838, 60.167787643533167 ], [ 24.943209010324008, 60.167769881172184 ], [ 24.942819524554189, 60.167760217704348 ], [ 24.942228963812877, 60.167745863896599 ], [ 24.94120702719043, 60.167719879411699 ] ] ] } },
{ "type": "Feature", "properties": { "id": 111522, "aluejako": "KAUPUNGINOSA", "kunta": "091", "tunnus": "20", "nimi_fi": "LÄNSISATAMA", "nimi_se": "VÄSTRA HAMNEN", "yhtluontipvm": "2009-12-30", "yhtmuokkauspvm": "2020-12-02", "yhtdatanomistaja": "Helsinki/Kami", "paivitetty_tietopalveluun": "2025-11-21" }, "geometry": { "type": "Polygon", "coordinates": [ [ [ 24.935999994308474, 60.155368511086031 ], [ 24.93580880830293, 60.155439941285884 ], [ 24.935624625227121, 60.15551580623503 ], [ 24.935447858718657, 60.155595935583555 ], [ 24.935278905770939, 60.155680149390008 ], [ 24.935118145839464, 60.155768258547575 ], [ 24.9349659399907, 60.155860065203143 ], [ 24.934822630090615, 60.155955363190387 ], [ 24.934753192022455, 60.156005152807744 ], [ 24.93468618394882, 60.156055763020738 ], [ 24.934621644890086, 60.156107164372209 ], [ 24.934559612429908, 60.156159326934649 ], [ 24.934500122693308, 60.156212220341217 ], [ 24.934443210325043, 60.15626581380031 ], [ 24.934388908470453, 60.156320076110994 ], [ 24.933899303258269, 60.156847246063215 ], [ 24.933808267247986, 60.156945263797745 ], [ 24.933748251032601, 60.156935680328154 ], [ 24.933555969908547, 60.157234837529884 ], [ 24.933341240821751, 60.157569943324546 ], [ 24.932872856881922, 60.157495146867014 ], [ 24.93231772713494, 60.157406493939021 ], [ 24.931909438038673, 60.157341288102906 ], [ 24.931527649322465, 60.157280315609107 ], [ 24.931465400040452, 60.15738412713506 ], [ 24.931430746441219, 60.157441917754824 ], [ 24.931244136501277, 60.157533185822622 ], [ 24.930528839275201, 60.158642476652957 ], [ 24.930937791537751, 60.158707990554433 ], [ 24.930263051841518, 60.15975433181594 ], [ 24.928265559782446, 60.160124606291077 ], [ 24.927186747228095, 60.160278324889489 ], [ 24.927259408493807, 60.160471737380398 ], [ 24.925015044205349, 60.160733266304966 ], [ 24.922188531169525, 60.162146365069866 ], [ 24.922451318242743, 60.162464404505698 ], [ 24.921835464281941, 60.16284670396464 ], [ 24.921660225649877, 60.162373845459264 ], [ 24.921570515164198, 60.162382102773776 ], [ 24.921487256364891, 60.162441399172366 ], [ 24.921220040350779, 60.16263170779122 ], [ 24.920920005422904, 60.162845381830238 ], [ 24.920911901687585, 60.162903581008067 ], [ 24.920837090233711, 60.163440809590526 ], [ 24.920802177866413, 60.163691515275609 ], [ 24.920716144496129, 60.164309327590502 ], [ 24.920643278531649, 60.164832559901292 ], [ 24.920734141026227, 60.164835683876333 ], [ 24.920787848743121, 60.164844901460434 ], [ 24.920811983986628, 60.164864063209215 ], [ 24.920943374777934, 60.165073323470409 ], [ 24.920891337043141, 60.165407746376843 ], [ 24.920892839373508, 60.16545262631287 ], [ 24.920924271166449, 60.165583610329158 ], [ 24.92072177732538, 60.166768377729156 ], [ 24.920717180021335, 60.166901003363925 ], [ 24.920822246083571, 60.166904533382755 ], [ 24.920960203117215, 60.166982604275312 ], [ 24.920894853035055, 60.16750074653099 ], [ 24.920614374669888, 60.169724568345565 ], [ 24.912651928169062, 60.17213330291699 ], [ 24.910544027386969, 60.172767717406067 ], [ 24.909949475663158, 60.172948974172222 ], [ 24.909912616256104, 60.172934454854314 ], [ 24.909873935946873, 60.172921163198787 ], [ 24.909833599198237, 60.172909155724305 ], [ 24.90979177751592, 60.172898483480019 ], [ 24.909748648718235, 60.17288919184552 ], [ 24.909704396180828, 60.172881320323306 ], [ 24.909659208056794, 60.172874902383882 ], [ 24.909613276476339, 60.172869965316153 ], [ 24.909566796731102, 60.172866530107505 ], [ 24.909519966442655, 60.172864611366471 ], [ 24.909472984722786, 60.172864217251707 ], [ 24.90942605132788, 60.1728653494349 ], [ 24.909379365807339, 60.17286800310692 ], [ 24.90933312665819, 60.172872166983531 ], [ 24.909287530479382, 60.172877823358405 ], [ 24.909242771135826, 60.172884948184368 ], [ 24.909199038935551, 60.172893511163977 ], [ 24.909156519818357, 60.172903475898572 ], [ 24.909115394568914, 60.172914800009202 ], [ 24.907893826839111, 60.173286261717351 ], [ 24.906103357324238, 60.172739486415587 ], [ 24.904512839755679, 60.172338103944391 ], [ 24.904206715491913, 60.172083163639236 ], [ 24.903951020458603, 60.171854261020009 ], [ 24.903334387336034, 60.171495478124761 ], [ 24.900344687883138, 60.169755778885026 ], [ 24.895166695255885, 60.166742127708481 ], [ 24.895220745848569, 60.166719888891677 ], [ 24.896309654282501, 60.166271864086148 ], [ 24.897219040643467, 60.165897685748526 ], [ 24.897219280759323, 60.162178336895636 ], [ 24.897219294220445, 60.161955416187787 ], [ 24.897219758561697, 60.15478782215888 ], [ 24.897220208140645, 60.14767340808239 ], [ 24.897220527633063, 60.142640728633268 ], [ 24.938576808987687, 60.142649718430945 ], [ 24.938578992146521, 60.146626189881779 ], [ 24.936635613802345, 60.153214351907621 ], [ 24.936349390663587, 60.15418439769384 ], [ 24.935999994308474, 60.155368511086031 ] ] ] } },
{ "type": "Feature", "properties": { "id": 111523, "aluejako": "KAUPUNGINOSA", "kunta": "091", "tunnus": "52", "nimi_fi": "SUOMENLINNA", "nimi_se": "SVEABORG", "yhtluontipvm": "2009-12-30", "yhtmuokkauspvm": "2020-11-25", "yhtdatanomistaja": "Helsinki/Kami", "paivitetty_tietopalveluun": "2025-11-21" }, "geometry": { "type": "Polygon", "coordinates": [ [ [ 24.952924490076853, 60.149002766188367 ], [ 24.952421484668438, 60.146623585203272 ], [ 25.010358363731388, 60.117561605090756 ], [ 25.029453362089878, 60.118812807967956 ], [ 25.028003828592929, 60.137608477719461 ], [ 25.022172942280083, 60.141023724695806 ], [ 25.022190460453899, 60.146703329206559 ], [ 25.022225879469719, 60.158180101002145 ], [ 25.020425504519928, 60.158265441230597 ], [ 25.008969722612807, 60.158807879563682 ], [ 25.005195149307852, 60.158986387644575 ], [ 24.96180500541676, 60.151573354754881 ], [ 24.959521235930623, 60.152287337327905 ], [ 24.956543114253687, 60.153218293991415 ], [ 24.956513830501702, 60.153227449229227 ], [ 24.956440878629191, 60.153250250766888 ], [ 24.956280860386482, 60.153300268583159 ], [ 24.953400833580268, 60.1512555263539 ], [ 24.952924490076853, 60.149002766188367 ] ] ] } },
{ "type": "Feature", "properties": { "id": 111524, "aluejako": "KAUPUNGINOSA", "kunta": "091", "tunnus": "12", "nimi_fi": "ALPPIHARJU", "nimi_se": "ÅSHÖJDEN", "yhtluontipvm": "2009-12-30", "yhtmuokkauspvm": "2020-12-04", "yhtdatanomistaja": "Helsinki/Kami", "paivitetty_tietopalveluun": "2025-11-21" }, "geometry": { "type": "Polygon", "coordinates": [ [ [ 24.932646676420763, 60.192778006950761 ], [ 24.936248233195943, 60.185162524620395 ], [ 24.936326669566458, 60.185173996097149 ], [ 24.936630322177152, 60.185218585153585 ], [ 24.936713227907081, 60.185230244328572 ], [ 24.937056440543206, 60.185280139601666 ], [ 24.937129074299705, 60.185290712101789 ], [ 24.937843530400116, 60.185394671956793 ], [ 24.940386204418449, 60.185764629601628 ], [ 24.941408509421276, 60.185913355604342 ], [ 24.942031287364479, 60.18600396063772 ], [ 24.942654052536266, 60.186094553762899 ], [ 24.943103841315509, 60.186159989840561 ], [ 24.943386278684901, 60.186201075436443 ], [ 24.943712743022214, 60.1862206399177 ], [ 24.944383333170929, 60.186260828489083 ], [ 24.945436555078633, 60.186289070113524 ], [ 24.945819526801348, 60.186299336163202 ], [ 24.94610944144808, 60.186307106747556 ], [ 24.94664944599446, 60.186320821450536 ], [ 24.946973594780737, 60.186329807518376 ], [ 24.94761248496528, 60.186346722538907 ], [ 24.94825137400489, 60.186363635378015 ], [ 24.948431349339323, 60.186368399636933 ], [ 24.949808113276539, 60.18640483048798 ], [ 24.949990125335727, 60.186409780090685 ], [ 24.950584050574477, 60.186425318411459 ], [ 24.951202308341259, 60.186441135881253 ], [ 24.951563050811586, 60.18645021484248 ], [ 24.951725041362788, 60.186454377477332 ], [ 24.951690434910468, 60.186794999011163 ], [ 24.952261327235956, 60.186820640308092 ], [ 24.952994194739137, 60.186851948992583 ], [ 24.953352047105593, 60.186883068376758 ], [ 24.953951336658925, 60.186934939448548 ], [ 24.954581681533231, 60.186989502101191 ], [ 24.955212048338058, 60.18704405278843 ], [ 24.955602906855631, 60.187077803447274 ], [ 24.956135668324713, 60.187123935782878 ], [ 24.956703927248839, 60.187173139086866 ], [ 24.9572188780018, 60.187217724661267 ], [ 24.95755269295659, 60.187246646614803 ], [ 24.958708701808103, 60.187346795812388 ], [ 24.959037192311932, 60.187375252828311 ], [ 24.959410943809718, 60.187404669798518 ], [ 24.95984789544978, 60.187439060194031 ], [ 24.960270874377489, 60.187461701530019 ], [ 24.96066958109196, 60.187482097646033 ], [ 24.961313381489809, 60.187503478890022 ], [ 24.961492428150358, 60.187509423365917 ], [ 24.961929843806168, 60.187365591184516 ], [ 24.961982160634793, 60.187405254195177 ], [ 24.962022245151399, 60.187435632204931 ], [ 24.962209117791183, 60.187480308667176 ], [ 24.962387841252003, 60.18752303758199 ], [ 24.962518605713527, 60.18755430007819 ], [ 24.963004111472198, 60.187667566145549 ], [ 24.963134531777918, 60.187698175424757 ], [ 24.963123012014506, 60.187710359040238 ], [ 24.963302342408316, 60.187752448737285 ], [ 24.963313862109032, 60.187740274979262 ], [ 24.96347931491449, 60.187779107906216 ], [ 24.963600414208379, 60.187935269442164 ], [ 24.963810578155247, 60.188315709518633 ], [ 24.963936238293634, 60.188466130406823 ], [ 24.964098785178798, 60.188760359856971 ], [ 24.9642108894122, 60.188963280278891 ], [ 24.963692368463207, 60.189035226251427 ], [ 24.963102024201714, 60.189117129992546 ], [ 24.963065359079369, 60.189122354246365 ], [ 24.963058770270163, 60.189123250648535 ], [ 24.963052162347637, 60.189124111461233 ], [ 24.963045536087638, 60.189124936576597 ], [ 24.963038892267399, 60.189125725900546 ], [ 24.963032231666222, 60.189126479340175 ], [ 24.963025555066324, 60.189127196807831 ], [ 24.963018863250987, 60.189127878220269 ], [ 24.962846731365048, 60.189148347899334 ], [ 24.961988226633977, 60.189250332748799 ], [ 24.961070430748006, 60.189249188692379 ], [ 24.95983578636957, 60.189247639326119 ], [ 24.959475306724546, 60.189247188588247 ], [ 24.959006177457361, 60.189246589339675 ], [ 24.958545283617731, 60.189244433771997 ], [ 24.95781262163629, 60.189243294397158 ], [ 24.957109683334608, 60.189242197390669 ], [ 24.956488757247406, 60.189240860613566 ], [ 24.95599545273755, 60.189239915176636 ], [ 24.95567080809079, 60.189238733589541 ], [ 24.955235605781255, 60.189238240941215 ], [ 24.954719357898107, 60.1892441734351 ], [ 24.954214644072696, 60.189267822675681 ], [ 24.953709497382999, 60.189307800609036 ], [ 24.953190575194792, 60.189368135174178 ], [ 24.952723398720302, 60.189431058520192 ], [ 24.952327079565283, 60.189498902697949 ], [ 24.951805261847483, 60.189612571681259 ], [ 24.951299284729025, 60.189742795987669 ], [ 24.950810512024354, 60.189888415782718 ], [ 24.950293431912488, 60.190069152034155 ], [ 24.949985862165995, 60.190191776952034 ], [ 24.949664873197253, 60.190324531097552 ], [ 24.949343078755565, 60.190460127566993 ], [ 24.948941368120821, 60.190629391589617 ], [ 24.948555300379162, 60.190792068021501 ], [ 24.946680261271034, 60.191578363244687 ], [ 24.946266626756785, 60.191751810353196 ], [ 24.946018173725392, 60.191855782926702 ], [ 24.945135548421252, 60.192225659975605 ], [ 24.944749377826877, 60.192387483362275 ], [ 24.944252883415398, 60.192595540093656 ], [ 24.943838629166439, 60.192769608525097 ], [ 24.943521123335739, 60.192902354621538 ], [ 24.943203614942806, 60.193035099057219 ], [ 24.942954313456653, 60.193138985631329 ], [ 24.942485604076097, 60.193335613904665 ], [ 24.942016905313334, 60.193532240521805 ], [ 24.941768769029455, 60.193636582219376 ], [ 24.941465320853666, 60.193763720820449 ], [ 24.941161890162096, 60.193890857835655 ], [ 24.941023150969396, 60.193948140092388 ], [ 24.940912826953355, 60.19399438165177 ], [ 24.94051978452655, 60.19415912009967 ], [ 24.940043999606587, 60.194358532387845 ], [ 24.939876661271114, 60.194429039236091 ], [ 24.939331389655464, 60.194657036425937 ], [ 24.938827527923586, 60.194867720759419 ], [ 24.938440989138666, 60.195029336179267 ], [ 24.938303275742317, 60.195087273059613 ], [ 24.937668424149447, 60.195352890576594 ], [ 24.936682510897356, 60.195759872881432 ], [ 24.936495715092462, 60.195768855910821 ], [ 24.936318597398429, 60.195777372115728 ], [ 24.936194136465897, 60.195742483233253 ], [ 24.935867945428495, 60.19566231823454 ], [ 24.935770986061776, 60.195638804216522 ], [ 24.935452636788771, 60.195561599507165 ], [ 24.93529381579534, 60.195522736209632 ], [ 24.93442940480988, 60.195313244282552 ], [ 24.934414251444188, 60.195247899418469 ], [ 24.934494907812681, 60.195243574540143 ], [ 24.934126929728592, 60.194008876108882 ], [ 24.934044842745287, 60.193654902630215 ], [ 24.933976611628545, 60.193360672715265 ], [ 24.933886127039866, 60.19320062570354 ], [ 24.933800185241076, 60.192911119579968 ], [ 24.933788992645454, 60.192882538979269 ], [ 24.933494849911902, 60.192919288811808 ], [ 24.933051424469635, 60.192884163023628 ], [ 24.932628672965883, 60.192840835551173 ], [ 24.932646676420763, 60.192778006950761 ] ] ] } },
{ "type": "Feature", "properties": { "id": 111537, "aluejako": "KAUPUNGINOSA", "kunta": "091", "tunnus": "07", "nimi_fi": "ULLANLINNA", "nimi_se": "ULRIKASBORG", "yhtluontipvm": "2009-12-30", "yhtmuokkauspvm": "2021-12-09", "yhtdatanomistaja": "Helsinki/Kami", "paivitetty_tietopalveluun": "2025-11-21" }, "geometry": { "type": "Polygon", "coordinates": [ [ [ 24.954638112930983, 60.158849513593971 ], [ 24.954669435167478, 60.158873384067313 ], [ 24.954697456645697, 60.158898252962558 ], [ 24.954722049793151, 60.158924007068876 ], [ 24.95474310264354, 60.158950529143837 ], [ 24.954760519347307, 60.158977698443969 ], [ 24.954774220606534, 60.159005391287032 ], [ 24.954784144038236, 60.159033481599685 ], [ 24.954790244456106, 60.159061841507047 ], [ 24.954792494078671, 60.159090341896636 ], [ 24.954792467431016, 60.159096784973016 ], [ 24.954792243843794, 60.159103227101347 ], [ 24.954791823368943, 60.159109666785213 ], [ 24.954791206103778, 60.159116102526049 ], [ 24.954790392191295, 60.159122532833443 ], [ 24.954789381820692, 60.159128956212378 ], [ 24.954788175226245, 60.15913537117639 ], [ 24.955107126048336, 60.159689888021354 ], [ 24.955266101550091, 60.159966269066992 ], [ 24.955364913502684, 60.160138058451977 ], [ 24.955424709483395, 60.160240777506573 ], [ 24.955531823700142, 60.160426831546125 ], [ 24.955632223265727, 60.160601221440444 ], [ 24.955642956601505, 60.160599686640715 ], [ 24.955705659742215, 60.160708596903426 ], [ 24.955947775087719, 60.161056396489116 ], [ 24.956001038230966, 60.161134207115971 ], [ 24.956050458821114, 60.161206411276694 ], [ 24.956159988179021, 60.161406837073343 ], [ 24.956091996969651, 60.161816127445974 ], [ 24.955982262318603, 60.161930145688117 ], [ 24.955867112159741, 60.162028904666087 ], [ 24.956107059270693, 60.16212315387844 ], [ 24.956798382120692, 60.16239468644946 ], [ 24.957043763460398, 60.162491064707481 ], [ 24.957830973118334, 60.162800247103391 ], [ 24.960389455200879, 60.163737426145659 ], [ 24.958047913407558, 60.164680519735498 ], [ 24.954827118053306, 60.164575705877724 ], [ 24.954492030042633, 60.164564797375498 ], [ 24.954204725848854, 60.164459752103291 ], [ 24.9532475372718, 60.164109774869502 ], [ 24.952962892563548, 60.164005696285194 ], [ 24.952897532917969, 60.163981798381606 ], [ 24.952932876091964, 60.163694862267064 ], [ 24.953013669677667, 60.163038878068313 ], [ 24.951774750609538, 60.163007371721918 ], [ 24.951462554861177, 60.16299943116514 ], [ 24.950116828566944, 60.1629651918877 ], [ 24.950096062847372, 60.163165047584371 ], [ 24.949830326008264, 60.163160746749838 ], [ 24.94821984208075, 60.163134634371652 ], [ 24.948249416691404, 60.163033462986924 ], [ 24.948259811321083, 60.162947939984946 ], [ 24.947993911488282, 60.162939771472921 ], [ 24.946383312163135, 60.162890299661683 ], [ 24.945773164125288, 60.162871551764944 ], [ 24.945641983051569, 60.162969214111399 ], [ 24.94551946048956, 60.163058493763636 ], [ 24.945108907965313, 60.163357648430804 ], [ 24.944796795533442, 60.163252816590784 ], [ 24.942986349746665, 60.162644687722199 ], [ 24.942858271547749, 60.16260166349165 ], [ 24.942778797585778, 60.162573342172692 ], [ 24.94280680858553, 60.162553249253712 ], [ 24.94272398980214, 60.162187846215765 ], [ 24.942746826102592, 60.162171040574854 ], [ 24.942801460471927, 60.161919547782766 ], [ 24.94279292547504, 60.161874193834599 ], [ 24.942711093771408, 60.161439382209366 ], [ 24.942656986179138, 60.161318223412167 ], [ 24.942602151966454, 60.161269057278169 ], [ 24.94231388535761, 60.160883891478413 ], [ 24.942207004336264, 60.160741084945975 ], [ 24.942214511971226, 60.160691920686624 ], [ 24.942255077756805, 60.16042617519021 ], [ 24.942303755116239, 60.160107278768379 ], [ 24.942323912303969, 60.16000416316411 ], [ 24.942383721860537, 60.159632250833575 ], [ 24.942446059179371, 60.159244415300456 ], [ 24.942466753368443, 60.159110645124024 ], [ 24.941906810315015, 60.15869489020605 ], [ 24.941283466722069, 60.158232908140626 ], [ 24.941334759561428, 60.158129210478045 ], [ 24.941412054346124, 60.157972497795299 ], [ 24.941427175007568, 60.157937383909626 ], [ 24.941656368513996, 60.157462955269601 ], [ 24.941806433339394, 60.157152313336248 ], [ 24.941881474594037, 60.156996991855813 ], [ 24.941956513339555, 60.156841670328276 ], [ 24.942032127929991, 60.156685127446728 ], [ 24.94210835287306, 60.156527185511152 ], [ 24.942246451386499, 60.156241135953707 ], [ 24.942316182807314, 60.156096720666113 ], [ 24.942385895611693, 60.155952304433185 ], [ 24.942455625824174, 60.155807880090251 ], [ 24.942616138896437, 60.155475415178394 ], [ 24.942729379604632, 60.155240852808937 ], [ 24.942810265692994, 60.155073111247908 ], [ 24.942821003217187, 60.155050844172699 ], [ 24.942896747355448, 60.154893762285838 ], [ 24.943310826374141, 60.154035002749104 ], [ 24.943707015828082, 60.153213306467926 ], [ 24.936635613802345, 60.153214351907621 ], [ 24.938578992146521, 60.146626189881779 ], [ 24.952421484668438, 60.146623585203272 ], [ 24.952924490076853, 60.149002766188367 ], [ 24.953400833580268, 60.1512555263539 ], [ 24.956280860386482, 60.153300268583159 ], [ 24.950574907134655, 60.155083588372229 ], [ 24.950452561771854, 60.155340775781987 ], [ 24.95014724283676, 60.155982518824857 ], [ 24.9500858340385, 60.156111597814323 ], [ 24.950348943859726, 60.156142629678094 ], [ 24.950922332194498, 60.156211790054378 ], [ 24.951065141111791, 60.156313088733263 ], [ 24.95143121114004, 60.156573504520331 ], [ 24.95196013928474, 60.156949761827924 ], [ 24.952237840794723, 60.157147305219631 ], [ 24.952515547436111, 60.15734484892203 ], [ 24.952881822094891, 60.157605386385249 ], [ 24.95306781676198, 60.157736802808159 ], [ 24.953456607333855, 60.158015077650745 ], [ 24.953603882833264, 60.158120492172536 ], [ 24.954240562928394, 60.158567789965772 ], [ 24.954638112930983, 60.158849513593971 ] ] ] } },
{ "type": "Feature", "properties": { "id": 111538, "aluejako": "KAUPUNGINOSA", "kunta": "091", "tunnus": "58", "nimi_fi": "KARHUSAARI", "nimi_se": "BJÖRNSÖ", "yhtluontipvm": "2009-12-30", "yhtmuokkauspvm": "2025-06-12", "yhtdatanomistaja": "Helsinki/Kami", "paivitetty_tietopalveluun": "2025-11-21" }, "geometry": { "type": "Polygon", "coordinates": [ [ [ 25.20864259574503, 60.253827486180327 ], [ 25.208629198292233, 60.253834825693218 ], [ 25.208614870444372, 60.253841717515797 ], [ 25.208599672638137, 60.253848132578653 ], [ 25.208583668980214, 60.253854043819068 ], [ 25.208566926976502, 60.253859426305901 ], [ 25.208549517247206, 60.253864257332985 ], [ 25.20853151323016, 60.253868516521308 ], [ 25.208512990868893, 60.253872185904626 ], [ 25.208494028294005, 60.253875250008718 ], [ 25.208474705493344, 60.25387769590472 ], [ 25.208455103974327, 60.253879513277447 ], [ 25.208435306419272, 60.25388069445917 ], [ 25.208415396338349, 60.253881234467876 ], [ 25.208395457716275, 60.253881131026013 ], [ 25.208375574657449, 60.253880384569598 ], [ 25.208355831032691, 60.253878998250975 ], [ 25.208336310124619, 60.253876977911396 ], [ 25.208302826531515, 60.253873535709886 ], [ 25.208268951420731, 60.253871225936926 ], [ 25.208234839672571, 60.253870059155929 ], [ 25.208200647249132, 60.253870040695695 ], [ 25.208166530481495, 60.253871170645084 ], [ 25.20813264535429, 60.253873443839169 ], [ 25.208099146793927, 60.25387684987907 ], [ 25.208006030726132, 60.253887960070585 ], [ 25.207946960787115, 60.253891651707534 ], [ 25.207928461450724, 60.253892488662459 ], [ 25.207909890194784, 60.253892693575644 ], [ 25.207891334344229, 60.253892265488034 ], [ 25.207872881152344, 60.253891206413783 ], [ 25.20785461738922, 60.253889521328382 ], [ 25.207836628934672, 60.253887218157814 ], [ 25.207819000373242, 60.253884307733429 ], [ 25.207801814597822, 60.253880803737381 ], [ 25.20778515241863, 60.25387672264808 ], [ 25.20776909218382, 60.253872083655828 ], [ 25.20775370941173, 60.253866908572249 ], [ 25.207739076433711, 60.253861221733303 ], [ 25.207725262056783, 60.253855049879185 ], [ 25.207712331237634, 60.25384842202989 ], [ 25.207700344778591, 60.253841369351747 ], [ 25.207689359041122, 60.253833925008756 ], [ 25.207679425681583, 60.253826124000405 ], [ 25.207673422425113, 60.253821377451168 ], [ 25.207666834594164, 60.253816826432079 ], [ 25.207659687893571, 60.25381248870228 ], [ 25.207652010207763, 60.253808381182722 ], [ 25.207643831493602, 60.253804519901621 ], [ 25.207635183661768, 60.253800919927457 ], [ 25.207626100454686, 60.253797595302174 ], [ 25.207616617312038, 60.25379455899855 ], [ 25.207606771234897, 60.253791822863754 ], [ 25.207596600640031, 60.253789397575744 ], [ 25.207586145210509, 60.253787292592882 ], [ 25.207349308187879, 60.253743836883395 ], [ 25.207169081828226, 60.253754452417866 ], [ 25.206987536202995, 60.253729173733973 ], [ 25.206820081772712, 60.253596051030485 ], [ 25.206672995526365, 60.253525577593884 ], [ 25.206435964698311, 60.253464896854084 ], [ 25.206327935021925, 60.253456956428039 ], [ 25.206218638817006, 60.253448919152241 ], [ 25.206001644012233, 60.253441914140112 ], [ 25.205604424126449, 60.253445522184045 ], [ 25.205541210547064, 60.253440646807164 ], [ 25.205187830295415, 60.253413398477427 ], [ 25.205006945659733, 60.253406064081304 ], [ 25.204415085655523, 60.253252526871812 ], [ 25.204004013143138, 60.25314587397672 ], [ 25.203803099365679, 60.253084861093562 ], [ 25.203565088246322, 60.252997256061938 ], [ 25.20341848849084, 60.252935813766854 ], [ 25.203271594154707, 60.252874247901026 ], [ 25.203126823865116, 60.252866583701781 ], [ 25.202851060703527, 60.252734437501658 ], [ 25.202648177361709, 60.252619583629141 ], [ 25.202552639233215, 60.25256602537263 ], [ 25.203110596635543, 60.252345008503077 ], [ 25.203041706743502, 60.25227986393395 ], [ 25.20278501240907, 60.252081523908451 ], [ 25.202103371985025, 60.252307814967182 ], [ 25.201608941716501, 60.252482392301658 ], [ 25.20138155579281, 60.252305947120419 ], [ 25.201856055512877, 60.252135866166114 ], [ 25.202576084698645, 60.251895785512907 ], [ 25.202331236162745, 60.251810277262642 ], [ 25.201801620961422, 60.251736412783238 ], [ 25.201546006224902, 60.25169715599062 ], [ 25.201330441711278, 60.251653094509166 ], [ 25.201148253167869, 60.251609861704914 ], [ 25.200818672906692, 60.251487174734592 ], [ 25.20068913080252, 60.251418344823961 ], [ 25.200627660888941, 60.251359798566426 ], [ 25.200605918101825, 60.251304176030239 ], [ 25.200617890080697, 60.251243062697142 ], [ 25.200657031680056, 60.251189737093014 ], [ 25.200810796226808, 60.251062507490509 ], [ 25.201132716380577, 60.250890259181404 ], [ 25.200429255461739, 60.250772914661795 ], [ 25.199722451836351, 60.250655008691588 ], [ 25.200449055098275, 60.250378267076378 ], [ 25.200781848998751, 60.250251845370769 ], [ 25.201353475911983, 60.250034689769222 ], [ 25.20139055372513, 60.25002058351042 ], [ 25.201487666489832, 60.249983647979356 ], [ 25.201550111359921, 60.250010073588548 ], [ 25.20195505625491, 60.250181500606367 ], [ 25.202640069658447, 60.249941409919138 ], [ 25.203680208941591, 60.249576844108319 ], [ 25.204738568079964, 60.249205874890549 ], [ 25.206131071800119, 60.248717763775076 ], [ 25.206173806563484, 60.248755314053547 ], [ 25.206886903516633, 60.249381695559308 ], [ 25.207451184001563, 60.248509914317353 ], [ 25.207557186662243, 60.24834614037637 ], [ 25.207636093818618, 60.248224224034971 ], [ 25.208315578919876, 60.24783880951874 ], [ 25.209263576974742, 60.247287871214041 ], [ 25.209016201866195, 60.247009183636038 ], [ 25.211908758155044, 60.246881123291516 ], [ 25.21624026699542, 60.245785890159581 ], [ 25.218701878839958, 60.245101199151208 ], [ 25.221637799348102, 60.244275756045269 ], [ 25.223101017075148, 60.242836650477756 ], [ 25.224819055405789, 60.243830066092471 ], [ 25.225892746934559, 60.244450861487564 ], [ 25.22706756492741, 60.245130073668669 ], [ 25.237086947268843, 60.245989497714909 ], [ 25.240914851834379, 60.246317645708807 ], [ 25.240862942673683, 60.247267250075616 ], [ 25.24075564029237, 60.249229791269407 ], [ 25.240824520301629, 60.250549188388653 ], [ 25.239289700276515, 60.25315272655763 ], [ 25.238590422695072, 60.254338784060728 ], [ 25.237452478674015, 60.256268688349337 ], [ 25.233497534492091, 60.256574991202278 ], [ 25.232967980768407, 60.256615996277766 ], [ 25.232698961318601, 60.256636824082761 ], [ 25.231688804081518, 60.256715033525673 ], [ 25.23096783754891, 60.256734057096864 ], [ 25.228941582645799, 60.256836783136691 ], [ 25.227820451598802, 60.256892090440054 ], [ 25.226809607364132, 60.256954457420854 ], [ 25.226161828418981, 60.25689879223092 ], [ 25.225228155084341, 60.256833265896979 ], [ 25.22525048831503, 60.256799129744003 ], [ 25.224400365455381, 60.256682847406701 ], [ 25.223531951938725, 60.25655984275047 ], [ 25.223339695885539, 60.256531533963113 ], [ 25.22272019174877, 60.256446104092085 ], [ 25.221807609433039, 60.256318243748474 ], [ 25.222093528478432, 60.255499087761564 ], [ 25.221828391767136, 60.255460021456791 ], [ 25.221536008251498, 60.256290967783841 ], [ 25.221485263868569, 60.256292314366597 ], [ 25.220959514275137, 60.256306225147796 ], [ 25.218623453776431, 60.25636801777511 ], [ 25.216179670142431, 60.256432622057652 ], [ 25.214873055271163, 60.255691762143634 ], [ 25.214120960797878, 60.255265331042203 ], [ 25.210958048329413, 60.255051361769574 ], [ 25.210208285093973, 60.255000641843843 ], [ 25.209579558877969, 60.254497412882003 ], [ 25.209264850480864, 60.254246024001127 ], [ 25.208760007062466, 60.253842744634788 ], [ 25.208699348500947, 60.253794290501034 ], [ 25.20864259574503, 60.253827486180327 ] ] ] } },
{ "type": "Feature", "properties": { "id": 111539, "aluejako": "KAUPUNGINOSA", "kunta": "091", "tunnus": "16", "nimi_fi": "RUSKEASUO", "nimi_se": "BRUNAKÄRR", "yhtluontipvm": "2009-12-30", "yhtmuokkauspvm": "2020-12-03", "yhtdatanomistaja": "Helsinki/Kami", "paivitetty_tietopalveluun": "2025-11-21" }, "geometry": { "type": "Polygon", "coordinates": [ [ [ 24.890655174909174, 60.197154729746835 ], [ 24.897876483163373, 60.197362230295603 ], [ 24.89787959548276, 60.197335350446906 ], [ 24.897881287557205, 60.197326196323552 ], [ 24.89788423047295, 60.197317121024902 ], [ 24.897888410508433, 60.197308166862086 ], [ 24.897893808174217, 60.197299375581593 ], [ 24.897900398304486, 60.19729078816956 ], [ 24.897908150173407, 60.197282444664097 ], [ 24.897917027639146, 60.197274383963894 ], [ 24.897926989312076, 60.197266643648632 ], [ 24.89793798874787, 60.197259259806721 ], [ 24.897949974664158, 60.197252266862932 ], [ 24.897962891179517, 60.197245697419518 ], [ 24.897976678073629, 60.197239582106114 ], [ 24.89799127106852, 60.197233949432295 ], [ 24.898006602128454, 60.197228825659415 ], [ 24.898022599776738, 60.197224234672859 ], [ 24.898039189428314, 60.197220197880391 ], [ 24.898056293738787, 60.197216734101922 ], [ 24.898073832964396, 60.197213859485295 ], [ 24.898091725333515, 60.19721158743085 ], [ 24.898109887428514, 60.197209928535422 ], [ 24.898128234573946, 60.197208890528771 ], [ 24.898146681231697, 60.197208478253124 ], [ 24.898165141399712, 60.197208693629342 ], [ 24.89920904960578, 60.197238655742595 ], [ 24.899190373151811, 60.197399943094112 ], [ 24.899532348869798, 60.197409756007538 ], [ 24.9010622276571, 60.197453646965982 ], [ 24.901710150693187, 60.197472228330874 ], [ 24.902306572867719, 60.197489330352781 ], [ 24.902702545150266, 60.197500683493843 ], [ 24.90279253511941, 60.197503263491612 ], [ 24.902817547504075, 60.197287006813085 ], [ 24.902823451350041, 60.197235956327631 ], [ 24.902828215788439, 60.197236631692377 ], [ 24.902833024019653, 60.197237225169047 ], [ 24.902837870366501, 60.197237736062526 ], [ 24.902842749108213, 60.197238163763039 ], [ 24.902847654484269, 60.19723850776824 ], [ 24.902852580703286, 60.197238767675003 ], [ 24.902857521950175, 60.197238943171094 ], [ 24.908433477622427, 60.197389052054248 ], [ 24.910446339416588, 60.197418391118688 ], [ 24.913900365608246, 60.197024686121836 ], [ 24.91788314708338, 60.196570587157282 ], [ 24.917371399557673, 60.200154716412406 ], [ 24.917185739558185, 60.201454805936088 ], [ 24.91704307114793, 60.202453781065287 ], [ 24.916435559334971, 60.202641056467691 ], [ 24.916167732763942, 60.203208160462374 ], [ 24.916153759955854, 60.203242289500466 ], [ 24.916143903787468, 60.203276772756851 ], [ 24.916138199403015, 60.203311487324243 ], [ 24.916136667148315, 60.203346309463981 ], [ 24.916139312497961, 60.203381115055578 ], [ 24.916146126036047, 60.203415780040793 ], [ 24.9161570834899, 60.203450180858653 ], [ 24.916172145814929, 60.203484194889334 ], [ 24.916191259335402, 60.203517700892547 ], [ 24.916224261220375, 60.203563721777392 ], [ 24.91626388352757, 60.203608429750531 ], [ 24.916309917487396, 60.203651589215113 ], [ 24.916362120540846, 60.203692972736633 ], [ 24.916420217615773, 60.203732362234931 ], [ 24.916483902577706, 60.203769550139029 ], [ 24.916552839842154, 60.203804340476943 ], [ 24.916626666142228, 60.203836549913326 ], [ 24.916704992444267, 60.203866008709987 ], [ 24.916781113182633, 60.203892534805959 ], [ 24.916839209866577, 60.203937963413225 ], [ 24.916806379668294, 60.203948078319435 ], [ 24.916773047924135, 60.20395777834058 ], [ 24.916739235791979, 60.203967057323602 ], [ 24.916704964735207, 60.20397590937479 ], [ 24.916670256508088, 60.203984328878015 ], [ 24.916635133142467, 60.203992310488132 ], [ 24.916599616934104, 60.203999849136189 ], [ 24.916484869034377, 60.204023939501276 ], [ 24.916370973616647, 60.204049012185216 ], [ 24.916257964619742, 60.204075059715542 ], [ 24.916145875718946, 60.204102074333193 ], [ 24.916034740315698, 60.204130047984663 ], [ 24.915924591526714, 60.204158972341126 ], [ 24.915815462175765, 60.204188838777064 ], [ 24.916425134582003, 60.20477205870057 ], [ 24.916265167226705, 60.204813486076446 ], [ 24.915355266837317, 60.205049123045853 ], [ 24.915146013468327, 60.205199973456523 ], [ 24.914735114361939, 60.205496184330734 ], [ 24.914534160732021, 60.205641045334417 ], [ 24.913630299189027, 60.20587509019073 ], [ 24.909672620577133, 60.208209899877545 ], [ 24.909514199782976, 60.208303348705904 ], [ 24.908565450143303, 60.208203801926572 ], [ 24.908404511289717, 60.208187368311862 ], [ 24.908243224799168, 60.208171801922362 ], [ 24.908081609534261, 60.208157104584195 ], [ 24.90791968439629, 60.208143278015328 ], [ 24.907757468323702, 60.208130323828485 ], [ 24.907594980286998, 60.208118243543758 ], [ 24.907432239290138, 60.208107038568819 ], [ 24.907355430160454, 60.208054591995101 ], [ 24.907275329018255, 60.208048176837032 ], [ 24.907195202016844, 60.208041842221107 ], [ 24.907115049483863, 60.208035588171974 ], [ 24.907034871745392, 60.208029414717231 ], [ 24.906954669129014, 60.208023321877022 ], [ 24.906874441961374, 60.208017309685374 ], [ 24.906794190570167, 60.208011378156662 ], [ 24.906554771847027, 60.207994172984925 ], [ 24.906315149224561, 60.207977686340975 ], [ 24.906075331403983, 60.207961918827372 ], [ 24.905835327093513, 60.207946871014457 ], [ 24.905595145008238, 60.207932543450156 ], [ 24.905354793869332, 60.207918936655879 ], [ 24.905114282404845, 60.207906051121611 ], [ 24.904957759295257, 60.207898057817118 ], [ 24.904801174462357, 60.207890369972617 ], [ 24.904644530310996, 60.207882987712111 ], [ 24.904487829248303, 60.207875911143006 ], [ 24.904331073680304, 60.207869140380325 ], [ 24.904174266015687, 60.207862675525107 ], [ 24.904017408663442, 60.207856516673452 ], [ 24.904002745668656, 60.207855957963325 ], [ 24.903988082348533, 60.207855401373187 ], [ 24.903973418703664, 60.207854846907068 ], [ 24.903958754736021, 60.207854294563923 ], [ 24.903944090446675, 60.207853744339481 ], [ 24.90392942583647, 60.207853196241246 ], [ 24.903914760906943, 60.207852650261145 ], [ 24.903841883293286, 60.207850862953265 ], [ 24.903768917269279, 60.207850889010103 ], [ 24.903696044886285, 60.207852728369019 ], [ 24.90362344796084, 60.207856376440674 ], [ 24.903551307624017, 60.207861824120684 ], [ 24.903479803866354, 60.207869057818783 ], [ 24.90340911509141, 60.207878059486262 ], [ 24.903352795037758, 60.207885279311498 ], [ 24.903295858628972, 60.20789118152193 ], [ 24.903238430249594, 60.207895753227973 ], [ 24.903180635359327, 60.207898984438749 ], [ 24.903122600218751, 60.207900868094015 ], [ 24.903064451612742, 60.207901400085511 ], [ 24.903006316575052, 60.207900579244146 ], [ 24.902837340138671, 60.207896402827359 ], [ 24.902668329714945, 60.207892582470926 ], [ 24.902499288330361, 60.20788911825246 ], [ 24.902330219013976, 60.207886010225224 ], [ 24.902161124793476, 60.207883258449911 ], [ 24.90199200869759, 60.207880862977568 ], [ 24.901822873756196, 60.207878823843728 ], [ 24.901673294667368, 60.207801014874235 ], [ 24.901396664686239, 60.207798990975107 ], [ 24.901120013375472, 60.207797909467509 ], [ 24.900843353688568, 60.207797770405861 ], [ 24.900566698578977, 60.207798573797426 ], [ 24.90029006100119, 60.20780031960129 ], [ 24.900013453907345, 60.207803007739251 ], [ 24.899736890249937, 60.207806638080648 ], [ 24.899731371705982, 60.207806627099444 ], [ 24.899725867421104, 60.207806429486595 ], [ 24.899720402847517, 60.207806046159199 ], [ 24.899715003254496, 60.207805478886961 ], [ 24.899709693610333, 60.207804730293624 ], [ 24.899704498467742, 60.207803803841109 ], [ 24.899699441849467, 60.207802703813861 ], [ 24.899694547138431, 60.207801435299977 ], [ 24.899689836968012, 60.207800004161562 ], [ 24.899685333118889, 60.207798417020328 ], [ 24.899681056417691, 60.207796681211008 ], [ 24.899677026639612, 60.207794804764724 ], [ 24.8996732624198, 60.207792796356308 ], [ 24.899669781163819, 60.207790665270707 ], [ 24.899666598969773, 60.207788421367482 ], [ 24.89966373055206, 60.207786075019662 ], [ 24.899661189174939, 60.207783637076254 ], [ 24.899658986590115, 60.207781118812065 ], [ 24.899657132982004, 60.207778531870979 ], [ 24.899655636922251, 60.207775888216297 ], [ 24.899654505328904, 60.207773200070825 ], [ 24.899653743433735, 60.207770479868508 ], [ 24.89965335476046, 60.207767740184572 ], [ 24.898833023751568, 60.207717449986873 ], [ 24.898256630074176, 60.207666250621671 ], [ 24.895707488938989, 60.20796375481077 ], [ 24.894339471763825, 60.207138747171598 ], [ 24.894312738492332, 60.207121812590209 ], [ 24.894287668528353, 60.207104259161618 ], [ 24.894264319610162, 60.207086127324764 ], [ 24.894242745513264, 60.207067458833883 ], [ 24.894222995924462, 60.207048296689727 ], [ 24.894205116328127, 60.207028685026621 ], [ 24.894189147901013, 60.207008669012382 ], [ 24.893808366572461, 60.206495839115377 ], [ 24.893772878878281, 60.206443064446866 ], [ 24.893744031053217, 60.206389296602424 ], [ 24.893721933971978, 60.206334742303277 ], [ 24.893706672555417, 60.206279611287052 ], [ 24.893698305442342, 60.206224115507034 ], [ 24.893696864765268, 60.206168468319959 ], [ 24.893702356028069, 60.206112883661739 ], [ 24.893714758084155, 60.206057575232414 ], [ 24.89373402321942, 60.206002755657494 ], [ 24.893738023960434, 60.205991273385365 ], [ 24.893740519314367, 60.205979686106787 ], [ 24.893741498765749, 60.205968042659833 ], [ 24.893740958188229, 60.205956392118672 ], [ 24.893738899861379, 60.205944783586276 ], [ 24.893735332462395, 60.205933265992087 ], [ 24.893730271028396, 60.205921887878276 ], [ 24.893723736893268, 60.20591069720161 ], [ 24.893715757598905, 60.205899741123517 ], [ 24.893706366776502, 60.205889065826909 ], [ 24.893695604007171, 60.205878716301058 ], [ 24.893492648884372, 60.205698161479717 ], [ 24.893461789592212, 60.205668597051528 ], [ 24.893434662425339, 60.205638139457399 ], [ 24.893411371196684, 60.205606905273839 ], [ 24.893392005038013, 60.205575014040321 ], [ 24.893376638057259, 60.20554258781349 ], [ 24.893365329056266, 60.205509750698965 ], [ 24.893358121305052, 60.20547662837015 ], [ 24.893355042376847, 60.205443347599825 ], [ 24.893356104043324, 60.205410035753161 ], [ 24.893370003543634, 60.205262328929557 ], [ 24.893384410813923, 60.205109258811319 ], [ 24.893394134435223, 60.205049329663943 ], [ 24.893395348921967, 60.20498920844917 ], [ 24.893388048281665, 60.20492919410664 ], [ 24.893372268860638, 60.204869585021342 ], [ 24.893348089160419, 60.204810677580177 ], [ 24.893315629448029, 60.204752764668058 ], [ 24.893275051156756, 60.204696134226879 ], [ 24.893226556081189, 60.204641067825214 ], [ 24.893170385375708, 60.204587839245306 ], [ 24.893106818353402, 60.204536713139596 ], [ 24.893036171096043, 60.204487943697231 ], [ 24.892541479048383, 60.204170657520329 ], [ 24.89231074952394, 60.204059411500829 ], [ 24.892206413129887, 60.204005480316674 ], [ 24.892109856637731, 60.203948071502971 ], [ 24.892021546617983, 60.203887462490663 ], [ 24.891941909783039, 60.203823946172101 ], [ 24.89187133092495, 60.203757829491096 ], [ 24.891810151057271, 60.203689431951311 ], [ 24.891758665766964, 60.20361908408124 ], [ 24.89171712378856, 60.203547125828365 ], [ 24.891685725801622, 60.203473904920962 ], [ 24.891664623463722, 60.203399775186355 ], [ 24.891653918677296, 60.203325094842945 ], [ 24.891653663099461, 60.2032502247664 ], [ 24.891663857894581, 60.203175526744417 ], [ 24.891684453728082, 60.203101361735683 ], [ 24.891715351007417, 60.203028088115573 ], [ 24.891756400364521, 60.202956059953628 ], [ 24.891807403379083, 60.202885625296879 ], [ 24.891868113537633, 60.202817124491567 ], [ 24.891938237427173, 60.202750888533004 ], [ 24.892017436151743, 60.202687237481186 ], [ 24.892105326974029, 60.202626478891332 ], [ 24.892543959290915, 60.20234447060561 ], [ 24.8922427452991, 60.202177741508251 ], [ 24.891710600776182, 60.201883185083673 ], [ 24.891494144301074, 60.201677265025999 ], [ 24.891393403182516, 60.201394621619016 ], [ 24.891182506893564, 60.200183470141575 ], [ 24.890655174909174, 60.197154729746835 ] ] ] } },
{ "type": "Feature", "properties": { "id": 111540, "aluejako": "KAUPUNGINOSA", "kunta": "091", "tunnus": "34", "nimi_fi": "PAKILA", "nimi_se": "BAGGBÖLE", "yhtluontipvm": "2009-12-30", "yhtmuokkauspvm": "2020-11-25", "yhtdatanomistaja": "Helsinki/Kami", "paivitetty_tietopalveluun": "2025-11-21" }, "geometry": { "type": "Polygon", "coordinates": [ [ [ 24.912222086250615, 60.244839138011294 ], [ 24.912325973868843, 60.244545655540271 ], [ 24.912423486549876, 60.244254829959502 ], [ 24.912440369515831, 60.244178952780359 ], [ 24.912546543125561, 60.243895342698892 ], [ 24.912628140666474, 60.243629681395909 ], [ 24.912655932139902, 60.243539841239517 ], [ 24.91272255359749, 60.243332710792195 ], [ 24.912802215714763, 60.24308502929243 ], [ 24.91294796728652, 60.242635954743427 ], [ 24.912977068175451, 60.242546624267689 ], [ 24.91299661739108, 60.242484320365577 ], [ 24.912521775798687, 60.242130901189576 ], [ 24.912559945570738, 60.242021226973179 ], [ 24.912713131912639, 60.241542899674151 ], [ 24.912736713401429, 60.241463866611916 ], [ 24.912817814862748, 60.241224420861123 ], [ 24.912899200812539, 60.24095896468426 ], [ 24.912925873053688, 60.240903110063812 ], [ 24.912960396362678, 60.240848328889356 ], [ 24.913002599018288, 60.240794893584258 ], [ 24.913052271114392, 60.240743069875748 ], [ 24.913109165602769, 60.240693115477008 ], [ 24.913172999523646, 60.240645278805857 ], [ 24.913243455411781, 60.240599797743755 ], [ 24.913320182876774, 60.240556898462501 ], [ 24.913402800345153, 60.240516794289356 ], [ 24.913703914310055, 60.240380600998741 ], [ 24.913392506988032, 60.239470271862729 ], [ 24.913909361666782, 60.239116660697512 ], [ 24.914196190945436, 60.238920408325164 ], [ 24.914297609914925, 60.23861958870949 ], [ 24.914352570236762, 60.238456548356552 ], [ 24.914500919784842, 60.238014112548399 ], [ 24.914685776789263, 60.237460483745217 ], [ 24.914701345073585, 60.237400224265684 ], [ 24.914782966762012, 60.237165139532479 ], [ 24.914860609974355, 60.236941498455906 ], [ 24.915013628558707, 60.236483516970274 ], [ 24.915027393724035, 60.236443029889138 ], [ 24.915040482937169, 60.236403566461441 ], [ 24.915218490122989, 60.235866621176562 ], [ 24.915390495553414, 60.23534783341524 ], [ 24.915555802464365, 60.234921111217943 ], [ 24.915671079257624, 60.23493176914269 ], [ 24.915739642152793, 60.23472893466225 ], [ 24.915814686095839, 60.234506913146781 ], [ 24.916234211215095, 60.23455983249049 ], [ 24.916549207340783, 60.234599563757499 ], [ 24.916584352215125, 60.234530804112957 ], [ 24.917572898001783, 60.234655607392057 ], [ 24.917701587257039, 60.234671851860497 ], [ 24.918264651852983, 60.234742104336739 ], [ 24.918719823325446, 60.234798889089959 ], [ 24.919139984404353, 60.234851300603246 ], [ 24.919507621465254, 60.234897168221998 ], [ 24.919875261383439, 60.234943024950574 ], [ 24.920242902305752, 60.234988890533614 ], [ 24.920433245122194, 60.235012630595975 ], [ 24.920610544280123, 60.235034745225377 ], [ 24.921081097314531, 60.235093443722342 ], [ 24.921135487220855, 60.23510022820853 ], [ 24.921335715779676, 60.235121454364823 ], [ 24.921870358005801, 60.235169368240172 ], [ 24.922291229654153, 60.235207086511252 ], [ 24.922712214135068, 60.235244821463617 ], [ 24.923085239599576, 60.235278247849607 ], [ 24.923458265824664, 60.235311673187226 ], [ 24.923831292789469, 60.235345106451838 ], [ 24.924204320535736, 60.235378529692746 ], [ 24.924577349021874, 60.235411960860645 ], [ 24.924683913269529, 60.235421507421002 ], [ 24.925044344912482, 60.235453807310897 ], [ 24.925404777287998, 60.235486096349149 ], [ 24.925765210351127, 60.235518394281513 ], [ 24.926125660391119, 60.235550681371251 ], [ 24.92648609487421, 60.235582977346048 ], [ 24.926825374701124, 60.23561336957426 ], [ 24.927164656960002, 60.235643761833778 ], [ 24.927503938024998, 60.235674161302832 ], [ 24.927843219736854, 60.235704551826764 ], [ 24.928182503884596, 60.23573494058693 ], [ 24.928521786834711, 60.235765338351726 ], [ 24.928861070452804, 60.235795717298558 ], [ 24.929204471041722, 60.235826470948297 ], [ 24.929651882248706, 60.235866538745135 ], [ 24.929620793443906, 60.235936329859044 ], [ 24.929618577496235, 60.235941955332137 ], [ 24.930272966711971, 60.236003236160002 ], [ 24.930992158300338, 60.236075299039804 ], [ 24.93158928148193, 60.236133402217789 ], [ 24.931700761727605, 60.236150642039476 ], [ 24.93201299413488, 60.2361903279836 ], [ 24.932401030055576, 60.236239643776969 ], [ 24.932678485702283, 60.236277413049891 ], [ 24.93306248565829, 60.236327710354722 ], [ 24.933425893522344, 60.236375309001417 ], [ 24.933927323543404, 60.236440320293333 ], [ 24.934148269758932, 60.236468963627928 ], [ 24.934225348606535, 60.236479162839515 ], [ 24.934574051886894, 60.236525290763666 ], [ 24.93489861134362, 60.2365682250677 ], [ 24.935123039516888, 60.236597693321045 ], [ 24.935169064103594, 60.236510781461135 ], [ 24.934894184869911, 60.23647479308773 ], [ 24.935032767459557, 60.236214435801003 ], [ 24.935125265151026, 60.236040653622645 ], [ 24.935594640714157, 60.236102728652888 ], [ 24.936064358338474, 60.236164316620446 ], [ 24.936535829356508, 60.236225498974648 ], [ 24.936572332136663, 60.236156233894285 ], [ 24.937044389183349, 60.236218158778534 ], [ 24.937430028093821, 60.236268745795854 ], [ 24.937405363198902, 60.236337600237015 ], [ 24.937892369647081, 60.236348147064973 ], [ 24.938531754232606, 60.236362001064045 ], [ 24.938702979338316, 60.236390771748091 ], [ 24.938741270510143, 60.236323219397129 ], [ 24.939440450959513, 60.236438916566073 ], [ 24.939394819047973, 60.236507038393007 ], [ 24.939857376112386, 60.236583576056816 ], [ 24.939903340995954, 60.236515509869854 ], [ 24.940365605233687, 60.236591998957699 ], [ 24.940434919573381, 60.236488669949338 ], [ 24.940668376812852, 60.236296715475603 ], [ 24.940716240762455, 60.23625735840946 ], [ 24.940926092026192, 60.236084811102501 ], [ 24.941114030577186, 60.235930280732632 ], [ 24.941301967358147, 60.23577575009277 ], [ 24.94150399453579, 60.235609629240322 ], [ 24.941588387131794, 60.235629087270233 ], [ 24.941635370504578, 60.235590453792625 ], [ 24.941921841594873, 60.235354893901359 ], [ 24.94214636279855, 60.235387789681113 ], [ 24.942423378889742, 60.235428374607338 ], [ 24.942700395667892, 60.235468958057737 ], [ 24.94297741312829, 60.235509542724927 ], [ 24.943254429470638, 60.235550125915495 ], [ 24.943531450106722, 60.235590709426845 ], [ 24.943808467819796, 60.235631291460876 ], [ 24.944085486218277, 60.235671872916541 ], [ 24.944468676222545, 60.235728006763168 ], [ 24.944495610549357, 60.235731952822569 ], [ 24.944526589628708, 60.235764847868325 ], [ 24.944766309322127, 60.236019399025842 ], [ 24.944893293011166, 60.236154234640793 ], [ 24.945020275935249, 60.236289071925903 ], [ 24.945147261710595, 60.236423907292668 ], [ 24.945274244916039, 60.236558744328896 ], [ 24.945438357963479, 60.236732999189393 ], [ 24.945582538876931, 60.236737950839562 ], [ 24.945715969720034, 60.236860382566363 ], [ 24.945551037541914, 60.23741141579147 ], [ 24.945343667758898, 60.237633872533522 ], [ 24.945282111065463, 60.237699907530136 ], [ 24.945354635187989, 60.237709884784365 ], [ 24.945922675276684, 60.237788023435471 ], [ 24.947074323599587, 60.237946454629331 ], [ 24.947166698640054, 60.237959162824197 ], [ 24.947238206052766, 60.237969004013763 ], [ 24.948299784884913, 60.2381150305809 ], [ 24.948503448543168, 60.238143042823616 ], [ 24.949082978047731, 60.238222755649652 ], [ 24.949134821813811, 60.238230227756461 ], [ 24.949635709922557, 60.238302425262908 ], [ 24.950377200557082, 60.238597904575037 ], [ 24.950425079755934, 60.238605101844605 ], [ 24.950972958043597, 60.23867527174356 ], [ 24.95109902353018, 60.238691963921845 ], [ 24.952184978116403, 60.238821816336319 ], [ 24.952573046710818, 60.238872243520262 ], [ 24.953194079863433, 60.238952942288606 ], [ 24.953214993365467, 60.23890929088644 ], [ 24.95401685491289, 60.239023067915333 ], [ 24.953993505871253, 60.239066416129631 ], [ 24.954309573183671, 60.239108502089984 ], [ 24.954856313332481, 60.239179642847787 ], [ 24.955404465282136, 60.239251078910662 ], [ 24.957289624355383, 60.239506141797513 ], [ 24.957641885006371, 60.239553800660403 ], [ 24.957961813337288, 60.239520268155225 ], [ 24.959195385474878, 60.239674918605601 ], [ 24.959513827376458, 60.239714828942297 ], [ 24.960681427809458, 60.239861181839224 ], [ 24.961120711736488, 60.239916247511651 ], [ 24.961054311148956, 60.239954160543654 ], [ 24.961012055166862, 60.239978285532196 ], [ 24.960799867487484, 60.240099429676249 ], [ 24.960640957829401, 60.2401901547939 ], [ 24.960606434082273, 60.24021026192726 ], [ 24.960572711201415, 60.240230702278915 ], [ 24.960539802195349, 60.240251467969237 ], [ 24.9605077197592, 60.240272550984812 ], [ 24.960476476269424, 60.240293943192682 ], [ 24.960446083777999, 60.240315636346757 ], [ 24.960416554010756, 60.240337622074364 ], [ 24.960356890401727, 60.240385125777109 ], [ 24.960301251993524, 60.240433822081911 ], [ 24.960249735079955, 60.240483626731589 ], [ 24.960202428825458, 60.240534453537208 ], [ 24.960159415108478, 60.240586214549758 ], [ 24.96012076838106, 60.240638820203344 ], [ 24.960086555540077, 60.240692179464332 ], [ 24.960052361532028, 60.240755183266792 ], [ 24.96004445787737, 60.240771722445146 ], [ 24.960136208181265, 60.240775885867066 ], [ 24.960393286785521, 60.240787549087884 ], [ 24.960932776371845, 60.240813442158739 ], [ 24.961341577795174, 60.24083439001793 ], [ 24.961797265687675, 60.24085851033761 ], [ 24.962660965931853, 60.240904228761543 ], [ 24.962741737245437, 60.240908502178243 ], [ 24.962970891776703, 60.240920626464501 ], [ 24.962994336918104, 60.240902897456614 ], [ 24.963018662021298, 60.240885463958826 ], [ 24.963043852024914, 60.240868336765629 ], [ 24.963069891330363, 60.240851526481812 ], [ 24.963096763815138, 60.240835043510877 ], [ 24.963124452840457, 60.240818898061555 ], [ 24.963152941260667, 60.240803100132361 ], [ 24.96317300068279, 60.240792440266162 ], [ 24.963193424069644, 60.240781952629547 ], [ 24.963214205440266, 60.240771640296202 ], [ 24.963235338708021, 60.240761506280641 ], [ 24.963256817683298, 60.240751553552094 ], [ 24.963278636076101, 60.240741785028042 ], [ 24.963300787495154, 60.240732203568847 ], [ 24.963505657062729, 60.240645095108867 ], [ 24.963563661584423, 60.240620429746997 ], [ 24.963617544498433, 60.240596664715099 ], [ 24.963669658360477, 60.240571943720624 ], [ 24.963719934602203, 60.240546299294138 ], [ 24.963768307075366, 60.240519765174994 ], [ 24.96381471213671, 60.240492376278986 ], [ 24.963859088731525, 60.240464168643982 ], [ 24.963901378475757, 60.240435179384221 ], [ 24.963912097019801, 60.24042746734839 ], [ 24.963922667978746, 60.240419705120175 ], [ 24.963933090401863, 60.240411893401465 ], [ 24.963943363351881, 60.240404032888335 ], [ 24.963953485904948, 60.240396124292587 ], [ 24.963963457150495, 60.240388168326746 ], [ 24.963973276192625, 60.240380165701829 ], [ 24.964001063876278, 60.240357286115021 ], [ 24.96479752040506, 60.239700980248053 ], [ 24.964839693374728, 60.239668871751405 ], [ 24.964886355188373, 60.239638336886323 ], [ 24.964937269214342, 60.239609530500594 ], [ 24.964992177260413, 60.239582598663475 ], [ 24.965050800883478, 60.239557677944909 ], [ 24.965112842799705, 60.239534894718538 ], [ 24.965177988395229, 60.239514364513965 ], [ 24.965245907317993, 60.239496191439315 ], [ 24.965316255156139, 60.239480467644015 ], [ 24.96538867518138, 60.23946727286588 ], [ 24.96546280015971, 60.239456674010405 ], [ 24.965538254212102, 60.239448724827014 ], [ 24.965614654721954, 60.239443465621605 ], [ 24.965646390516095, 60.239442084575629 ], [ 24.965678194266623, 60.239441168145134 ], [ 24.965710038465026, 60.239440717124729 ], [ 24.96574189556706, 60.239440731900174 ], [ 24.965773738017432, 60.239441212460143 ], [ 24.965805538274687, 60.239442158390226 ], [ 24.965837268832303, 60.239443568873696 ], [ 24.966246489270706, 60.239464790748777 ], [ 24.966806992437629, 60.239493854236215 ], [ 24.967063935332035, 60.239507176614985 ], [ 24.967315291693801, 60.239520208114854 ], [ 24.96740183831345, 60.239523287433663 ], [ 24.96748860443774, 60.239523566651876 ], [ 24.967575223978233, 60.239521044597275 ], [ 24.96766133146706, 60.239515731905804 ], [ 24.967746563595579, 60.239507650994192 ], [ 24.967830560750315, 60.239496835959244 ], [ 24.967912968528907, 60.239483332430439 ], [ 24.967939630099249, 60.239478319109189 ], [ 24.967966070474258, 60.239473024108079 ], [ 24.967992277616656, 60.239467449841875 ], [ 24.968018239596297, 60.239461598843029 ], [ 24.968043944594253, 60.239455473776658 ], [ 24.968069380908581, 60.239449077434209 ], [ 24.968094536960162, 60.239442412723534 ], [ 24.968693624150006, 60.239279599010395 ], [ 24.968850885673014, 60.239236860411168 ], [ 24.968883810789215, 60.239227715234641 ], [ 24.968916393320022, 60.23921827161066 ], [ 24.968948622322884, 60.239208532712333 ], [ 24.968980486975106, 60.239198501805959 ], [ 24.969011976576237, 60.239188182263533 ], [ 24.969043080550644, 60.239177577552034 ], [ 24.96907378845448, 60.239166691228171 ], [ 24.969419328983591, 60.239297980945693 ], [ 24.969571640467084, 60.239355850373535 ], [ 24.96984465305988, 60.23945950789301 ], [ 24.970161211380926, 60.239579699150504 ], [ 24.970005246475427, 60.239892533716606 ], [ 24.970055987510182, 60.240058189624371 ], [ 24.970113712420705, 60.240246774595086 ], [ 24.970198120209698, 60.240291233187911 ], [ 24.970322815801556, 60.240357225407223 ], [ 24.97065431978487, 60.24053330378301 ], [ 24.971171464126236, 60.240676666258082 ], [ 24.971534109821381, 60.240777202832696 ], [ 24.971897417114995, 60.241001568657509 ], [ 24.972236933379882, 60.241196877120039 ], [ 24.972307759520305, 60.24123762021933 ], [ 24.972557814083654, 60.241381465196639 ], [ 24.972463756107999, 60.24144717663274 ], [ 24.972212706236967, 60.241634363402774 ], [ 24.972028818234502, 60.241795988627359 ], [ 24.971854013159348, 60.241990819792548 ], [ 24.971731542168865, 60.242177550861349 ], [ 24.971672175130795, 60.24231220241802 ], [ 24.97163269597209, 60.242464796311332 ], [ 24.971632798197735, 60.242530315417731 ], [ 24.97165094103611, 60.242587750698462 ], [ 24.971669081103798, 60.242644286646538 ], [ 24.97171070142203, 60.242705302701687 ], [ 24.97190784397857, 60.242937685590725 ], [ 24.97202069234449, 60.243036885127125 ], [ 24.97209766825943, 60.24310455115247 ], [ 24.97225259024923, 60.243218870206221 ], [ 24.972576646196615, 60.243457989409301 ], [ 24.972636343007725, 60.24353425530677 ], [ 24.972639123975259, 60.243542134432168 ], [ 24.972717926251544, 60.243765596186876 ], [ 24.972730649699066, 60.243801679660628 ], [ 24.972850514042047, 60.244247702230219 ], [ 24.972928998124672, 60.245915268453444 ], [ 24.973166371212802, 60.246447405911589 ], [ 24.973345864215972, 60.246911354657641 ], [ 24.973575955173693, 60.247395925060488 ], [ 24.973717237093904, 60.247673203835326 ], [ 24.974030388840806, 60.248152355246162 ], [ 24.974285705389516, 60.248593833304831 ], [ 24.974378291597354, 60.24889895323458 ], [ 24.974812873717152, 60.249637437739636 ], [ 24.974934139476886, 60.249807917464182 ], [ 24.975002884316758, 60.249885973610404 ], [ 24.975111392791117, 60.24998465710221 ], [ 24.975265073947615, 60.250101271762389 ], [ 24.975957326338349, 60.250489163658855 ], [ 24.975511836020974, 60.25052547361171 ], [ 24.972655446139957, 60.250758252186017 ], [ 24.970198053606058, 60.250958460173088 ], [ 24.969363339758022, 60.251486610969444 ], [ 24.96876588203207, 60.251734845116459 ], [ 24.968487576867787, 60.251569377531688 ], [ 24.968450868299772, 60.251525572804901 ], [ 24.968179990486036, 60.251393389543288 ], [ 24.967686186825233, 60.251223383478695 ], [ 24.967449545448954, 60.251167819553601 ], [ 24.967254405095883, 60.251088008724928 ], [ 24.967091995134208, 60.250987491563471 ], [ 24.966970449542934, 60.250912266079538 ], [ 24.966745699307648, 60.250744409026659 ], [ 24.965732504077298, 60.249987651389752 ], [ 24.965567182461363, 60.249916435148712 ], [ 24.965489747218328, 60.249893358318751 ], [ 24.96523309794712, 60.250106109004328 ], [ 24.964972783463185, 60.250048085084991 ], [ 24.964090302013741, 60.249784041949674 ], [ 24.964154322839665, 60.250119512215143 ], [ 24.963919086558253, 60.250130602141404 ], [ 24.963977430580613, 60.250431683751962 ], [ 24.964051701091883, 60.250815059043013 ], [ 24.963616813615289, 60.250826459524873 ], [ 24.962251492401155, 60.250862247161798 ], [ 24.96174147092573, 60.250880223269021 ], [ 24.961694647730589, 60.250882184341393 ], [ 24.960616815388146, 60.250927137883806 ], [ 24.960401031688409, 60.250933584407882 ], [ 24.959770682520542, 60.2509626167937 ], [ 24.95923094195377, 60.250986202678838 ], [ 24.959126753493731, 60.250990880899515 ], [ 24.959018844819315, 60.250995730216601 ], [ 24.958272414250271, 60.251020135012602 ], [ 24.958076748048313, 60.251026571514778 ], [ 24.957668602516407, 60.251044240993465 ], [ 24.957337513955032, 60.251012172979628 ], [ 24.956486586671385, 60.250928954028566 ], [ 24.956408339401548, 60.250994044375979 ], [ 24.95584444364092, 60.251007873920784 ], [ 24.955051559063211, 60.251027315903158 ], [ 24.954315627254548, 60.251045356451876 ], [ 24.954310022616347, 60.250993065152443 ], [ 24.954100726071275, 60.250997823488269 ], [ 24.953759024923365, 60.251005592445885 ], [ 24.953523508789118, 60.251010946572706 ], [ 24.953526281678439, 60.251029381074716 ], [ 24.953477526818901, 60.251066100921236 ], [ 24.952332075461314, 60.251085559731848 ], [ 24.952025514054938, 60.251093405051783 ], [ 24.951784769868716, 60.25109705158556 ], [ 24.951293612936265, 60.251060601222008 ], [ 24.950890623337223, 60.251030688794302 ], [ 24.950438329110284, 60.250994459657065 ], [ 24.949619945792715, 60.250932496525984 ], [ 24.949566458577216, 60.250928446297202 ], [ 24.949350345575986, 60.250896465711264 ], [ 24.948630089904171, 60.25078987711899 ], [ 24.948659005037776, 60.250963657869349 ], [ 24.947505912159155, 60.250868030799424 ], [ 24.947480831410072, 60.250715736455895 ], [ 24.947443904748393, 60.250493679352495 ], [ 24.947401771860306, 60.250224753683916 ], [ 24.947394310208249, 60.250173094108433 ], [ 24.947343667744001, 60.249873726995276 ], [ 24.947306865322187, 60.249649685428331 ], [ 24.947270822414424, 60.2494263890976 ], [ 24.947233714596504, 60.249203111174374 ], [ 24.947181960435131, 60.248885015583689 ], [ 24.947456283715034, 60.248851022653419 ], [ 24.947474014844314, 60.248774826401544 ], [ 24.947487413078843, 60.248717286354797 ], [ 24.947200954612835, 60.248530467869216 ], [ 24.946780461904062, 60.248582546296205 ], [ 24.946492105121255, 60.248821020777257 ], [ 24.946360683743407, 60.248837300161135 ], [ 24.944802839171032, 60.249030247015142 ], [ 24.944687301070385, 60.248989665431949 ], [ 24.944664190610563, 60.248870431071111 ], [ 24.944603454077043, 60.248557260858888 ], [ 24.944596195636773, 60.248559173166328 ], [ 24.943571349670759, 60.248442408663024 ], [ 24.942968235378185, 60.248372010524641 ], [ 24.942694008697483, 60.248339995904722 ], [ 24.942404199256355, 60.248306163634318 ], [ 24.94225453657814, 60.248288883037731 ], [ 24.941803507699994, 60.248236808674591 ], [ 24.941246952426951, 60.248172544290632 ], [ 24.94065429938453, 60.248102036150208 ], [ 24.940068494436002, 60.248032331746622 ], [ 24.939319620519736, 60.247952917101266 ], [ 24.938706155484621, 60.247882977733212 ], [ 24.937646229984516, 60.247758712512002 ], [ 24.93703886129158, 60.24768753508765 ], [ 24.936420441108314, 60.247616400750751 ], [ 24.935240818936151, 60.247482786522099 ], [ 24.935152905532437, 60.247472569171379 ], [ 24.934625456951075, 60.247411266552021 ], [ 24.933998094961332, 60.247338345688512 ], [ 24.933590646073796, 60.24729122842794 ], [ 24.933183196526315, 60.247244122481355 ], [ 24.932775766229721, 60.247197003625445 ], [ 24.931560509520235, 60.247052283709081 ], [ 24.93142826600301, 60.247036722246953 ], [ 24.930856565827884, 60.246970989253299 ], [ 24.930305812718167, 60.246907817379871 ], [ 24.929694463334641, 60.246838473810101 ], [ 24.929147274035653, 60.246776715323179 ], [ 24.929067647559609, 60.246767727086436 ], [ 24.928714886832502, 60.246728383239571 ], [ 24.928247559825945, 60.246673267054156 ], [ 24.927838230531631, 60.246624985859896 ], [ 24.927414187438121, 60.246576532905614 ], [ 24.926955785424155, 60.246524140167018 ], [ 24.926551064937243, 60.246477891348931 ], [ 24.925302098917886, 60.246335306083672 ], [ 24.924713973788638, 60.24626915144146 ], [ 24.924273168234617, 60.246220661889126 ], [ 24.923098770718678, 60.246087378895574 ], [ 24.922666309356273, 60.246039064754505 ], [ 24.922238238742448, 60.245990658432198 ], [ 24.921808938685931, 60.245941970871655 ], [ 24.921380685731446, 60.245893104830408 ], [ 24.919946830588422, 60.245722924618477 ], [ 24.919371692400706, 60.245654655691624 ], [ 24.918794426010383, 60.245585691868648 ], [ 24.918140842810949, 60.245511788734476 ], [ 24.91748166774747, 60.245436984961323 ], [ 24.916830383395105, 60.245363101033924 ], [ 24.916505267470058, 60.245325901507556 ], [ 24.916179228140127, 60.245288594692468 ], [ 24.915506017497183, 60.245212928559241 ], [ 24.915201022859684, 60.245176539241662 ], [ 24.914902265149887, 60.245131065688213 ], [ 24.914806051029188, 60.24512118047064 ], [ 24.914417072456537, 60.245081232355084 ], [ 24.9140811184878, 60.245046723273909 ], [ 24.913453719246228, 60.244984672213747 ], [ 24.912836717882911, 60.244906472989705 ], [ 24.912222086250615, 60.244839138011294 ] ] ] } },
{ "type": "Feature", "properties": { "id": 111541, "aluejako": "KAUPUNGINOSA", "kunta": "091", "tunnus": "47", "nimi_fi": "MELLUNKYLÄ", "nimi_se": "MELLUNGSBY", "yhtluontipvm": "2009-12-30", "yhtmuokkauspvm": "2021-11-23", "yhtdatanomistaja": "Helsinki/Kami", "paivitetty_tietopalveluun": "2025-11-21" }, "geometry": { "type": "Polygon", "coordinates": [ [ [ 25.074474779756009, 60.228123257877634 ], [ 25.074628373391221, 60.228139970673219 ], [ 25.074779253344982, 60.228161964323178 ], [ 25.074926686625389, 60.22818913198244 ], [ 25.075069956981068, 60.228221341666618 ], [ 25.075208368377556, 60.228258436901193 ], [ 25.075341248379537, 60.228300237471679 ], [ 25.075467951417256, 60.228346540308777 ], [ 25.075587861920734, 60.22839712046288 ], [ 25.075700397312048, 60.228451732208129 ], [ 25.075805010834159, 60.228510110233856 ], [ 25.075901194208463, 60.228571970922033 ], [ 25.076445330412476, 60.228440977329811 ], [ 25.076819705592676, 60.228526879761255 ], [ 25.077005025722912, 60.228439614410767 ], [ 25.077079826381702, 60.227079668764404 ], [ 25.07743949745511, 60.2270845591785 ], [ 25.077555020526521, 60.226911580418907 ], [ 25.077931012161191, 60.226917544185795 ], [ 25.078085521795003, 60.226919994289524 ], [ 25.078082904840798, 60.226967607447328 ], [ 25.080085117842934, 60.226994815048855 ], [ 25.080169060864488, 60.225465749723533 ], [ 25.080169550307211, 60.225035826636486 ], [ 25.08016994981168, 60.225029906900865 ], [ 25.080171133397791, 60.225024013161757 ], [ 25.080173095910986, 60.225018171087939 ], [ 25.080175828803281, 60.225012406124563 ], [ 25.080179320172594, 60.22500674337698 ], [ 25.080183554813047, 60.225001207505557 ], [ 25.080188514282067, 60.22499582262266 ], [ 25.080194176980275, 60.224990612178296 ], [ 25.080200518245022, 60.22498559886504 ], [ 25.080207510459914, 60.224980804516818 ], [ 25.08021512317239, 60.224976250012283 ], [ 25.080223323227646, 60.2249719551886 ], [ 25.080232074913965, 60.224967938748705 ], [ 25.080241340116125, 60.224964218187161 ], [ 25.080251078483506, 60.224960809702061 ], [ 25.083768874558093, 60.223813888467326 ], [ 25.08427137604718, 60.223713061424036 ], [ 25.084405968237316, 60.223665872244418 ], [ 25.084745891273226, 60.223456252132607 ], [ 25.084836951610104, 60.223400096985408 ], [ 25.086262691162226, 60.222249948842034 ], [ 25.087870768481039, 60.222743040024852 ], [ 25.088762612267498, 60.223203242039133 ], [ 25.089273572582712, 60.22362263698772 ], [ 25.089550261952613, 60.223972915440719 ], [ 25.089573249037318, 60.224002009744829 ], [ 25.089719545195628, 60.223960223012952 ], [ 25.089835698142668, 60.224028638174559 ], [ 25.08990832386349, 60.224099691871679 ], [ 25.090173798493236, 60.224360371895536 ], [ 25.090320000593472, 60.224501868798882 ], [ 25.090538222228293, 60.224677666058803 ], [ 25.09067637627113, 60.224791744711467 ], [ 25.091330920770471, 60.225426174853801 ], [ 25.091705958388619, 60.225699141686825 ], [ 25.092097559362802, 60.225984193856164 ], [ 25.092210234365119, 60.225951001517267 ], [ 25.093061583697217, 60.226291911379377 ], [ 25.093317109011238, 60.226405662569199 ], [ 25.093500426589195, 60.226488678776043 ], [ 25.093904429140569, 60.226650326269258 ], [ 25.094239456575345, 60.226833504726514 ], [ 25.094600723066158, 60.227039157842015 ], [ 25.095314401023288, 60.227223299202812 ], [ 25.095713021478474, 60.227307483076046 ], [ 25.096144871192983, 60.227398684652648 ], [ 25.09660884564914, 60.227496663872451 ], [ 25.096901574609117, 60.227120588128038 ], [ 25.096958517295111, 60.227132781758115 ], [ 25.096760797632356, 60.227394619933904 ], [ 25.097335149637193, 60.227501909711329 ], [ 25.097692892470373, 60.227568747586332 ], [ 25.09803801062343, 60.227633214454187 ], [ 25.098853366545583, 60.22747506322024 ], [ 25.098380182826421, 60.227253685582106 ], [ 25.098466732246091, 60.227207920620373 ], [ 25.09899471334246, 60.227454939201756 ], [ 25.09934092013777, 60.227381360729865 ], [ 25.09998947911166, 60.227243522728244 ], [ 25.100157595991785, 60.22685611064594 ], [ 25.100166540346098, 60.226861278194747 ], [ 25.100422526169737, 60.226841160316837 ], [ 25.100253185047968, 60.227231402697825 ], [ 25.100476238614988, 60.22730173462223 ], [ 25.102029000972667, 60.227186329410557 ], [ 25.10187979995839, 60.226725980738024 ], [ 25.102057945888326, 60.226711696882575 ], [ 25.102207143918815, 60.227172044461824 ], [ 25.102768598261076, 60.227127024834672 ], [ 25.102863752270039, 60.227100834590182 ], [ 25.103258244384293, 60.227455414268206 ], [ 25.103253701112159, 60.227569756801628 ], [ 25.102723779873905, 60.227873894452784 ], [ 25.102873950331542, 60.227938462701417 ], [ 25.103366790545117, 60.228150338199633 ], [ 25.103554543888439, 60.227957585850078 ], [ 25.104136523535949, 60.227748044801963 ], [ 25.1048537754906, 60.227788283866744 ], [ 25.104914756198063, 60.227927773011558 ], [ 25.105478628361759, 60.228016284503234 ], [ 25.10614288716005, 60.228283376999812 ], [ 25.106170741382442, 60.228294782156262 ], [ 25.107233550814442, 60.228450835017341 ], [ 25.107931412857194, 60.228315698044923 ], [ 25.108220663360388, 60.227832428872809 ], [ 25.108270329110297, 60.227845434109717 ], [ 25.108319157607202, 60.227859201354697 ], [ 25.108367101605989, 60.227873717292894 ], [ 25.108414114716822, 60.227888967877291 ], [ 25.108460151451371, 60.227904938348779 ], [ 25.108505167264326, 60.22792161326273 ], [ 25.108549118599072, 60.227938976476437 ], [ 25.109393921549685, 60.228283469149076 ], [ 25.109463500718665, 60.22831261710315 ], [ 25.109531500697898, 60.22834267290488 ], [ 25.10959787361536, 60.228373615403058 ], [ 25.109662572744405, 60.228405422811029 ], [ 25.109725552535949, 60.228438072741234 ], [ 25.109786768650491, 60.22847154220986 ], [ 25.109846177990185, 60.22850580765602 ], [ 25.110019619737383, 60.228469309263495 ], [ 25.118338520903361, 60.226719454090357 ], [ 25.119014765383579, 60.226514445154457 ], [ 25.119179297213709, 60.226469870309494 ], [ 25.119408297213933, 60.2263971865409 ], [ 25.119721267328472, 60.226303931389211 ], [ 25.119891870639023, 60.226250381091901 ], [ 25.11969270512002, 60.226143200170881 ], [ 25.1190835333399, 60.225815366272165 ], [ 25.118993869670014, 60.225767112527272 ], [ 25.118779724450061, 60.225503846680716 ], [ 25.119598871325444, 60.225338986408495 ], [ 25.120102863851141, 60.225610214869405 ], [ 25.120496286125324, 60.225531031122131 ], [ 25.121327831913156, 60.225363661838941 ], [ 25.121783739549173, 60.224024820313666 ], [ 25.121818118181565, 60.223923857975052 ], [ 25.121849057162134, 60.223832996081363 ], [ 25.121897353674843, 60.223691154259669 ], [ 25.122053228527246, 60.223376710383462 ], [ 25.122079067663353, 60.223312120453635 ], [ 25.123291573618886, 60.222349890980773 ], [ 25.123316568728324, 60.222328538668094 ], [ 25.123344856584367, 60.222306719262981 ], [ 25.124705270236507, 60.221608915329561 ], [ 25.124782493256291, 60.221823475449177 ], [ 25.125078285792572, 60.22203704343373 ], [ 25.125335121487378, 60.222248220613416 ], [ 25.125450696036719, 60.222377851385282 ], [ 25.125776270853297, 60.222659510065427 ], [ 25.126313217678412, 60.222950024857553 ], [ 25.12676495061794, 60.223062538446271 ], [ 25.126919116721822, 60.223092796970334 ], [ 25.126958285011238, 60.223098192298238 ], [ 25.127111843358897, 60.223129367565889 ], [ 25.127536604181156, 60.22324987270121 ], [ 25.127969738298901, 60.223267147079888 ], [ 25.128584209417259, 60.223427740988846 ], [ 25.128969293355759, 60.223691907546851 ], [ 25.129399322105161, 60.223929077004698 ], [ 25.131042021666275, 60.224754454379209 ], [ 25.131526149907742, 60.225022326030626 ], [ 25.131904152740493, 60.225239431031781 ], [ 25.132111111816481, 60.225343074737538 ], [ 25.132212927858124, 60.225416773358766 ], [ 25.132760664380452, 60.225860346912526 ], [ 25.133562859267919, 60.226539692223326 ], [ 25.133802584192711, 60.22661972109556 ], [ 25.134211123667285, 60.226942331351012 ], [ 25.134321873450897, 60.227205894219345 ], [ 25.134419654625816, 60.227289752646996 ], [ 25.134541399761645, 60.22737965765166 ], [ 25.134609941551155, 60.227444140821582 ], [ 25.134798877348935, 60.227652264749764 ], [ 25.134811994124494, 60.22766228768738 ], [ 25.13487712015079, 60.2277120554742 ], [ 25.135064740893046, 60.227881780122672 ], [ 25.135071878650475, 60.227892061327132 ], [ 25.135103675517119, 60.227937867980962 ], [ 25.135189339840043, 60.228061198391742 ], [ 25.135212923101513, 60.228089137137168 ], [ 25.135254276634178, 60.228133033930632 ], [ 25.135278332233508, 60.228163025747804 ], [ 25.135309141813757, 60.228208652054747 ], [ 25.135325866817066, 60.228240256133255 ], [ 25.135384076714193, 60.228371136664414 ], [ 25.135403468729674, 60.228424545471498 ], [ 25.135437672942359, 60.228490247086675 ], [ 25.135460099613805, 60.228528591217305 ], [ 25.135506351680689, 60.228580362408252 ], [ 25.135567535814307, 60.228639756371408 ], [ 25.13563363092954, 60.228713243799788 ], [ 25.135674605536842, 60.228768613165407 ], [ 25.135689199896525, 60.22879452719382 ], [ 25.135705779589827, 60.228834910180851 ], [ 25.135711062080894, 60.22887081434024 ], [ 25.135741145682335, 60.228981037027978 ], [ 25.135780633579788, 60.229124487677993 ], [ 25.135814880263201, 60.229204021987329 ], [ 25.136008102109106, 60.229595607097075 ], [ 25.136075145064193, 60.229743373485277 ], [ 25.136138196579171, 60.229885880774418 ], [ 25.136485986393438, 60.230451238392355 ], [ 25.13654336079631, 60.23054450167124 ], [ 25.137224508258406, 60.23169857359094 ], [ 25.137327962897793, 60.231926553103229 ], [ 25.137358753206001, 60.232024711000975 ], [ 25.137394391063996, 60.232138315848964 ], [ 25.13744118137269, 60.232280968937829 ], [ 25.137461811459652, 60.232618099084306 ], [ 25.137415310834875, 60.233910416097018 ], [ 25.137290473166676, 60.234489398346241 ], [ 25.13721819987871, 60.234658698607824 ], [ 25.137173360100491, 60.23476146427295 ], [ 25.135822866602059, 60.236349593072383 ], [ 25.13612130001999, 60.236716196507061 ], [ 25.136149489069059, 60.236926336421838 ], [ 25.136244897809842, 60.237051071420986 ], [ 25.136167864578852, 60.23707386800001 ], [ 25.135933434624533, 60.237105383818573 ], [ 25.135099611710721, 60.23721755288669 ], [ 25.134663949424468, 60.237276164886502 ], [ 25.134437232537717, 60.237306632682923 ], [ 25.129597023078105, 60.237956945332719 ], [ 25.129605867590801, 60.238212788227003 ], [ 25.127319798423198, 60.23863464339513 ], [ 25.121971873322412, 60.239624728217862 ], [ 25.119865540785003, 60.240014032108753 ], [ 25.116091780117802, 60.240710696070565 ], [ 25.113461470491938, 60.241193043835004 ], [ 25.112716090630226, 60.241329502792361 ], [ 25.11268996648662, 60.241334254980821 ], [ 25.112665231535082, 60.24133875467534 ], [ 25.111900934553546, 60.241477827953844 ], [ 25.111135151388545, 60.241617086551926 ], [ 25.110897035126804, 60.241660510964266 ], [ 25.110831182074495, 60.241672458297693 ], [ 25.110241662292626, 60.241780150735757 ], [ 25.109629350814476, 60.241891808529203 ], [ 25.109147841368134, 60.24197961621725 ], [ 25.109070965919379, 60.241994381022387 ], [ 25.109045508295711, 60.241999015265385 ], [ 25.108400583629404, 60.24211586396877 ], [ 25.108366089082079, 60.24212290187819 ], [ 25.106947387755003, 60.242381573067021 ], [ 25.106402317314295, 60.242480955293914 ], [ 25.105997652475892, 60.242554526827142 ], [ 25.105726059269156, 60.242605983661292 ], [ 25.105103004588166, 60.242721183339377 ], [ 25.104595588028893, 60.242816543266585 ], [ 25.104090609148209, 60.242907277036657 ], [ 25.103580303706448, 60.242998668239544 ], [ 25.10307151762877, 60.243091869318278 ], [ 25.102563684920096, 60.243184879225453 ], [ 25.102052735054396, 60.243274990546837 ], [ 25.101605928098603, 60.243353481601694 ], [ 25.101529454107329, 60.243365926086653 ], [ 25.101376615715434, 60.243397124508363 ], [ 25.100866796651424, 60.243487221420118 ], [ 25.100390359111035, 60.243572202111828 ], [ 25.100353347359675, 60.243577785833551 ], [ 25.099958679788656, 60.243646843702336 ], [ 25.099841481748424, 60.243667611089172 ], [ 25.099536522366606, 60.24372456426704 ], [ 25.09933218744904, 60.243760878977021 ], [ 25.099113692256712, 60.243801395430474 ], [ 25.098818859770375, 60.243852684929429 ], [ 25.098694769522439, 60.243875431008426 ], [ 25.098341895417661, 60.243939517445426 ], [ 25.098213772609924, 60.243960927837506 ], [ 25.097722145246262, 60.24404845019933 ], [ 25.097280068408111, 60.244127847653751 ], [ 25.096838657704787, 60.244207332901532 ], [ 25.095695759788779, 60.244411201873248 ], [ 25.095642021421138, 60.244420781388229 ], [ 25.095465154801637, 60.244450186258355 ], [ 25.095457954406299, 60.244451340279795 ], [ 25.09543662325127, 60.244454532887382 ], [ 25.094835598375973, 60.244564220438072 ], [ 25.094545646499341, 60.244615972641 ], [ 25.094342779298984, 60.244651695218593 ], [ 25.094035356458033, 60.244706061569218 ], [ 25.093845682442272, 60.244740499541962 ], [ 25.093519726235037, 60.244798539736401 ], [ 25.093344757213863, 60.244829977844006 ], [ 25.093015243620542, 60.244888432165162 ], [ 25.09271655331256, 60.244942241843454 ], [ 25.092556519950612, 60.244969360315061 ], [ 25.092385521576904, 60.245000946969334 ], [ 25.091954261727992, 60.245077393176089 ], [ 25.091824799017676, 60.245099858310354 ], [ 25.091668234668553, 60.245128400389788 ], [ 25.091377540853433, 60.245183125990017 ], [ 25.091124039525695, 60.245309448654481 ], [ 25.09081009182615, 60.245469801808298 ], [ 25.090707984479995, 60.245519918113366 ], [ 25.090479079491558, 60.245636906326219 ], [ 25.090109732874343, 60.245823880515246 ], [ 25.09005676142927, 60.24585118354257 ], [ 25.089718143972021, 60.246026306287497 ], [ 25.089691405895181, 60.246040227155795 ], [ 25.089246399121773, 60.246260898569155 ], [ 25.089077838282034, 60.246342696339632 ], [ 25.089005677263735, 60.246385225019232 ], [ 25.088942478582208, 60.246416995198558 ], [ 25.088661641725611, 60.246557270141075 ], [ 25.088511656473408, 60.246632089918144 ], [ 25.088267132593309, 60.24675463146189 ], [ 25.087886810162662, 60.24694507120109 ], [ 25.087605297807734, 60.247085945688681 ], [ 25.087465025112081, 60.247155211106914 ], [ 25.087225302621086, 60.247273322713667 ], [ 25.08708213237221, 60.247346763160529 ], [ 25.086848063048187, 60.247466521835612 ], [ 25.086475663458415, 60.247654896969387 ], [ 25.086418212689349, 60.247683951642955 ], [ 25.086092580147511, 60.247847056596598 ], [ 25.08604892299201, 60.247868921894316 ], [ 25.085945844480413, 60.247919250549593 ], [ 25.085938077869148, 60.247925935920456 ], [ 25.085900204945126, 60.247942651863994 ], [ 25.085451570680348, 60.248169864813995 ], [ 25.085067975473311, 60.248364220751562 ], [ 25.08492845433145, 60.248435026747991 ], [ 25.084677048990642, 60.248560249661558 ], [ 25.084280551088561, 60.248761271236184 ], [ 25.082435196411364, 60.249697408412523 ], [ 25.082401435519984, 60.249667630361841 ], [ 25.078548309778167, 60.249885962573167 ], [ 25.07646726014174, 60.250003835199998 ], [ 25.069884877859799, 60.25037644696512 ], [ 25.066603082447806, 60.250561931492697 ], [ 25.066478564175164, 60.250568966830585 ], [ 25.065743735007889, 60.250610481019599 ], [ 25.063919571451205, 60.250713656392684 ], [ 25.062469379845457, 60.250795067146512 ], [ 25.061940880835699, 60.250825226831843 ], [ 25.061808927214383, 60.250642887512896 ], [ 25.061692935040142, 60.250457886806934 ], [ 25.061593120329277, 60.250270569691416 ], [ 25.061509668924227, 60.250081285442491 ], [ 25.06144273614564, 60.249890387008179 ], [ 25.06139244650624, 60.249698230338232 ], [ 25.061358893480886, 60.249505173719221 ], [ 25.061282012583082, 60.249202745426835 ], [ 25.061164005125566, 60.248903608969961 ], [ 25.061005416673687, 60.248609144472375 ], [ 25.060806979967271, 60.248320710453797 ], [ 25.060569611520183, 60.248039637585045 ], [ 25.060294407373974, 60.247767222538975 ], [ 25.059982638026668, 60.247504722019791 ], [ 25.059635742556779, 60.247253346959788 ], [ 25.059255321974227, 60.247014256940744 ], [ 25.057162041332539, 60.245688991551425 ], [ 25.055248766228356, 60.244612147078264 ], [ 25.052492765862564, 60.243523133268248 ], [ 25.046760586187762, 60.241257686648716 ], [ 25.046069883965004, 60.240933446169642 ], [ 25.046052514746012, 60.24092454857297 ], [ 25.046035085661771, 60.240915679960658 ], [ 25.046017596907834, 60.240906840438029 ], [ 25.046000048680785, 60.240898030098919 ], [ 25.045982441177422, 60.240889249042581 ], [ 25.04596477459566, 60.240880497371499 ], [ 25.045947049133972, 60.240871775180516 ], [ 25.045765971009917, 60.240785898977769 ], [ 25.045579199086529, 60.240703092261342 ], [ 25.045386943771511, 60.24062344830584 ], [ 25.04518942164508, 60.240547056810207 ], [ 25.044986855213715, 60.240474003815045 ], [ 25.044779472661347, 60.24040437160275 ], [ 25.044567507591655, 60.240338238595704 ], [ 25.044504753041004, 60.240319589788008 ], [ 25.044441633790171, 60.240301247781943 ], [ 25.044378155906742, 60.240283214344913 ], [ 25.044314325492692, 60.240265491207701 ], [ 25.044250148684199, 60.24024808007271 ], [ 25.044185631650397, 60.240230982616069 ], [ 25.04412078059341, 60.240214200479727 ], [ 25.043704463051863, 60.24013963999996 ], [ 25.043504984710559, 60.240103919033153 ], [ 25.040928347626021, 60.240190250157696 ], [ 25.040115774141697, 60.240279973403332 ], [ 25.037748135288641, 60.240541370988964 ], [ 25.037311549978032, 60.240152503037578 ], [ 25.036140286300455, 60.239109206361249 ], [ 25.036329777123239, 60.238955026284316 ], [ 25.036498466425549, 60.238794984560585 ], [ 25.036645624300174, 60.238629773976292 ], [ 25.036770614073827, 60.238460109671031 ], [ 25.036872895058764, 60.238286726062171 ], [ 25.036952024887682, 60.238110373649107 ], [ 25.037007661422681, 60.237931815770921 ], [ 25.03702588797757, 60.237827536148103 ], [ 25.037029777253121, 60.237722881319428 ], [ 25.037019311295985, 60.237618338067534 ], [ 25.036994538922631, 60.237514392641621 ], [ 25.036955575489213, 60.23741152851477 ], [ 25.036902602352612, 60.237310224122474 ], [ 25.036835866025207, 60.237210950637163 ], [ 25.036755677023969, 60.23711416978896 ], [ 25.03666240842692, 60.237020331705423 ], [ 25.036556494134381, 60.236929872822245 ], [ 25.036438426848829, 60.236843213860269 ], [ 25.036308755783306, 60.236760757860843 ], [ 25.036168084104997, 60.236682888312416 ], [ 25.03601706612908, 60.236609967376388 ], [ 25.035856404276135, 60.236542334186716 ], [ 25.035176448460799, 60.236275343330519 ], [ 25.035867094151996, 60.235799614888876 ], [ 25.036017096912207, 60.235696286845815 ], [ 25.036131193254676, 60.235727393456791 ], [ 25.036245787270293, 60.235758044483262 ], [ 25.036360871601435, 60.235788237961103 ], [ 25.036476438859737, 60.23581797194776 ], [ 25.036592481625895, 60.235847244533524 ], [ 25.03670899244943, 60.235876053841316 ], [ 25.036825963849857, 60.235904398018143 ], [ 25.036883053170168, 60.235918023345882 ], [ 25.036940248983186, 60.235931537816263 ], [ 25.036997550417933, 60.235944941225959 ], [ 25.037054956602738, 60.235958233368073 ], [ 25.037112466663547, 60.235971414039014 ], [ 25.037170079724351, 60.23598448304471 ], [ 25.037227794909104, 60.235997440179304 ], [ 25.037352284315332, 60.236023031086134 ], [ 25.037478015585254, 60.236047074103553 ], [ 25.037604910891321, 60.236069554353058 ], [ 25.037732891685469, 60.236090457918991 ], [ 25.037861878747023, 60.236109771857777 ], [ 25.037991792231868, 60.236127484218073 ], [ 25.038122551721656, 60.236143584033002 ], [ 25.038269940918742, 60.236159692760339 ], [ 25.038418175742898, 60.236173752801633 ], [ 25.038567141040467, 60.236185753237542 ], [ 25.03871672109068, 60.236195684739528 ], [ 25.038866799693238, 60.236203539596666 ], [ 25.039017260261577, 60.236209311706475 ], [ 25.039167985911956, 60.236212996582502 ], [ 25.039284821913192, 60.236214414202131 ], [ 25.039401692235263, 60.236214577479046 ], [ 25.039518542417124, 60.236213486340986 ], [ 25.039635318006102, 60.236211141295236 ], [ 25.039751964585523, 60.23620754343537 ], [ 25.039868427797575, 60.236202694437523 ], [ 25.039984653371224, 60.236196596560298 ], [ 25.040538110877677, 60.236160204090154 ], [ 25.04108598275802, 60.236106863132861 ], [ 25.041626171760555, 60.236036777887371 ], [ 25.042156610078525, 60.235950216627792 ], [ 25.042675267274362, 60.235847510709306 ], [ 25.043180158058757, 60.235729053286363 ], [ 25.043669349899226, 60.235595297798696 ], [ 25.043882242112684, 60.235528673398314 ], [ 25.044092068158612, 60.235459686034936 ], [ 25.044298721992089, 60.235388370582903 ], [ 25.044502099173972, 60.235314763089555 ], [ 25.044702096923725, 60.235238900758674 ], [ 25.044898614170222, 60.235160821942813 ], [ 25.045091551605161, 60.235080566100542 ], [ 25.045226314103626, 60.235018003687472 ], [ 25.045360317609035, 60.234955039561299 ], [ 25.045493557280828, 60.234891676002555 ], [ 25.045626028307542, 60.234827915297082 ], [ 25.04575772590492, 60.234763759749399 ], [ 25.045888645316307, 60.234699211684728 ], [ 25.046018781814318, 60.234634273428938 ], [ 25.046265886758203, 60.234508787440298 ], [ 25.046510068885752, 60.234381894941706 ], [ 25.046751295847194, 60.23425361276535 ], [ 25.046989535687036, 60.234123957918762 ], [ 25.047224756846404, 60.233992947596185 ], [ 25.047456928168145, 60.233860599174506 ], [ 25.047686018900777, 60.233726930199161 ], [ 25.047820297819726, 60.233647110515548 ], [ 25.047953478149044, 60.233566837083863 ], [ 25.04808555369485, 60.233486113646215 ], [ 25.048216518315222, 60.233404943958227 ], [ 25.048346365919873, 60.233323331800889 ], [ 25.048475090470433, 60.233241280976252 ], [ 25.048602685981567, 60.233158795300945 ], [ 25.048789480567049, 60.233032217177708 ], [ 25.048968774184551, 60.232902984578864 ], [ 25.049140414474724, 60.232771207393 ], [ 25.049304255591888, 60.232636997660535 ], [ 25.049460158326678, 60.23250046948985 ], [ 25.049607990223222, 60.232361738968997 ], [ 25.049747625693989, 60.232220924044277 ], [ 25.049852168193571, 60.232123903168876 ], [ 25.049961113481316, 60.23202808788264 ], [ 25.050074405339618, 60.231933527597121 ], [ 25.050191985310846, 60.231840271074091 ], [ 25.0503137927283, 60.231748366401256 ], [ 25.050439764746049, 60.231657860971403 ], [ 25.050569836373267, 60.231568801448759 ], [ 25.051183984711685, 60.231903239996235 ], [ 25.051551798227184, 60.231700759912115 ], [ 25.051823247610855, 60.231562810680224 ], [ 25.051947166493946, 60.231502468655691 ], [ 25.052076152929303, 60.231444813066254 ], [ 25.052209971630841, 60.231389949076643 ], [ 25.05234837850314, 60.231337976747341 ], [ 25.052491121085041, 60.231288990871938 ], [ 25.052637939011557, 60.231243080799764 ], [ 25.05278856448826, 60.231200330262062 ], [ 25.05330584727237, 60.231060710189951 ], [ 25.053570206109139, 60.230994749760733 ], [ 25.053935240343119, 60.230918330232605 ], [ 25.054222087591956, 60.230884425621319 ], [ 25.054927695011056, 60.230754099599693 ], [ 25.055887443695937, 60.230625607111833 ], [ 25.056919303687305, 60.230404506723964 ], [ 25.05753421562542, 60.230220312257529 ], [ 25.058186567595783, 60.230080050857609 ], [ 25.05879798903964, 60.22997458569715 ], [ 25.059576128471029, 60.229901607381507 ], [ 25.061563747144685, 60.229656003255954 ], [ 25.062462504245396, 60.229497991247783 ], [ 25.063470544527128, 60.229247789752868 ], [ 25.064037339676819, 60.229159824616843 ], [ 25.065904726253141, 60.228937473033916 ], [ 25.068044203845112, 60.228665090622322 ], [ 25.06802113626545, 60.228617383142563 ], [ 25.069830448507123, 60.228394320319381 ], [ 25.071702512929228, 60.228231498999882 ], [ 25.073295661243417, 60.228113627660775 ], [ 25.073463568200072, 60.228103198135592 ], [ 25.073632273416369, 60.228096694313571 ], [ 25.07380140609467, 60.22809413049125 ], [ 25.073970594498352, 60.228095512302865 ], [ 25.074139466767985, 60.228100836711278 ], [ 25.074307651738753, 60.228110092019911 ], [ 25.074474779756009, 60.228123257877634 ] ] ] } },
{ "type": "Feature", "properties": { "id": 111542, "aluejako": "KAUPUNGINOSA", "kunta": "091", "tunnus": "27", "nimi_fi": "VANHAKAUPUNKI", "nimi_se": "GAMMELSTADEN", "yhtluontipvm": "2009-12-30", "yhtmuokkauspvm": "2020-12-04", "yhtdatanomistaja": "Helsinki/Kami", "paivitetty_tietopalveluun": "2025-11-21" }, "geometry": { "type": "Polygon", "coordinates": [ [ [ 24.971616648482655, 60.213421727525791 ], [ 24.970854539927107, 60.212658417132502 ], [ 24.971961949736325, 60.211970443308573 ], [ 24.972456528289921, 60.211521938474505 ], [ 24.972610686589302, 60.211382136626582 ], [ 24.975376681074646, 60.210818436913314 ], [ 24.975471799584149, 60.210926962425951 ], [ 24.975472562268987, 60.210985266654028 ], [ 24.975431759096853, 60.211045660737533 ], [ 24.975358289519789, 60.211061606239603 ], [ 24.975834356512049, 60.211604769961959 ], [ 24.975916931514721, 60.211586848574022 ], [ 24.975988257236896, 60.21160082540171 ], [ 24.976152131589544, 60.211565256800199 ], [ 24.976378721377934, 60.211823772178214 ], [ 24.977623988179982, 60.211553481710212 ], [ 24.977954627775279, 60.211481716954907 ], [ 24.978215043202713, 60.211826128319544 ], [ 24.978259505929756, 60.211884931542471 ], [ 24.978310315773779, 60.211952135847305 ], [ 24.978335723480164, 60.211985736646291 ], [ 24.979399228636201, 60.211786604113001 ], [ 24.979680120960111, 60.211734006819178 ], [ 24.979927022327526, 60.211687774517721 ], [ 24.980894115365096, 60.211682555422371 ], [ 24.981146686761679, 60.211680924826879 ], [ 24.981152470528421, 60.211945948021551 ], [ 24.981153451229094, 60.211990823272359 ], [ 24.981243539237788, 60.211990336110574 ], [ 24.981351750540362, 60.21198975001451 ], [ 24.982264951326087, 60.211984812219967 ], [ 24.983764627997381, 60.21197668942493 ], [ 24.983705932390642, 60.211890857838128 ], [ 24.983687184744607, 60.211844429476514 ], [ 24.983646219083582, 60.211766666215745 ], [ 24.983637935459203, 60.211703978436937 ], [ 24.983609807645742, 60.211631433237734 ], [ 24.983601505602927, 60.211558877918328 ], [ 24.983618909888321, 60.211513592984304 ], [ 24.983616483345664, 60.21146425501037 ], [ 24.983608278780849, 60.211442199688385 ], [ 24.983587234950683, 60.211414928081112 ], [ 24.983554527346733, 60.211387080600623 ], [ 24.98354284532461, 60.211376057382836 ], [ 24.983518323137663, 60.211358073955743 ], [ 24.983518298882473, 60.211345303779098 ], [ 24.983560205590578, 60.211306973326515 ], [ 24.983585825828452, 60.211289546306681 ], [ 24.983600937330362, 60.211262837438063 ], [ 24.983578735466274, 60.211239629738614 ], [ 24.983549557103434, 60.211227452812849 ], [ 24.983502890237371, 60.211216445892006 ], [ 24.983469071059908, 60.211215301808743 ], [ 24.983432912244545, 60.211211255683672 ], [ 24.983387430548866, 60.211210696215161 ], [ 24.983351275061597, 60.21120723077545 ], [ 24.98329060823901, 60.211193328359023 ], [ 24.983178593723142, 60.211159133255009 ], [ 24.98309459330213, 60.211138857061833 ], [ 24.98292420403882, 60.211089323440582 ], [ 24.984105524077908, 60.210868018109586 ], [ 24.985709472278259, 60.210568163966045 ], [ 24.987819886491543, 60.210173588830429 ], [ 24.986253852892879, 60.211592357644754 ], [ 24.984070287224093, 60.213570349201028 ], [ 24.984562282495837, 60.213589669421928 ], [ 24.984451117645797, 60.21368763975488 ], [ 24.984469842795857, 60.21372129872131 ], [ 24.984500209542315, 60.213743342212616 ], [ 24.98452591988341, 60.213771192224009 ], [ 24.984546990385116, 60.213811815448942 ], [ 24.984550674546114, 60.213905849125027 ], [ 24.984540248040297, 60.213941843666241 ], [ 24.984523988647148, 60.213976679702348 ], [ 24.984514714379863, 60.214005707686795 ], [ 24.984504277641346, 60.214036476758125 ], [ 24.98448449446915, 60.214057964194573 ], [ 24.984464692214313, 60.214070163904267 ], [ 24.984392612146486, 60.214110218840915 ], [ 24.984391562402493, 60.214129078679846 ], [ 24.984356168499392, 60.214140558507772 ], [ 24.984341618271657, 60.214153802654579 ], [ 24.984281942732157, 60.214265031947704 ], [ 24.984297506843575, 60.214349730843125 ], [ 24.984366907008173, 60.214431188798258 ], [ 24.984432531281033, 60.214457393847347 ], [ 24.984450917567973, 60.214472353470534 ], [ 24.984482649097057, 60.214524044591109 ], [ 24.984517747587713, 60.214554573053562 ], [ 24.984575323323742, 60.214585278243952 ], [ 24.984640685039615, 60.214610787567139 ], [ 24.984712171272516, 60.214635277063451 ], [ 24.984771382317881, 60.214641059528354 ], [ 24.984914646504148, 60.214692065014646 ], [ 24.985174169291099, 60.214814327240973 ], [ 24.985400939926006, 60.214965384650057 ], [ 24.985394598910663, 60.214970686604971 ], [ 24.985407697143781, 60.214997708418963 ], [ 24.985544590544094, 60.215082374672662 ], [ 24.985612248305724, 60.215153589974591 ], [ 24.985663064974354, 60.215255334961554 ], [ 24.98563304216222, 60.215303919915698 ], [ 24.985608791964413, 60.215302230814274 ], [ 24.985589315920087, 60.21536366515334 ], [ 24.985516491116169, 60.215432541443406 ], [ 24.985374028072201, 60.215521557959384 ], [ 24.985296205622202, 60.215526273098355 ], [ 24.9852264682943, 60.215562540232611 ], [ 24.985197305649425, 60.215617687976781 ], [ 24.985130483478276, 60.215704852050898 ], [ 24.98510450769578, 60.215768604823658 ], [ 24.985039991672494, 60.215833013838512 ], [ 24.985018993841976, 60.215850362666053 ], [ 24.984982304536572, 60.215842958320913 ], [ 24.984944018387971, 60.215860100540041 ], [ 24.984874482267191, 60.215891863666755 ], [ 24.984717255529702, 60.215900685497502 ], [ 24.984613548861567, 60.215930928605985 ], [ 24.984580339775409, 60.215960824420115 ], [ 24.984585712217502, 60.216009785719088 ], [ 24.98455673965616, 60.216056527901685 ], [ 24.984451960085817, 60.216130277096383 ], [ 24.984389416257709, 60.216155211423604 ], [ 24.984326554303998, 60.216200189492199 ], [ 24.984354683448476, 60.216232240287617 ], [ 24.984312017981846, 60.216276806066446 ], [ 24.984227364598546, 60.216287822278794 ], [ 24.984119221365344, 60.216338572306825 ], [ 24.984084785098393, 60.21639010837545 ], [ 24.984060207706488, 60.216410649161389 ], [ 24.984040904224887, 60.216466030290817 ], [ 24.983967579234665, 60.216587101055154 ], [ 24.983847156588663, 60.216649943692495 ], [ 24.983553618827852, 60.216768658123506 ], [ 24.983265081896185, 60.216882578786432 ], [ 24.983023647545206, 60.216923077316629 ], [ 24.982915589097889, 60.216987037223497 ], [ 24.98287207617998, 60.216983694569365 ], [ 24.982724704208504, 60.216988727701732 ], [ 24.982662508359375, 60.216998172453636 ], [ 24.982604832450082, 60.216998725865601 ], [ 24.982530337825832, 60.217017302283523 ], [ 24.982472205240466, 60.217018310629214 ], [ 24.982375380462919, 60.217041777382462 ], [ 24.982219339310728, 60.217111773458491 ], [ 24.982059820537899, 60.21716991510344 ], [ 24.981967945032228, 60.21722301173314 ], [ 24.981901444331388, 60.217258565803682 ], [ 24.981743817441192, 60.217350959147772 ], [ 24.981592975117699, 60.217393751738669 ], [ 24.981401487505071, 60.217452029064454 ], [ 24.98123197812421, 60.217568277572717 ], [ 24.981188198281536, 60.21757952738902 ], [ 24.979889818250147, 60.217548502058314 ], [ 24.980126062332673, 60.217200415209163 ], [ 24.979911068439129, 60.217189646489686 ], [ 24.97992396500322, 60.217168804930054 ], [ 24.979963276627235, 60.217127524150676 ], [ 24.97995392255595, 60.217125548155444 ], [ 24.979967592907471, 60.217113667722003 ], [ 24.979994537329631, 60.217100740965506 ], [ 24.980008654897603, 60.217086122208528 ], [ 24.980017454759487, 60.217065017941259 ], [ 24.980033807782107, 60.217049752393677 ], [ 24.979932337231819, 60.217029881762286 ], [ 24.979682993612037, 60.217045732921463 ], [ 24.979385982150191, 60.217073335750371 ], [ 24.979184242248138, 60.217092083430082 ], [ 24.97902356050265, 60.217084566379597 ], [ 24.978768431504111, 60.217210910738331 ], [ 24.9787059551191, 60.217240873672935 ], [ 24.97864157961542, 60.217269824385404 ], [ 24.97857537120634, 60.217297733102072 ], [ 24.978507397992963, 60.217324571110495 ], [ 24.978437729890761, 60.217350310804221 ], [ 24.978366438559693, 60.217374925711631 ], [ 24.978293597330211, 60.217398390505373 ], [ 24.978256958243456, 60.217409225188774 ], [ 24.978219385029636, 60.217419236681252 ], [ 24.978180952354119, 60.217428405091411 ], [ 24.978141736591073, 60.217436712195401 ], [ 24.978101815670701, 60.217444141488087 ], [ 24.978061268924481, 60.217450678206319 ], [ 24.978020176928403, 60.217456309356166 ], [ 24.97794040357833, 60.217464901253557 ], [ 24.977859658397261, 60.217470834687063 ], [ 24.977778298876395, 60.21747408339364 ], [ 24.977696685227482, 60.217474632984455 ], [ 24.977615178787428, 60.217472481029255 ], [ 24.977534140418541, 60.217467637054561 ], [ 24.977453928910418, 60.217460122505379 ], [ 24.977374899390988, 60.217449970654421 ], [ 24.977297401754118, 60.217437226447643 ], [ 24.977221779110902, 60.217421946307013 ], [ 24.977148366268683, 60.217404197884569 ], [ 24.977077488250806, 60.217384059759233 ], [ 24.977009458855655, 60.21736162109039 ], [ 24.976944579267695, 60.217336981224982 ], [ 24.976883136725025, 60.21731024924668 ], [ 24.976810173012836, 60.217274158565388 ], [ 24.976741793097396, 60.217235910476155 ], [ 24.976678254145533, 60.217195648841994 ], [ 24.976619795114974, 60.217153525087937 ], [ 24.976566635855416, 60.217109697639941 ], [ 24.976518976280023, 60.217064331342705 ], [ 24.976476995615378, 60.217017596816689 ], [ 24.976470780100893, 60.217009958395195 ], [ 24.976464716371694, 60.217002289829928 ], [ 24.976458805018265, 60.216994591870304 ], [ 24.976453046615759, 60.216986865265049 ], [ 24.976447441725163, 60.216979110765813 ], [ 24.976441990891544, 60.216971329129294 ], [ 24.976436694645674, 60.216963521111602 ], [ 24.97579373043585, 60.216572491889821 ], [ 24.975770467534669, 60.216559686066105 ], [ 24.974989523665393, 60.216129775943187 ], [ 24.974351623848317, 60.215734317568398 ], [ 24.97330975242123, 60.215088296909116 ], [ 24.973230585082611, 60.21503807090383 ], [ 24.973135595315274, 60.214974616476397 ], [ 24.973044154790486, 60.214909884134244 ], [ 24.97295633289141, 60.214843923018009 ], [ 24.972872196254031, 60.214776783189123 ], [ 24.972791808715751, 60.214708515607185 ], [ 24.972715231267578, 60.214639172090862 ], [ 24.972642522007575, 60.214568805265827 ], [ 24.971792818549421, 60.2137178215782 ], [ 24.971729027754421, 60.213534280341101 ], [ 24.971616648482655, 60.213421727525791 ] ] ] } },
{ "type": "Feature", "properties": { "id": 111544, "aluejako": "KAUPUNGINOSA", "kunta": "091", "tunnus": "35", "nimi_fi": "TUOMARINKYLÄ", "nimi_se": "DOMARBY", "yhtluontipvm": "2009-12-30", "yhtmuokkauspvm": "2022-06-22", "yhtdatanomistaja": "Helsinki/Kami", "paivitetty_tietopalveluun": "2025-11-21" }, "geometry": { "type": "Polygon", "coordinates": [ [ [ 24.899275177408718, 60.268937418714223 ], [ 24.898852881452186, 60.268572547607363 ], [ 24.898442065937026, 60.268186708608141 ], [ 24.897913390520774, 60.267185885390184 ], [ 24.898644826255669, 60.266355995701886 ], [ 24.900601623365407, 60.264850996664919 ], [ 24.901361150454004, 60.263075791076773 ], [ 24.902571588795944, 60.261557045473744 ], [ 24.903222047239211, 60.260740852164865 ], [ 24.904584036994851, 60.259039175129885 ], [ 24.905645768711139, 60.25635051532398 ], [ 24.906014386885818, 60.255416945979299 ], [ 24.911711279646003, 60.246330044065054 ], [ 24.912222086250615, 60.244839138011294 ], [ 24.912836717882911, 60.244906472989705 ], [ 24.913453719246228, 60.244984672213747 ], [ 24.9140811184878, 60.245046723273909 ], [ 24.914417072456537, 60.245081232355084 ], [ 24.914806051029188, 60.24512118047064 ], [ 24.914902265149887, 60.245131065688213 ], [ 24.915201022859684, 60.245176539241662 ], [ 24.915506017497183, 60.245212928559241 ], [ 24.916179228140127, 60.245288594692468 ], [ 24.916505267470058, 60.245325901507556 ], [ 24.916830383395105, 60.245363101033924 ], [ 24.91748166774747, 60.245436984961323 ], [ 24.918140842810949, 60.245511788734476 ], [ 24.918794426010383, 60.245585691868648 ], [ 24.919371692400706, 60.245654655691624 ], [ 24.919946830588422, 60.245722924618477 ], [ 24.921380685731446, 60.245893104830408 ], [ 24.921808938685931, 60.245941970871655 ], [ 24.922238238742448, 60.245990658432198 ], [ 24.922666309356273, 60.246039064754505 ], [ 24.923098770718678, 60.246087378895574 ], [ 24.924273168234617, 60.246220661889126 ], [ 24.924713973788638, 60.24626915144146 ], [ 24.925302098917886, 60.246335306083672 ], [ 24.926551064937243, 60.246477891348931 ], [ 24.926955785424155, 60.246524140167018 ], [ 24.927414187438121, 60.246576532905614 ], [ 24.927838230531631, 60.246624985859896 ], [ 24.928247559825945, 60.246673267054156 ], [ 24.928714886832502, 60.246728383239571 ], [ 24.929067647559609, 60.246767727086436 ], [ 24.929147274035653, 60.246776715323179 ], [ 24.929694463334641, 60.246838473810101 ], [ 24.930305812718167, 60.246907817379871 ], [ 24.930856565827884, 60.246970989253299 ], [ 24.93142826600301, 60.247036722246953 ], [ 24.931560509520235, 60.247052283709081 ], [ 24.932775766229721, 60.247197003625445 ], [ 24.933183196526315, 60.247244122481355 ], [ 24.933590646073796, 60.24729122842794 ], [ 24.933998094961332, 60.247338345688512 ], [ 24.934625456951075, 60.247411266552021 ], [ 24.935152905532437, 60.247472569171379 ], [ 24.935240818936151, 60.247482786522099 ], [ 24.936420441108314, 60.247616400750751 ], [ 24.93703886129158, 60.24768753508765 ], [ 24.937646229984516, 60.247758712512002 ], [ 24.938706155484621, 60.247882977733212 ], [ 24.939319620519736, 60.247952917101266 ], [ 24.940068494436002, 60.248032331746622 ], [ 24.94065429938453, 60.248102036150208 ], [ 24.941246952426951, 60.248172544290632 ], [ 24.941803507699994, 60.248236808674591 ], [ 24.94225453657814, 60.248288883037731 ], [ 24.942404199256355, 60.248306163634318 ], [ 24.942694008697483, 60.248339995904722 ], [ 24.942968235378185, 60.248372010524641 ], [ 24.943571349670759, 60.248442408663024 ], [ 24.944596195636773, 60.248559173166328 ], [ 24.944603454077043, 60.248557260858888 ], [ 24.944664190610563, 60.248870431071111 ], [ 24.944687301070385, 60.248989665431949 ], [ 24.944802839171032, 60.249030247015142 ], [ 24.946360683743407, 60.248837300161135 ], [ 24.946492105121255, 60.248821020777257 ], [ 24.946780461904062, 60.248582546296205 ], [ 24.947200954612835, 60.248530467869216 ], [ 24.947487413078843, 60.248717286354797 ], [ 24.947474014844314, 60.248774826401544 ], [ 24.947456283715034, 60.248851022653419 ], [ 24.947181960435131, 60.248885015583689 ], [ 24.947233714596504, 60.249203111174374 ], [ 24.947270822414424, 60.2494263890976 ], [ 24.947306865322187, 60.249649685428331 ], [ 24.947343667744001, 60.249873726995276 ], [ 24.947394310208249, 60.250173094108433 ], [ 24.947401771860306, 60.250224753683916 ], [ 24.947443904748393, 60.250493679352495 ], [ 24.947480831410072, 60.250715736455895 ], [ 24.947505912159155, 60.250868030799424 ], [ 24.948659005037776, 60.250963657869349 ], [ 24.948630089904171, 60.25078987711899 ], [ 24.949350345575986, 60.250896465711264 ], [ 24.949566458577216, 60.250928446297202 ], [ 24.949619945792715, 60.250932496525984 ], [ 24.950438329110284, 60.250994459657065 ], [ 24.950890623337223, 60.251030688794302 ], [ 24.951293612936265, 60.251060601222008 ], [ 24.951784769868716, 60.25109705158556 ], [ 24.952025514054938, 60.251093405051783 ], [ 24.952332075461314, 60.251085559731848 ], [ 24.953477526818901, 60.251066100921236 ], [ 24.953526281678439, 60.251029381074716 ], [ 24.953523508789118, 60.251010946572706 ], [ 24.953759024923365, 60.251005592445885 ], [ 24.954100726071275, 60.250997823488269 ], [ 24.954310022616347, 60.250993065152443 ], [ 24.954315627254548, 60.251045356451876 ], [ 24.955051559063211, 60.251027315903158 ], [ 24.95584444364092, 60.251007873920784 ], [ 24.956408339401548, 60.250994044375979 ], [ 24.956486586671385, 60.250928954028566 ], [ 24.957337513955032, 60.251012172979628 ], [ 24.957668602516407, 60.251044240993465 ], [ 24.958076748048313, 60.251026571514778 ], [ 24.958272414250271, 60.251020135012602 ], [ 24.959018844819315, 60.250995730216601 ], [ 24.959126753493731, 60.250990880899515 ], [ 24.95923094195377, 60.250986202678838 ], [ 24.959770682520542, 60.2509626167937 ], [ 24.960401031688409, 60.250933584407882 ], [ 24.960616815388146, 60.250927137883806 ], [ 24.961694647730589, 60.250882184341393 ], [ 24.96174147092573, 60.250880223269021 ], [ 24.962251492401155, 60.250862247161798 ], [ 24.963616813615289, 60.250826459524873 ], [ 24.964051701091883, 60.250815059043013 ], [ 24.963977430580613, 60.250431683751962 ], [ 24.963919086558253, 60.250130602141404 ], [ 24.964154322839665, 60.250119512215143 ], [ 24.964090302013741, 60.249784041949674 ], [ 24.964972783463185, 60.250048085084991 ], [ 24.96523309794712, 60.250106109004328 ], [ 24.965489747218328, 60.249893358318751 ], [ 24.965567182461363, 60.249916435148712 ], [ 24.965732504077298, 60.249987651389752 ], [ 24.966745699307648, 60.250744409026659 ], [ 24.966970449542934, 60.250912266079538 ], [ 24.967091995134208, 60.250987491563471 ], [ 24.967254405095883, 60.251088008724928 ], [ 24.967449545448954, 60.251167819553601 ], [ 24.967686186825233, 60.251223383478695 ], [ 24.968179990486036, 60.251393389543288 ], [ 24.968450868299772, 60.251525572804901 ], [ 24.968487576867787, 60.251569377531688 ], [ 24.96876588203207, 60.251734845116459 ], [ 24.969363339758022, 60.251486610969444 ], [ 24.970198053606058, 60.250958460173088 ], [ 24.972655446139957, 60.250758252186017 ], [ 24.975511836020974, 60.25052547361171 ], [ 24.975957326338349, 60.250489163658855 ], [ 24.976476115444083, 60.250803527722532 ], [ 24.977542815989533, 60.251547569657383 ], [ 24.977638683201896, 60.251639524603448 ], [ 24.977797905727588, 60.251816717101924 ], [ 24.978121871900445, 60.252229437556075 ], [ 24.978176193493628, 60.252312435056673 ], [ 24.978335890524193, 60.252756639327238 ], [ 24.978350062888019, 60.253627229336153 ], [ 24.978326854847673, 60.253779817734831 ], [ 24.978211712338648, 60.254029379322681 ], [ 24.977940860294499, 60.25456980436384 ], [ 24.977823003647103, 60.254818469397186 ], [ 24.977720367694527, 60.254996221948979 ], [ 24.977570801074773, 60.255186561568166 ], [ 24.977347290186614, 60.255438411561059 ], [ 24.977176223675684, 60.255732422791908 ], [ 24.976981816200041, 60.256028477016514 ], [ 24.976873683525049, 60.256244138788183 ], [ 24.976825096918301, 60.256347373435489 ], [ 24.97673534208813, 60.256668725383058 ], [ 24.976609833649491, 60.257206841991419 ], [ 24.976532500752022, 60.257402084631813 ], [ 24.976046347337302, 60.258293527029387 ], [ 24.975628783619239, 60.25917057923877 ], [ 24.975465819885279, 60.259471315693091 ], [ 24.975037741406844, 60.260018979731235 ], [ 24.97286928050417, 60.262844797391246 ], [ 24.973200027644019, 60.264438194990227 ], [ 24.972633966825821, 60.264481012956026 ], [ 24.972388594090166, 60.264499576066143 ], [ 24.97175676999877, 60.264547358799526 ], [ 24.971701688131677, 60.26455292721446 ], [ 24.971622458765445, 60.264560936739834 ], [ 24.971413566099969, 60.264582046748217 ], [ 24.971034309688495, 60.264649503783794 ], [ 24.970844674906854, 60.264689967863866 ], [ 24.970677635822423, 60.264734897392472 ], [ 24.970433907044185, 60.264820252406295 ], [ 24.970203685704565, 60.264910546423181 ], [ 24.96996449272029, 60.265031174557151 ], [ 24.969359439253466, 60.265370859505126 ], [ 24.969242128941989, 60.265436711157278 ], [ 24.968993838083581, 60.265560755020097 ], [ 24.968841770169778, 60.265623322210594 ], [ 24.968633060701027, 60.265689474960418 ], [ 24.968401899733568, 60.265749734239904 ], [ 24.968318069347099, 60.265771578121011 ], [ 24.967306873359824, 60.26603515327546 ], [ 24.96710647846443, 60.266073598893534 ], [ 24.966547911064552, 60.266152271564962 ], [ 24.966337758703347, 60.266190677663651 ], [ 24.966192179841897, 60.266224899437923 ], [ 24.965874899202547, 60.266308575870937 ], [ 24.965423517572471, 60.266452288437044 ], [ 24.965149752318091, 60.266555836812351 ], [ 24.964519918252773, 60.266750039315312 ], [ 24.96367546010633, 60.26699311367782 ], [ 24.963469856634912, 60.267059654066713 ], [ 24.963280169941005, 60.267125668995007 ], [ 24.963104738417901, 60.267190754180604 ], [ 24.962937091122988, 60.267257591491123 ], [ 24.96276573252754, 60.267330467930513 ], [ 24.962601487978972, 60.26740654136055 ], [ 24.962276021549425, 60.267567672749252 ], [ 24.96178625903379, 60.26779651075524 ], [ 24.961563463387101, 60.267894887624642 ], [ 24.961438404244248, 60.267937950794675 ], [ 24.961231579997616, 60.267989031880305 ], [ 24.961022376270257, 60.268035004996342 ], [ 24.960775642707887, 60.268098585230014 ], [ 24.960659998953865, 60.268138311632597 ], [ 24.960469297713374, 60.268226706649592 ], [ 24.960295096355939, 60.268325768987907 ], [ 24.960222447855529, 60.268384041859484 ], [ 24.960167992370227, 60.268443074073531 ], [ 24.960127184313393, 60.268496788006374 ], [ 24.960057607332164, 60.268613814055136 ], [ 24.960003880746502, 60.268726446939922 ], [ 24.959990472934585, 60.268786837727866 ], [ 24.9599919592162, 60.26887178943457 ], [ 24.960022213363324, 60.269057488619012 ], [ 24.960026861699891, 60.269186851078871 ], [ 24.960013759611371, 60.269292728798177 ], [ 24.959997103896296, 60.269349357951548 ], [ 24.959959397264235, 60.269436667322232 ], [ 24.959902160957906, 60.269522032121323 ], [ 24.959822007624382, 60.269612326381662 ], [ 24.959699473861324, 60.269725081900887 ], [ 24.95954048112775, 60.269849162012996 ], [ 24.959395351157614, 60.269954317256754 ], [ 24.958493688379832, 60.270529526009327 ], [ 24.958323615779978, 60.270621361902869 ], [ 24.95814845226819, 60.27070889680391 ], [ 24.95785129470476, 60.27087380479945 ], [ 24.957711369310289, 60.270956719042239 ], [ 24.957574993697722, 60.271046688857759 ], [ 24.957463441573591, 60.271124935764398 ], [ 24.957356981557098, 60.271205401110855 ], [ 24.957248141671716, 60.271295271721158 ], [ 24.956806869409757, 60.271694386266383 ], [ 24.956700195933479, 60.271797028979279 ], [ 24.956599980880444, 60.271893453831929 ], [ 24.956156823311254, 60.272406722411382 ], [ 24.956054172621624, 60.272538149709817 ], [ 24.955955836604637, 60.27268543771175 ], [ 24.955896228230959, 60.272789316002552 ], [ 24.95585073600499, 60.272890434565184 ], [ 24.955823597816977, 60.272981883843215 ], [ 24.955812294038619, 60.273042822365461 ], [ 24.955804014705151, 60.273138954040249 ], [ 24.955802369286474, 60.273233499292587 ], [ 24.955824979703991, 60.27339110408596 ], [ 24.955850030234213, 60.273481368017535 ], [ 24.955888922913676, 60.273571654490915 ], [ 24.956009099878251, 60.273781222682814 ], [ 24.956069520278287, 60.27389495970489 ], [ 24.956182262792623, 60.274125276158863 ], [ 24.956219087787396, 60.274236034498138 ], [ 24.956253952063495, 60.274394370230993 ], [ 24.956314281567927, 60.274577773357173 ], [ 24.95645883285124, 60.274958193894399 ], [ 24.956513801728232, 60.275083812198808 ], [ 24.956579035346106, 60.275209631290011 ], [ 24.956680335072559, 60.275366687167399 ], [ 24.956735926293451, 60.275473789539411 ], [ 24.956761036524856, 60.275549306878325 ], [ 24.956769866236815, 60.275637043267238 ], [ 24.956758310311724, 60.275739052715416 ], [ 24.956733428043801, 60.275832944154409 ], [ 24.956679257430995, 60.275949434808417 ], [ 24.956609686656169, 60.276054162772645 ], [ 24.956523041652957, 60.276155698882306 ], [ 24.956449868694339, 60.276223330687337 ], [ 24.956367598251216, 60.27628260346436 ], [ 24.956261669085702, 60.276343430103914 ], [ 24.956099474437185, 60.276422673331993 ], [ 24.95591964450157, 60.276498993540102 ], [ 24.955735560304902, 60.276566713754576 ], [ 24.955586332862168, 60.276610598014322 ], [ 24.95544421798045, 60.276646711887039 ], [ 24.955307610548889, 60.276672712303899 ], [ 24.955096747854828, 60.276695842333844 ], [ 24.954728764800596, 60.276718685221361 ], [ 24.954516119334883, 60.27673670677973 ], [ 24.954299111727124, 60.276759375699598 ], [ 24.954110061334973, 60.276782305233532 ], [ 24.953991530580804, 60.276804056250477 ], [ 24.953800260413995, 60.276850069031312 ], [ 24.95367376683933, 60.276892047308131 ], [ 24.953630365072922, 60.276911867566035 ], [ 24.953552567306005, 60.276947373577613 ], [ 24.953286670262067, 60.277097831926902 ], [ 24.953180526353758, 60.277176615591316 ], [ 24.953123529243534, 60.277237205650117 ], [ 24.953054457860333, 60.277336726241259 ], [ 24.953012056753721, 60.277439442460008 ], [ 24.952989779480017, 60.27754838566451 ], [ 24.952983645497483, 60.277767596052556 ], [ 24.95297405723219, 60.277849869168918 ], [ 24.952945368288823, 60.277930412263373 ], [ 24.952889258438841, 60.278013754896264 ], [ 24.952827461729278, 60.278067521896425 ], [ 24.952741165294256, 60.278116056534216 ], [ 24.95263639131753, 60.278156650370889 ], [ 24.952513465213272, 60.278189240652083 ], [ 24.952269408738044, 60.278237054327469 ], [ 24.952072724935199, 60.278270012593516 ], [ 24.951877777802643, 60.27828927490129 ], [ 24.951664033381899, 60.278296942982855 ], [ 24.951536525958307, 60.278297820985131 ], [ 24.951241851226143, 60.278280229293088 ], [ 24.951091394615197, 60.278266549494539 ], [ 24.950601972887089, 60.278207328940802 ], [ 24.950181317588846, 60.278162223597434 ], [ 24.949961991186225, 60.278144800904421 ], [ 24.949737618105146, 60.278130328811216 ], [ 24.949576265377353, 60.278127987943236 ], [ 24.949422996459759, 60.278134032880466 ], [ 24.949298259959161, 60.278143247836191 ], [ 24.949120602767394, 60.278165806628564 ], [ 24.94906005876523, 60.278176894839902 ], [ 24.948939079090568, 60.278199062246131 ], [ 24.948670331328003, 60.278268732606762 ], [ 24.948481527325431, 60.278322313823352 ], [ 24.948269970689907, 60.278385983117907 ], [ 24.948102424972031, 60.278436098632895 ], [ 24.947935347231656, 60.278475730978251 ], [ 24.947782045988244, 60.27850084650607 ], [ 24.947653384398475, 60.278510893076707 ], [ 24.947470685005662, 60.27850880152274 ], [ 24.947256833258201, 60.278491789392874 ], [ 24.946624609503885, 60.278415884151059 ], [ 24.946406517061796, 60.278395530139235 ], [ 24.94630211725865, 60.278389950226966 ], [ 24.946183807853046, 60.278391275574052 ], [ 24.945969417791602, 60.278405656726562 ], [ 24.945749931012863, 60.278409049693863 ], [ 24.945651295961031, 60.278403875512204 ], [ 24.945544033675098, 60.278391643141276 ], [ 24.945355919889295, 60.278352981116974 ], [ 24.945097399354378, 60.278278460379298 ], [ 24.944775903274138, 60.278177714094227 ], [ 24.944612980272893, 60.2781207518873 ], [ 24.944310707211777, 60.27801507607483 ], [ 24.943759384037591, 60.277839708923132 ], [ 24.943514002535409, 60.277769606502325 ], [ 24.943283269772206, 60.277715360250717 ], [ 24.942977613512745, 60.277647510815527 ], [ 24.942664543262779, 60.277572432364842 ], [ 24.942317061088307, 60.277478472169761 ], [ 24.941988990161299, 60.27738495035566 ], [ 24.941446337554257, 60.277194507847732 ], [ 24.940373550725955, 60.276807312146694 ], [ 24.940250087433117, 60.276773787798831 ], [ 24.940111661410043, 60.27673978090089 ], [ 24.939958415511313, 60.276706260802499 ], [ 24.939294016668683, 60.276583526853223 ], [ 24.939056210576801, 60.276541341785908 ], [ 24.93889305670028, 60.276511271400111 ], [ 24.938633135152596, 60.276457398540273 ], [ 24.936840953282612, 60.27612164539557 ], [ 24.936463122910617, 60.27600975868463 ], [ 24.936266785536763, 60.275956207768758 ], [ 24.935884073011987, 60.275847709726776 ], [ 24.935134329594714, 60.27565513079378 ], [ 24.934925734023039, 60.275615663122352 ], [ 24.934251573689771, 60.275541751683051 ], [ 24.934016722209872, 60.275511074352416 ], [ 24.933778043125805, 60.275469902575388 ], [ 24.932973821962999, 60.275283773403117 ], [ 24.932401040528024, 60.275146179060762 ], [ 24.932178890583252, 60.275101530401059 ], [ 24.931957400975694, 60.275061171900155 ], [ 24.931720912468808, 60.275029592138296 ], [ 24.931502150793577, 60.275007427209601 ], [ 24.93127496166888, 60.274988363014131 ], [ 24.931035129877998, 60.274974560367404 ], [ 24.930799246105092, 60.274965399573595 ], [ 24.93054551104526, 60.274963328490024 ], [ 24.929854960836099, 60.274984344813113 ], [ 24.929634788517046, 60.27499707202491 ], [ 24.929416092032387, 60.275020902100373 ], [ 24.929220148509096, 60.275044070793399 ], [ 24.929073976898426, 60.275057222421353 ], [ 24.928577283791647, 60.275074440184802 ], [ 24.928365616728058, 60.275073042745738 ], [ 24.928146661759182, 60.275057513907562 ], [ 24.927934914078879, 60.275035310996167 ], [ 24.927407226758966, 60.274971649100252 ], [ 24.927129678118046, 60.274943278801679 ], [ 24.926846637631435, 60.274922399273429 ], [ 24.925753389568612, 60.274877490669525 ], [ 24.925446405378533, 60.274864869998481 ], [ 24.925010328955278, 60.274856376247797 ], [ 24.924882112507177, 60.274848854308907 ], [ 24.924710145822715, 60.274833373292815 ], [ 24.924580837191144, 60.274813653012203 ], [ 24.924427225404731, 60.274777179848449 ], [ 24.924276562951476, 60.274723601267048 ], [ 24.924137332900308, 60.274665299060509 ], [ 24.923903292359025, 60.274542760061223 ], [ 24.923625594912984, 60.274377948816692 ], [ 24.923502616075194, 60.274318452593 ], [ 24.923298070455171, 60.274233670638708 ], [ 24.923126118538146, 60.274167369426785 ], [ 24.9228765141483, 60.274079195000027 ], [ 24.922773325386828, 60.274050342286756 ], [ 24.921982222101207, 60.273852540081762 ], [ 24.921808572128633, 60.273803091776841 ], [ 24.921636771486444, 60.27375130178168 ], [ 24.921462570318617, 60.273691001558895 ], [ 24.921296792370669, 60.273622475746286 ], [ 24.921204351549065, 60.273573936367271 ], [ 24.920986466608746, 60.273449938809264 ], [ 24.920923784238177, 60.273403283793428 ], [ 24.920809989525747, 60.273308140632821 ], [ 24.920696272361138, 60.273196159752807 ], [ 24.920614904328534, 60.273142806832382 ], [ 24.920530399619906, 60.273108802736559 ], [ 24.920269325927233, 60.273084044989758 ], [ 24.919979519894024, 60.27305229561459 ], [ 24.919646617192598, 60.273005674394348 ], [ 24.919459483806452, 60.272975421999419 ], [ 24.918797280344712, 60.272874082593987 ], [ 24.918653725490483, 60.272847140655898 ], [ 24.918369647186459, 60.272788043525637 ], [ 24.918097019634338, 60.272738861582027 ], [ 24.917965791283009, 60.272718523346747 ], [ 24.917749893248807, 60.272695583596402 ], [ 24.917339662060915, 60.272661492061061 ], [ 24.916906371984769, 60.272628336218297 ], [ 24.916251727116098, 60.272573157800025 ], [ 24.915235656413362, 60.272466120068223 ], [ 24.9150179174908, 60.272436721457105 ], [ 24.914416883698326, 60.272336673808987 ], [ 24.913919704404954, 60.272242147764096 ], [ 24.913515151645726, 60.272175763921609 ], [ 24.912929662968295, 60.272090905871394 ], [ 24.91271102706505, 60.27205399055741 ], [ 24.912522548591685, 60.272017597363714 ], [ 24.912325252198738, 60.271974574307578 ], [ 24.912118397138247, 60.271924938809981 ], [ 24.911942282817151, 60.271873932199512 ], [ 24.911767310785631, 60.27182167854626 ], [ 24.911590465981508, 60.27176053786345 ], [ 24.911426757850016, 60.271699594185954 ], [ 24.911259766728207, 60.271630112597414 ], [ 24.911104343687395, 60.271559552528068 ], [ 24.910892856422933, 60.271454112542592 ], [ 24.910812524713375, 60.271399228488164 ], [ 24.910722003405859, 60.271304092265574 ], [ 24.910658250409952, 60.271206308320686 ], [ 24.910571107714269, 60.271118273731481 ], [ 24.910445416956097, 60.271032806963795 ], [ 24.910294454698661, 60.270958156206113 ], [ 24.910172181802462, 60.270911707142183 ], [ 24.910025797745664, 60.270867943202759 ], [ 24.909872371192613, 60.270835851197049 ], [ 24.909692866739984, 60.270811980618305 ], [ 24.909474800638829, 60.270802138852453 ], [ 24.909241018819863, 60.270803828235714 ], [ 24.908803861842387, 60.270821434557845 ], [ 24.908584101241257, 60.270836146605383 ], [ 24.908367673625477, 60.270847826934947 ], [ 24.908132971923145, 60.270855239979305 ], [ 24.907911433713551, 60.27085290557725 ], [ 24.907705495728703, 60.270841812771344 ], [ 24.90749117483789, 60.270817564983638 ], [ 24.907356069335915, 60.270793156715619 ], [ 24.907251161235855, 60.270767378226154 ], [ 24.906953538420858, 60.270674760316822 ], [ 24.906086568618765, 60.270379401088121 ], [ 24.905815595885414, 60.270295900422013 ], [ 24.905598798280622, 60.270236186379215 ], [ 24.905409091453318, 60.270187252670638 ], [ 24.904026997488987, 60.269879224933135 ], [ 24.903376618770626, 60.269751250183795 ], [ 24.902563642263996, 60.269600804550201 ], [ 24.90165128172924, 60.269443611729301 ], [ 24.90131706334823, 60.269398693728824 ], [ 24.900296315741397, 60.269226206845232 ], [ 24.900160830711044, 60.269193874738647 ], [ 24.900011813749607, 60.269149424614376 ], [ 24.899795029470067, 60.269073554506441 ], [ 24.899632454091666, 60.269025952367421 ], [ 24.899447299625539, 60.268976564801562 ], [ 24.899275177408718, 60.268937418714223 ] ] ] } },
{ "type": "Feature", "properties": { "id": 111561, "aluejako": "KAUPUNGINOSA", "kunta": "091", "tunnus": "18", "nimi_fi": "LAAKSO", "nimi_se": "DAL", "yhtluontipvm": "2009-12-30", "yhtmuokkauspvm": "2020-12-03", "yhtdatanomistaja": "Helsinki/Kami", "paivitetty_tietopalveluun": "2025-11-21" }, "geometry": { "type": "Polygon", "coordinates": [ [ [ 24.9010622276571, 60.197453646965982 ], [ 24.901077783454685, 60.197319240170792 ], [ 24.901102347551205, 60.197107078948513 ], [ 24.901145330521782, 60.196735589222982 ], [ 24.901158812599551, 60.19661910026187 ], [ 24.90119657472059, 60.196292746627428 ], [ 24.901284709607925, 60.195531134756472 ], [ 24.901334232455522, 60.195103164798098 ], [ 24.901616846189164, 60.195004439692866 ], [ 24.901934132010574, 60.194893603973831 ], [ 24.902251397665776, 60.194782767480056 ], [ 24.902753130976542, 60.194607494714489 ], [ 24.903254857135671, 60.194432220043574 ], [ 24.903660659310397, 60.194290454430501 ], [ 24.903955791551308, 60.194187347145217 ], [ 24.904443803204401, 60.19401685898638 ], [ 24.904871808524245, 60.193867319489584 ], [ 24.905299826149193, 60.193717787594167 ], [ 24.905832067488731, 60.193531825360267 ], [ 24.906053411133556, 60.19345449222341 ], [ 24.906634123595133, 60.193251587692487 ], [ 24.907062036788986, 60.193102076058473 ], [ 24.907489944286404, 60.192952563935705 ], [ 24.908070639019765, 60.192749653095021 ], [ 24.908291972137466, 60.192672315312855 ], [ 24.908705105278816, 60.192527949909625 ], [ 24.909059229376684, 60.192404211348013 ], [ 24.909413330978659, 60.192280472721826 ], [ 24.909786559181363, 60.192150056785763 ], [ 24.910270201742012, 60.191981045776927 ], [ 24.912011981040955, 60.191372348731463 ], [ 24.913137510673646, 60.190960647995375 ], [ 24.913526668946155, 60.190786880698909 ], [ 24.914117124363862, 60.190523225643297 ], [ 24.914707568510408, 60.190259567944949 ], [ 24.915298004990895, 60.189995907606281 ], [ 24.915920859003386, 60.189717759122381 ], [ 24.916262365604645, 60.189565253116768 ], [ 24.917121665323183, 60.189628734853052 ], [ 24.917701748276976, 60.189653268718345 ], [ 24.918223493124845, 60.189675340720456 ], [ 24.918583763781491, 60.1896905800673 ], [ 24.920145753554834, 60.189759262840376 ], [ 24.920238769262692, 60.189760587046038 ], [ 24.921028942588045, 60.189771827769363 ], [ 24.921292547079183, 60.189912703290581 ], [ 24.921563644932768, 60.190050007926949 ], [ 24.921842041201938, 60.190183642895704 ], [ 24.922127535681923, 60.190313512052398 ], [ 24.922419923054225, 60.190439521958169 ], [ 24.922718993032543, 60.190561581957041 ], [ 24.923024530516901, 60.190679604222503 ], [ 24.923193864483064, 60.190742258113083 ], [ 24.923365021794268, 60.190803671500603 ], [ 24.923537965805007, 60.19086383123468 ], [ 24.923712659487585, 60.190922724431061 ], [ 24.923889065438335, 60.190980338477047 ], [ 24.924067145886372, 60.19103666103382 ], [ 24.924246862702173, 60.191091680037431 ], [ 24.924270032649659, 60.191098642169521 ], [ 24.924293228747011, 60.191105582680635 ], [ 24.924316450913238, 60.19111250154937 ], [ 24.92433969906703, 60.191119398747645 ], [ 24.924362973126595, 60.191126274254877 ], [ 24.924386273010082, 60.191133128047326 ], [ 24.924409598635975, 60.191139960098035 ], [ 24.924241048524177, 60.191434004363089 ], [ 24.924007990396731, 60.191840591847559 ], [ 24.923873614006322, 60.192020785935703 ], [ 24.923754466661649, 60.192180550729177 ], [ 24.923436829967567, 60.192606467325255 ], [ 24.923424141576721, 60.192621985750968 ], [ 24.923409539294116, 60.19263708119324 ], [ 24.923393079657952, 60.192651695207353 ], [ 24.923374826399499, 60.192665771203714 ], [ 24.92335485019478, 60.192679254676854 ], [ 24.923333228390966, 60.192692093421982 ], [ 24.923310044708469, 60.192704237721046 ], [ 24.922387520624959, 60.193158252654868 ], [ 24.922229696112101, 60.193386997268924 ], [ 24.922573489464583, 60.194267334309792 ], [ 24.922508728251451, 60.194362679954814 ], [ 24.920346047828726, 60.195395043528457 ], [ 24.91788314708338, 60.196570587157282 ], [ 24.913900365608246, 60.197024686121836 ], [ 24.910446339416588, 60.197418391118688 ], [ 24.908433477622427, 60.197389052054248 ], [ 24.902857521950175, 60.197238943171094 ], [ 24.902852580703286, 60.197238767675003 ], [ 24.902847654484269, 60.19723850776824 ], [ 24.902842749108213, 60.197238163763039 ], [ 24.902837870366501, 60.197237736062526 ], [ 24.902833024019653, 60.197237225169047 ], [ 24.902828215788439, 60.197236631692377 ], [ 24.902823451350041, 60.197235956327631 ], [ 24.902817547504075, 60.197287006813085 ], [ 24.90279253511941, 60.197503263491612 ], [ 24.902702545150266, 60.197500683493843 ], [ 24.902306572867719, 60.197489330352781 ], [ 24.901710150693187, 60.197472228330874 ], [ 24.9010622276571, 60.197453646965982 ] ] ] } },
{ "type": "Feature", "properties": { "id": 111562, "aluejako": "KAUPUNGINOSA", "kunta": "091", "tunnus": "48", "nimi_fi": "VARTIOSAARI", "nimi_se": "VÅRDÖ", "yhtluontipvm": "2009-12-30", "yhtmuokkauspvm": "2021-01-29", "yhtdatanomistaja": "Helsinki/Kami", "paivitetty_tietopalveluun": "2025-11-21" }, "geometry": { "type": "Polygon", "coordinates": [ [ [ 25.062132314097408, 60.186715601086867 ], [ 25.063710060393731, 60.184387565534507 ], [ 25.065136127958489, 60.182283039778568 ], [ 25.065626764919788, 60.181293032824669 ], [ 25.065872389705682, 60.180946613050118 ], [ 25.06612154075226, 60.18062510323675 ], [ 25.067184956609918, 60.180101286860193 ], [ 25.067292705790084, 60.180035163194766 ], [ 25.067586290519955, 60.179905649222903 ], [ 25.067960385208313, 60.179750722510441 ], [ 25.071384910369215, 60.178332364069654 ], [ 25.071447509200048, 60.178311600695061 ], [ 25.077354791354583, 60.174923734024283 ], [ 25.082077004973232, 60.173598689614167 ], [ 25.082221565459282, 60.173558121703067 ], [ 25.085454949610316, 60.172650665922106 ], [ 25.086082098713518, 60.172481273262974 ], [ 25.08802767265637, 60.172476820376723 ], [ 25.095231777383525, 60.172460092827954 ], [ 25.101226278915941, 60.169821442458272 ], [ 25.106193607771559, 60.167634404277209 ], [ 25.111351545310939, 60.171854477802455 ], [ 25.112564841630725, 60.176026268030107 ], [ 25.108107829671876, 60.177892284689534 ], [ 25.105903407601257, 60.17881507604671 ], [ 25.097883704492851, 60.182172295967902 ], [ 25.090110479597154, 60.185423552668105 ], [ 25.08945818272004, 60.185696405575236 ], [ 25.087182537697831, 60.186649699134314 ], [ 25.087491280600375, 60.189601300123115 ], [ 25.089074903718561, 60.191574764590257 ], [ 25.083103041984891, 60.194474965403131 ], [ 25.076123784829615, 60.193490661810216 ], [ 25.075148230793129, 60.193985878159829 ], [ 25.073503916201393, 60.191415920653775 ], [ 25.068450933591897, 60.186897570154024 ], [ 25.067643551747825, 60.186898984341838 ], [ 25.065785793105434, 60.186577919603252 ], [ 25.062132314097408, 60.186715601086867 ] ] ] } },
{ "type": "Feature", "properties": { "id": 111563, "aluejako": "KAUPUNGINOSA", "kunta": "091", "tunnus": "25", "nimi_fi": "KÄPYLÄ", "nimi_se": "KOTTBY", "yhtluontipvm": "2009-12-30", "yhtmuokkauspvm": "2020-12-04", "yhtdatanomistaja": "Helsinki/Kami", "paivitetty_tietopalveluun": "2025-11-21" }, "geometry": { "type": "Polygon", "coordinates": [ [ [ 24.933802506130061, 60.207183235122976 ], [ 24.933882133127351, 60.207226443349775 ], [ 24.933967258583099, 60.207266971990357 ], [ 24.934057519257745, 60.207304648097143 ], [ 24.934152529994641, 60.207339310890461 ], [ 24.93425188536218, 60.20737081245187 ], [ 24.93435516138543, 60.207399018351921 ], [ 24.934461917354426, 60.207423808227844 ], [ 24.934571697706456, 60.207445076286376 ], [ 24.934684033968317, 60.207462731773049 ], [ 24.934798446758336, 60.207476699339821 ], [ 24.934914447830369, 60.207486919383186 ], [ 24.935031542159376, 60.207493348286746 ], [ 24.935149230053117, 60.207495958621017 ], [ 24.935267009286445, 60.20749473924112 ], [ 24.935384377243309, 60.207489695352102 ], [ 24.935500833063973, 60.207480848478305 ], [ 24.935615879781633, 60.207468236374332 ], [ 24.935729026444363, 60.207451912861096 ], [ 24.935839790210036, 60.207431947594962 ], [ 24.935947698408402, 60.207408425776329 ], [ 24.936052290557235, 60.207381447783597 ], [ 24.936153120327941, 60.207351128746417 ], [ 24.936249757452519, 60.207317598039161 ], [ 24.936386600427774, 60.207267425626846 ], [ 24.936516841812008, 60.207213075002194 ], [ 24.936639967407647, 60.207154760761853 ], [ 24.93675549112135, 60.20709271313995 ], [ 24.936862956881203, 60.207027177118199 ], [ 24.936961940437065, 60.206958411449456 ], [ 24.937052051036737, 60.206886687628277 ], [ 24.937418153194109, 60.206968957847089 ], [ 24.937551460655936, 60.206998915002664 ], [ 24.93800013993814, 60.20713818028814 ], [ 24.938757598899358, 60.20737327628801 ], [ 24.940318705763268, 60.207857798991306 ], [ 24.940472528468653, 60.207905531908743 ], [ 24.940667693389461, 60.207963874691998 ], [ 24.940863908187438, 60.208021338941975 ], [ 24.9410611568962, 60.208077919988483 ], [ 24.941259423465905, 60.208133613223211 ], [ 24.941458691763547, 60.208188414108342 ], [ 24.941658945573195, 60.208242318189448 ], [ 24.941860168599895, 60.208295321073734 ], [ 24.942051514412778, 60.208348449340832 ], [ 24.942264454601847, 60.208402215606661 ], [ 24.9424797274655, 60.208453630066927 ], [ 24.942697228142805, 60.208502667677863 ], [ 24.942916850688018, 60.208549304547518 ], [ 24.943138488118521, 60.20859351795584 ], [ 24.943362032469729, 60.208635286368498 ], [ 24.943587374846921, 60.20867458943016 ], [ 24.943798976896318, 60.208697214646612 ], [ 24.944856897731039, 60.20881033831931 ], [ 24.945232465770165, 60.208850496304038 ], [ 24.945403464111113, 60.208435884132832 ], [ 24.945503604233764, 60.208193071949481 ], [ 24.945514579562239, 60.208160139144582 ], [ 24.945523871458132, 60.208127078287539 ], [ 24.945531473937198, 60.208093910693549 ], [ 24.945537382104536, 60.208060657734713 ], [ 24.945541592156861, 60.208027340848169 ], [ 24.945544101385966, 60.207993981510391 ], [ 24.945544908179329, 60.207960601219575 ], [ 24.945494202955977, 60.206826406217658 ], [ 24.945878783406041, 60.206820974702104 ], [ 24.946546001783602, 60.206811548226618 ], [ 24.947268578472624, 60.206975006421892 ], [ 24.947877570425934, 60.20632743844164 ], [ 24.948912201788403, 60.205227201263455 ], [ 24.949157166942662, 60.205284263091002 ], [ 24.94981454515074, 60.204585167901222 ], [ 24.950541424391652, 60.20475448255975 ], [ 24.950186124700149, 60.205523941912261 ], [ 24.951468950763225, 60.205822738802794 ], [ 24.952875019736467, 60.20644172466659 ], [ 24.952939281713881, 60.20647000829068 ], [ 24.952851193485646, 60.206533633170004 ], [ 24.951999455359676, 60.207148820436757 ], [ 24.951143306841075, 60.207765051578811 ], [ 24.950746061547623, 60.20804838065316 ], [ 24.949506974485796, 60.208823732961854 ], [ 24.953635945587351, 60.21045047169666 ], [ 24.954342991970606, 60.210729012167825 ], [ 24.956697568957757, 60.211656516220337 ], [ 24.957276568767771, 60.211818917825205 ], [ 24.959693046939446, 60.212533773331018 ], [ 24.960516630241976, 60.212792518249621 ], [ 24.961309713371534, 60.213041673318294 ], [ 24.962058962940763, 60.213277051848387 ], [ 24.96353923035657, 60.213742047828944 ], [ 24.962891846274164, 60.214343311191314 ], [ 24.962517040591056, 60.21469140474624 ], [ 24.962632009750536, 60.214722053089595 ], [ 24.962428120879839, 60.214773983591876 ], [ 24.959075571352138, 60.215627817604968 ], [ 24.958388401269136, 60.21580281041318 ], [ 24.958551972755515, 60.216020405001906 ], [ 24.958825013899741, 60.216383636440476 ], [ 24.959032141302057, 60.216659162924287 ], [ 24.959079542011654, 60.216722208923066 ], [ 24.960589833959975, 60.218731144856342 ], [ 24.960290686207784, 60.218786818762446 ], [ 24.960106562256577, 60.218941308680868 ], [ 24.960310844813062, 60.219001572253838 ], [ 24.960368693680348, 60.219086667998155 ], [ 24.960460179886809, 60.219222445105736 ], [ 24.960483312166019, 60.21925645429701 ], [ 24.96062001218348, 60.219233427333542 ], [ 24.960735732685979, 60.219403447096894 ], [ 24.96078865022616, 60.219480133962406 ], [ 24.960939072951923, 60.219701166341238 ], [ 24.961083713004754, 60.219913692681551 ], [ 24.961118433897816, 60.219964697329367 ], [ 24.961134756514483, 60.219989023229957 ], [ 24.961150655315169, 60.220013418504209 ], [ 24.961166129107397, 60.22003788132622 ], [ 24.96118117673177, 60.220062409861249 ], [ 24.96119579705972, 60.220087002271903 ], [ 24.961209988994824, 60.220111656718032 ], [ 24.961223751473213, 60.220136371349554 ], [ 24.961240990696233, 60.220168586641016 ], [ 24.961257500186591, 60.220200896394324 ], [ 24.961273277851472, 60.220233296529003 ], [ 24.961288321691445, 60.220265782931875 ], [ 24.961302629798904, 60.220298351496687 ], [ 24.961316200360329, 60.220330998095989 ], [ 24.961329031655033, 60.220363718597433 ], [ 24.961341128696407, 60.220396506759819 ], [ 24.96135248323942, 60.220429360573462 ], [ 24.961363093842987, 60.220462275882284 ], [ 24.96137295916126, 60.220495248512506 ], [ 24.961382077942496, 60.22052827429065 ], [ 24.961390449029199, 60.220561349032977 ], [ 24.961398071358751, 60.220594468549137 ], [ 24.961405213990975, 60.220629045738043 ], [ 24.961411540345988, 60.220663662247595 ], [ 24.961417049548675, 60.220698313317442 ], [ 24.961421740838141, 60.220732994168124 ], [ 24.961425613564941, 60.220767700022925 ], [ 24.961428667193662, 60.220802426101507 ], [ 24.961430901300147, 60.22083716761734 ], [ 24.961432267114279, 60.220890875730682 ], [ 24.961432409973153, 60.220926763027592 ], [ 24.961431678568164, 60.220962648548515 ], [ 24.961430073003307, 60.220998527023987 ], [ 24.961427593512038, 60.221034393184368 ], [ 24.961424240455823, 60.221070241760785 ], [ 24.961420014323618, 60.221106067489579 ], [ 24.96141491573367, 60.221141865106574 ], [ 24.961409060659545, 60.221177004278154 ], [ 24.961402364896824, 60.22121210627099 ], [ 24.96139482939201, 60.2212471661135 ], [ 24.961386455211535, 60.221282178829235 ], [ 24.961377243539371, 60.221317139455223 ], [ 24.961367195679991, 60.22135204303364 ], [ 24.9613563130548, 60.221386884613736 ], [ 24.961344596775454, 60.221421659537668 ], [ 24.961332049273693, 60.221456362617523 ], [ 24.961318672324214, 60.221490988944339 ], [ 24.961304467820284, 60.221525533607746 ], [ 24.961289437771512, 60.22155999171315 ], [ 24.961273584305069, 60.221594358379406 ], [ 24.961256909664527, 60.221628628735658 ], [ 24.961240315172876, 60.221661081001884 ], [ 24.961222984195846, 60.221693437861212 ], [ 24.961204918946709, 60.221725695177 ], [ 24.9611861217331, 60.221757848826861 ], [ 24.96116659495522, 60.221789894697302 ], [ 24.96114634110717, 60.221821828696605 ], [ 24.961125362776034, 60.22185364673765 ], [ 24.961390610956268, 60.221863804415818 ], [ 24.960640734651047, 60.223209704379876 ], [ 24.960616203603294, 60.223256275120136 ], [ 24.960594325118521, 60.223303171780323 ], [ 24.960575116646126, 60.223350356981342 ], [ 24.960558593507972, 60.223397793115282 ], [ 24.96054476888532, 60.223445442370895 ], [ 24.960533653808735, 60.223493266774128 ], [ 24.960525257150223, 60.223541228198449 ], [ 24.955863898474025, 60.222992877135894 ], [ 24.95552483435949, 60.222952983306023 ], [ 24.949511631743718, 60.222247943677658 ], [ 24.949223964380785, 60.222152848483603 ], [ 24.949998750908051, 60.221749953848239 ], [ 24.94908662062959, 60.221483025070512 ], [ 24.947606900783558, 60.221001600788277 ], [ 24.947421947870463, 60.220941424062502 ], [ 24.947214331061261, 60.220873873772668 ], [ 24.946049368601805, 60.220436739065292 ], [ 24.944791384415893, 60.219906539151324 ], [ 24.944727907024404, 60.219879785861337 ], [ 24.942692540036358, 60.21922387098261 ], [ 24.943750460110323, 60.218379763423336 ], [ 24.943500981109317, 60.21821842351887 ], [ 24.943241130084726, 60.218061188787303 ], [ 24.942971179863946, 60.217908224231515 ], [ 24.942691413861173, 60.217759690365199 ], [ 24.94240212577898, 60.217615743044838 ], [ 24.942103619298518, 60.217476533326099 ], [ 24.941796207763698, 60.217342207274797 ], [ 24.940962545501527, 60.216920500681866 ], [ 24.93817437883137, 60.214829661280476 ], [ 24.937985472213391, 60.214595288774696 ], [ 24.93708961971636, 60.21348351021544 ], [ 24.935609257871093, 60.210620573444508 ], [ 24.934772011620765, 60.20883321244208 ], [ 24.934369098041739, 60.207973001830226 ], [ 24.934062446705425, 60.207800708074139 ], [ 24.933728571928572, 60.207192217578147 ], [ 24.933802506130061, 60.207183235122976 ] ] ] } },
{ "type": "Feature", "properties": { "id": 111564, "aluejako": "KAUPUNGINOSA", "kunta": "091", "tunnus": "05", "nimi_fi": "PUNAVUORI", "nimi_se": "RÖDBERGEN", "yhtluontipvm": "2009-12-30", "yhtmuokkauspvm": "2020-12-02", "yhtdatanomistaja": "Helsinki/Kami", "paivitetty_tietopalveluun": "2025-11-21" }, "geometry": { "type": "Polygon", "coordinates": [ [ [ 24.927259408493807, 60.160471737380398 ], [ 24.927186747228095, 60.160278324889489 ], [ 24.928265559782446, 60.160124606291077 ], [ 24.930263051841518, 60.15975433181594 ], [ 24.930937791537751, 60.158707990554433 ], [ 24.930528839275201, 60.158642476652957 ], [ 24.931244136501277, 60.157533185822622 ], [ 24.931430746441219, 60.157441917754824 ], [ 24.931465400040452, 60.15738412713506 ], [ 24.931527649322465, 60.157280315609107 ], [ 24.931909438038673, 60.157341288102906 ], [ 24.93231772713494, 60.157406493939021 ], [ 24.932872856881922, 60.157495146867014 ], [ 24.933341240821751, 60.157569943324546 ], [ 24.933749979589734, 60.157632843662483 ], [ 24.933819548567342, 60.157635839426788 ], [ 24.934040670255978, 60.157645361334652 ], [ 24.934458959689259, 60.15766337258659 ], [ 24.934860119268485, 60.157680643496846 ], [ 24.935181004021718, 60.157694457893506 ], [ 24.93546018624744, 60.157707638186146 ], [ 24.935863742444091, 60.157725507683125 ], [ 24.936398121504002, 60.157748878827078 ], [ 24.936637364004298, 60.157759899510829 ], [ 24.936958755209595, 60.157774265425225 ], [ 24.937281587134098, 60.157788693172549 ], [ 24.93760440133503, 60.157803120124981 ], [ 24.937928908086835, 60.157817752621682 ], [ 24.938334303860746, 60.157835523906122 ], [ 24.939052745176362, 60.157867591689232 ], [ 24.939430025919858, 60.157884429396347 ], [ 24.940068227525153, 60.157912910567013 ], [ 24.940464406376407, 60.157930479090915 ], [ 24.941074785986551, 60.157957543637771 ], [ 24.941412054346124, 60.157972497795299 ], [ 24.941334759561428, 60.158129210478045 ], [ 24.941283466722069, 60.158232908140626 ], [ 24.941906810315015, 60.15869489020605 ], [ 24.942466753368443, 60.159110645124024 ], [ 24.942446059179371, 60.159244415300456 ], [ 24.942383721860537, 60.159632250833575 ], [ 24.942323912303969, 60.16000416316411 ], [ 24.942303755116239, 60.160107278768379 ], [ 24.942255077756805, 60.16042617519021 ], [ 24.942214511971226, 60.160691920686624 ], [ 24.942207004336264, 60.160741084945975 ], [ 24.94231388535761, 60.160883891478413 ], [ 24.942602151966454, 60.161269057278169 ], [ 24.942656986179138, 60.161318223412167 ], [ 24.942711093771408, 60.161439382209366 ], [ 24.94279292547504, 60.161874193834599 ], [ 24.942801460471927, 60.161919547782766 ], [ 24.942746826102592, 60.162171040574854 ], [ 24.94272398980214, 60.162187846215765 ], [ 24.94280680858553, 60.162553249253712 ], [ 24.942778797585778, 60.162573342172692 ], [ 24.942858271547749, 60.16260166349165 ], [ 24.942986349746665, 60.162644687722199 ], [ 24.944796795533442, 60.163252816590784 ], [ 24.945108907965313, 60.163357648430804 ], [ 24.944956449341777, 60.163468734473838 ], [ 24.944549552575051, 60.163765209739225 ], [ 24.944093740137717, 60.16409732526963 ], [ 24.943945016065168, 60.16420486910441 ], [ 24.943703761444372, 60.164377962486014 ], [ 24.943222699851471, 60.164723108286054 ], [ 24.942732072239501, 60.16507510722878 ], [ 24.9425824184192, 60.165180880956321 ], [ 24.942142062527637, 60.165027789126469 ], [ 24.941261849036653, 60.164721762842326 ], [ 24.940891634826738, 60.164593059968844 ], [ 24.940466228686585, 60.164445148052828 ], [ 24.940254561301366, 60.164370450675897 ], [ 24.939830978799922, 60.164222186596213 ], [ 24.938986348647699, 60.1639265423034 ], [ 24.938564561233605, 60.163778892500133 ], [ 24.938142759575118, 60.163631251216373 ], [ 24.937926673092836, 60.16355703541371 ], [ 24.937468749295228, 60.163395959450426 ], [ 24.937014359353938, 60.163236123986351 ], [ 24.936559988225085, 60.163076291455816 ], [ 24.936103400619082, 60.162915676327053 ], [ 24.9356350670278, 60.162750926106234 ], [ 24.935415804177769, 60.162675836727558 ], [ 24.935026274827521, 60.162541097142636 ], [ 24.934601965619937, 60.162394323814716 ], [ 24.934237276972642, 60.162268167509659 ], [ 24.933343623140725, 60.162908244292126 ], [ 24.933099137635903, 60.163083344348323 ], [ 24.932940758352895, 60.163027905522014 ], [ 24.932495448171117, 60.162871966155024 ], [ 24.931521741780042, 60.162530976603868 ], [ 24.931241660216237, 60.162432888772031 ], [ 24.931197185012884, 60.162417722308561 ], [ 24.929929069590951, 60.161985261476957 ], [ 24.929651492736919, 60.161945672700909 ], [ 24.9289732345622, 60.161733396912773 ], [ 24.928902061971765, 60.161711122065903 ], [ 24.928785639772183, 60.16167054705646 ], [ 24.927547691547748, 60.161239100981646 ], [ 24.927259408493807, 60.160471737380398 ] ] ] } },
{ "type": "Feature", "properties": { "id": 111573, "aluejako": "KAUPUNGINOSA", "kunta": "091", "tunnus": "08", "nimi_fi": "KATAJANOKKA", "nimi_se": "SKATUDDEN", "yhtluontipvm": "2009-12-30", "yhtmuokkauspvm": "2020-12-02", "yhtdatanomistaja": "Helsinki/Kami", "paivitetty_tietopalveluun": "2025-11-21" }, "geometry": { "type": "Polygon", "coordinates": [ [ [ 24.957725000758813, 60.168142750470174 ], [ 24.957611758257123, 60.168048190333337 ], [ 24.957676735340154, 60.167546510784653 ], [ 24.958047913407558, 60.164680519735498 ], [ 24.960389455200879, 60.163737426145659 ], [ 24.963221417602167, 60.162596677391583 ], [ 25.004459297444029, 60.162576995176764 ], [ 25.003233176091065, 60.168558132181964 ], [ 24.979066203716528, 60.168570995963094 ], [ 24.978598400009382, 60.169909841443371 ], [ 24.975023618034143, 60.170265873976966 ], [ 24.971946480583902, 60.170572264225349 ], [ 24.970893447219392, 60.170572667260622 ], [ 24.968974210470208, 60.170573381697778 ], [ 24.96617653335181, 60.170574373971085 ], [ 24.963461665118938, 60.170075025628833 ], [ 24.961856042162871, 60.169779668206004 ], [ 24.959660474061231, 60.169375750808129 ], [ 24.959519975055965, 60.169349900892591 ], [ 24.959072184232284, 60.169267516041209 ], [ 24.957725000758813, 60.168142750470174 ] ] ] } },
{ "type": "Feature", "properties": { "id": 111574, "aluejako": "KAUPUNGINOSA", "kunta": "091", "tunnus": "46", "nimi_fi": "PITÄJÄNMÄKI", "nimi_se": "SOCKENBACKA", "yhtluontipvm": "2009-12-30", "yhtmuokkauspvm": "2025-05-21", "yhtdatanomistaja": "Helsinki/Kami", "paivitetty_tietopalveluun": "2025-11-21" }, "geometry": { "type": "Polygon", "coordinates": [ [ [ 24.878851623520138, 60.222652295945977 ], [ 24.878666012761339, 60.222919685070011 ], [ 24.878456389920693, 60.223182646314008 ], [ 24.878223179528188, 60.223440646411696 ], [ 24.878198222109056, 60.223466520746136 ], [ 24.878173027317029, 60.223492338093202 ], [ 24.878147595677433, 60.223518097919026 ], [ 24.878121927720453, 60.223543799682673 ], [ 24.878096023981144, 60.223569442850753 ], [ 24.878069884999316, 60.223595026886755 ], [ 24.878043511320676, 60.223620551254449 ], [ 24.877947267903536, 60.223711349937616 ], [ 24.877848054700831, 60.223801354265142 ], [ 24.877745898178077, 60.223890540211812 ], [ 24.877640825588312, 60.223978883957962 ], [ 24.877532864963261, 60.224066361915661 ], [ 24.877422045106048, 60.224152950733021 ], [ 24.877308395585093, 60.224238627283391 ], [ 24.877220122616048, 60.22430313511228 ], [ 24.877130245441826, 60.224367092538593 ], [ 24.877038777922589, 60.224430489692416 ], [ 24.876945734165087, 60.224493316788042 ], [ 24.876851128518208, 60.224555564132508 ], [ 24.876754975572062, 60.224617222123371 ], [ 24.876657290157642, 60.224678281237921 ], [ 24.876230769027348, 60.224941508809756 ], [ 24.87314195560992, 60.226847600456772 ], [ 24.872959075106998, 60.226958397713048 ], [ 24.872742275396128, 60.227089744368925 ], [ 24.87266944908955, 60.227133865732611 ], [ 24.872452557058676, 60.227277337299263 ], [ 24.872382525363879, 60.227320085991707 ], [ 24.872473557948382, 60.227421421363637 ], [ 24.871946180016689, 60.227840280388797 ], [ 24.872335757321931, 60.228268314828824 ], [ 24.872631245788291, 60.228579414008486 ], [ 24.872793549442576, 60.228653069873936 ], [ 24.872887294205203, 60.228715930735987 ], [ 24.872937737553059, 60.228774287527429 ], [ 24.872960183759403, 60.22885058529392 ], [ 24.873018362844125, 60.229173715661908 ], [ 24.873103801530924, 60.229366713954533 ], [ 24.873156959710467, 60.229420583772459 ], [ 24.873420308132062, 60.229505943236262 ], [ 24.873510429684544, 60.22958226414174 ], [ 24.873604099571658, 60.229700770798665 ], [ 24.873618372327858, 60.229815659226645 ], [ 24.873574957567111, 60.229887445950695 ], [ 24.87342768154133, 60.230026509938519 ], [ 24.873309348497337, 60.230116219818257 ], [ 24.872890344934593, 60.230340451089432 ], [ 24.872686310105859, 60.230414872237368 ], [ 24.872605819122874, 60.230454971436522 ], [ 24.872543569949912, 60.230466653245927 ], [ 24.872476798953866, 60.230479068456624 ], [ 24.872388244141714, 60.230486225563418 ], [ 24.872307013862958, 60.230504683362909 ], [ 24.872178068160729, 60.230524380439405 ], [ 24.872094081970722, 60.230543749146719 ], [ 24.872012843078366, 60.230567114488608 ], [ 24.871931838560208, 60.230588197571024 ], [ 24.871849921498111, 60.230605856517947 ], [ 24.871766860005764, 60.230619862231769 ], [ 24.871664768690518, 60.230629525162058 ], [ 24.871576685746394, 60.230627552440524 ], [ 24.871417727041852, 60.230620532377415 ], [ 24.871322187804118, 60.230616550756032 ], [ 24.871169539157581, 60.230613478494568 ], [ 24.871105765557264, 60.230615623617574 ], [ 24.871025689978019, 60.230627462421282 ], [ 24.870953639853695, 60.230641586030849 ], [ 24.870836682036582, 60.230667079879233 ], [ 24.870756606406584, 60.23068758423755 ], [ 24.870706476453051, 60.23071714155742 ], [ 24.870528411229483, 60.230837312384544 ], [ 24.870363408461792, 60.230978184848958 ], [ 24.870015970662255, 60.231162789643406 ], [ 24.869736567356306, 60.231257345842856 ], [ 24.869668214872792, 60.231282407072626 ], [ 24.869557860842328, 60.231341974974463 ], [ 24.869511323597433, 60.231371138661075 ], [ 24.869467295346304, 60.231409255034308 ], [ 24.869440530253559, 60.231445772809693 ], [ 24.869274969554283, 60.231742478157251 ], [ 24.869163179037887, 60.231972610369361 ], [ 24.869143325981536, 60.232038864896772 ], [ 24.86913693927518, 60.232098527727324 ], [ 24.869139772562118, 60.232172825005769 ], [ 24.869133235520948, 60.232228540321067 ], [ 24.869108393781804, 60.232277606585114 ], [ 24.869076634943902, 60.232334637043067 ], [ 24.868981130292113, 60.232442895203278 ], [ 24.868937807116886, 60.232480646794642 ], [ 24.868886666706629, 60.232521701661824 ], [ 24.868842129762506, 60.232546537370027 ], [ 24.868656659971524, 60.232643437790934 ], [ 24.868574773214164, 60.232690120177658 ], [ 24.868304286464515, 60.232878716178 ], [ 24.86821576614312, 60.232932532560099 ], [ 24.868143469107672, 60.232997574333467 ], [ 24.868023346776788, 60.233154364956761 ], [ 24.867624482511911, 60.233623390954364 ], [ 24.867281252804418, 60.233814426282144 ], [ 24.867127732849333, 60.233880781026272 ], [ 24.866888351815774, 60.234026980507629 ], [ 24.866847620390811, 60.234101009735312 ], [ 24.866766251129036, 60.234192973123612 ], [ 24.866702993184042, 60.234246798587805 ], [ 24.866657759934743, 60.234314095302068 ], [ 24.866648618829256, 60.23438589350917 ], [ 24.866652102780904, 60.234462184002801 ], [ 24.866637515485532, 60.234551930153799 ], [ 24.866639224134254, 60.234610269932112 ], [ 24.866687727339656, 60.234749406257741 ], [ 24.866665966537994, 60.234812223603925 ], [ 24.86665679389608, 60.234901972498854 ], [ 24.866660231667158, 60.235006086562009 ], [ 24.866656280945755, 60.235049556553832 ], [ 24.865405942998208, 60.235315217346454 ], [ 24.863472201957968, 60.235759093509508 ], [ 24.863258842182418, 60.235676127329114 ], [ 24.86315157618704, 60.235742540110984 ], [ 24.863033196876, 60.235804108060698 ], [ 24.862904585401054, 60.23586037286946 ], [ 24.862766699094145, 60.235910915702469 ], [ 24.862728599232845, 60.235876643297573 ], [ 24.861958885241979, 60.235133254231457 ], [ 24.860848125586312, 60.234060423362138 ], [ 24.860589323992048, 60.233818112232044 ], [ 24.860451385913787, 60.233824716752792 ], [ 24.859201905411403, 60.233884575974159 ], [ 24.858715252907441, 60.23390788902752 ], [ 24.848111578964865, 60.230504150966468 ], [ 24.847497780356477, 60.230490616278168 ], [ 24.847419926961212, 60.230488899562737 ], [ 24.847084818583308, 60.230481506812929 ], [ 24.845648659750541, 60.230449835193753 ], [ 24.845379266511117, 60.23044388688087 ], [ 24.844405505144866, 60.23042240079338 ], [ 24.840883838501195, 60.230344624675269 ], [ 24.837963379969612, 60.229583380226536 ], [ 24.838010182032267, 60.229412460947088 ], [ 24.83811726820996, 60.229025712528028 ], [ 24.839971396482643, 60.229135952902119 ], [ 24.840077647944032, 60.228684834989537 ], [ 24.84016539752097, 60.22833424582489 ], [ 24.840185914481992, 60.228264011285845 ], [ 24.840250219341417, 60.228006423592056 ], [ 24.840342348873328, 60.227637565681228 ], [ 24.840383110743463, 60.227489601763594 ], [ 24.840446083978666, 60.227264036493722 ], [ 24.840518385265909, 60.226904803113811 ], [ 24.840529920369846, 60.22685931180721 ], [ 24.840618409700614, 60.22650301480175 ], [ 24.840717605533076, 60.226104142395528 ], [ 24.840753130503835, 60.225959986583312 ], [ 24.840813695706284, 60.225716359737163 ], [ 24.84083601845548, 60.225626605786857 ], [ 24.840870142498908, 60.225492060885657 ], [ 24.841006107320215, 60.224966149876849 ], [ 24.841133633587159, 60.224449320649789 ], [ 24.841138621539383, 60.224429033283386 ], [ 24.84115739931903, 60.224351849528759 ], [ 24.84117258692547, 60.224289470853648 ], [ 24.84120798843454, 60.224143905600457 ], [ 24.841485653607105, 60.222989859750236 ], [ 24.841522836212373, 60.222841038449907 ], [ 24.841630581613412, 60.22241191934755 ], [ 24.841695576729123, 60.222152365957605 ], [ 24.841795238049762, 60.22169260404651 ], [ 24.841835088276511, 60.221483785360967 ], [ 24.841844941485718, 60.221445840200076 ], [ 24.841878453284664, 60.22131677819192 ], [ 24.841884367231021, 60.221298825492305 ], [ 24.841910195342169, 60.221199247435315 ], [ 24.842354447928663, 60.221332378312766 ], [ 24.842721619397501, 60.22145623453946 ], [ 24.843064508528229, 60.221587770885485 ], [ 24.843231918825214, 60.221656038090757 ], [ 24.843402507238533, 60.221735231877368 ], [ 24.843536320573396, 60.221808135218581 ], [ 24.844359331917406, 60.222264235841642 ], [ 24.844589341645001, 60.222426906011947 ], [ 24.844631413990253, 60.222450336152825 ], [ 24.844847769090698, 60.22257080557916 ], [ 24.844907891046827, 60.222604273261844 ], [ 24.845208412537378, 60.222771593208684 ], [ 24.845458586845414, 60.222891427921546 ], [ 24.845884106112813, 60.223071986922541 ], [ 24.846040970943982, 60.223152615362309 ], [ 24.846313699153267, 60.223319918485736 ], [ 24.846428924253306, 60.223400291796963 ], [ 24.846665580677996, 60.223579686256322 ], [ 24.846893378439177, 60.22373049873508 ], [ 24.847077597748203, 60.223843500280587 ], [ 24.847210965265454, 60.223911112866702 ], [ 24.847725039644196, 60.224108614637963 ], [ 24.84781079141937, 60.224141544951657 ], [ 24.84834891518031, 60.224352884982231 ], [ 24.848980793802426, 60.224620587226006 ], [ 24.849148810783387, 60.224688515514984 ], [ 24.849395015358088, 60.224771413526412 ], [ 24.849727784545955, 60.224840856309029 ], [ 24.849938583019295, 60.224873908832038 ], [ 24.850147600035701, 60.224902031524962 ], [ 24.85034992912162, 60.224924886774495 ], [ 24.85056273736808, 60.22494478266573 ], [ 24.850786250193703, 60.224959753793826 ], [ 24.850997354754018, 60.224969495918678 ], [ 24.851218229412144, 60.224973432616302 ], [ 24.851375540176623, 60.224972397215595 ], [ 24.851235621359347, 60.224850480450009 ], [ 24.851203664178399, 60.224822979962248 ], [ 24.851191841283651, 60.22481197186606 ], [ 24.851165838636653, 60.224788445163441 ], [ 24.850642576780544, 60.224307109024515 ], [ 24.850230019260344, 60.223902249325832 ], [ 24.849716512253789, 60.223396848486651 ], [ 24.849612014198208, 60.223292938793051 ], [ 24.849211989192003, 60.22289517162659 ], [ 24.849144099669367, 60.222827294429955 ], [ 24.848712323727753, 60.222411592708006 ], [ 24.848366065377796, 60.222084735885474 ], [ 24.847939388509911, 60.22167473678207 ], [ 24.84786500873939, 60.221595237330142 ], [ 24.847837815922162, 60.221280609960061 ], [ 24.847823975596913, 60.221117574179708 ], [ 24.847814661198417, 60.221009616545778 ], [ 24.847623421064643, 60.220503840557242 ], [ 24.847616841377729, 60.220467680148488 ], [ 24.847813722452649, 60.21981452492831 ], [ 24.848019265273432, 60.219389201529061 ], [ 24.84805359992184, 60.218752930764374 ], [ 24.848083451335739, 60.218590303990332 ], [ 24.848012277406642, 60.218473624113479 ], [ 24.84769286989183, 60.21795025209363 ], [ 24.847351719942143, 60.217390468910807 ], [ 24.846826201105639, 60.216529015626676 ], [ 24.84608532829726, 60.215374820386188 ], [ 24.845939331522509, 60.213311764278927 ], [ 24.845970557358669, 60.212991818697041 ], [ 24.846294968749607, 60.209650842636869 ], [ 24.846321263525525, 60.209381117430532 ], [ 24.846361339679028, 60.208964193636056 ], [ 24.846555857128443, 60.206965596565631 ], [ 24.846582378828487, 60.206650204605012 ], [ 24.846655561831213, 60.205938737060144 ], [ 24.849657709970696, 60.205341450541518 ], [ 24.851582652362275, 60.206449521815124 ], [ 24.851437169136165, 60.208097328171291 ], [ 24.851851663656696, 60.208181931611961 ], [ 24.854426089188696, 60.208707371652459 ], [ 24.855585163716473, 60.208943916030293 ], [ 24.856098675781887, 60.209048710744646 ], [ 24.856319829859913, 60.209175979277468 ], [ 24.857224031481934, 60.209696315143624 ], [ 24.858108881820669, 60.210205494596636 ], [ 24.859146523972964, 60.210847712039538 ], [ 24.860740411570315, 60.210124138699548 ], [ 24.861409823623152, 60.209953909549377 ], [ 24.861660682535064, 60.209865166852083 ], [ 24.864414148036794, 60.212276222010246 ], [ 24.86449503494643, 60.212439603852154 ], [ 24.863946583242107, 60.213560380514323 ], [ 24.864291877540197, 60.214556053642426 ], [ 24.866588190200041, 60.215545838964069 ], [ 24.867943450117171, 60.216129953053333 ], [ 24.868590010074151, 60.215634569856775 ], [ 24.869044989159264, 60.215285965119641 ], [ 24.869094109485822, 60.21524832760953 ], [ 24.869103936856725, 60.215240797561606 ], [ 24.869079579493512, 60.215061701930566 ], [ 24.869815967903438, 60.214441389401543 ], [ 24.871134452108276, 60.213330663510938 ], [ 24.871914154807634, 60.212673779755058 ], [ 24.872799396457332, 60.21293395078807 ], [ 24.873750791496771, 60.213313389529453 ], [ 24.874275697724524, 60.213310251144378 ], [ 24.874276862442567, 60.213466072407947 ], [ 24.873928255959029, 60.213581764476665 ], [ 24.874120600333082, 60.213626647493221 ], [ 24.87430527086283, 60.21367890507539 ], [ 24.874481127837559, 60.213738214722952 ], [ 24.874647085925627, 60.213804210412611 ], [ 24.874648119589558, 60.213804655671012 ], [ 24.874867269272841, 60.213899133751184 ], [ 24.875334684772856, 60.214100635950658 ], [ 24.875573256949082, 60.214203487193345 ], [ 24.875728533690832, 60.214270431157807 ], [ 24.876746000444463, 60.214709050978222 ], [ 24.877023539565002, 60.214627932173933 ], [ 24.877197106846744, 60.213381055768551 ], [ 24.87827738684889, 60.213051996580333 ], [ 24.879152124282168, 60.213166981731042 ], [ 24.879170493995566, 60.213153953504872 ], [ 24.879189058249324, 60.2131409937397 ], [ 24.879207816014222, 60.213128103154901 ], [ 24.879382407797536, 60.21319176630444 ], [ 24.88074276923172, 60.213687795810756 ], [ 24.880977341068828, 60.213900409917187 ], [ 24.881127507151177, 60.214044920844415 ], [ 24.881526738860053, 60.213990678862054 ], [ 24.882104468313681, 60.214525171610035 ], [ 24.882413140204676, 60.214650942089605 ], [ 24.883557411278382, 60.21482392284819 ], [ 24.882917432781252, 60.215872049547642 ], [ 24.882897513434926, 60.215885959971246 ], [ 24.882870757265888, 60.21593783562102 ], [ 24.88278853488606, 60.216158603255764 ], [ 24.882581722523323, 60.216113959927938 ], [ 24.882500989578634, 60.216430542723757 ], [ 24.882313008503917, 60.216738385282326 ], [ 24.881833486191816, 60.217523635454619 ], [ 24.881273559833371, 60.218440518445639 ], [ 24.8812384949671, 60.218497914251863 ], [ 24.88119479788288, 60.218575706952684 ], [ 24.880912802493789, 60.219077788314344 ], [ 24.880839973106788, 60.219207450396468 ], [ 24.88032766713831, 60.220119505500207 ], [ 24.879861506028327, 60.220949376858776 ], [ 24.879643243607084, 60.221337920665867 ], [ 24.879325162419342, 60.221904106477915 ], [ 24.879220752885153, 60.222089952586707 ], [ 24.878851623520138, 60.222652295945977 ] ] ] } },
{ "type": "Feature", "properties": { "id": 111575, "aluejako": "KAUPUNGINOSA", "kunta": "091", "tunnus": "31", "nimi_fi": "LAUTTASAARI", "nimi_se": "DRUMSÖ", "yhtluontipvm": "2009-12-30", "yhtmuokkauspvm": "2020-11-25", "yhtdatanomistaja": "Helsinki/Kami", "paivitetty_tietopalveluun": "2025-11-21" }, "geometry": { "type": "Polygon", "coordinates": [ [ [ 24.838025169990232, 60.142840565498787 ], [ 24.897220712229949, 60.139730338938428 ], [ 24.897220527633063, 60.142640728633268 ], [ 24.897220208140645, 60.14767340808239 ], [ 24.897219758561697, 60.15478782215888 ], [ 24.897219294220445, 60.161955416187787 ], [ 24.897219280759323, 60.162178336895636 ], [ 24.897219040643467, 60.165897685748526 ], [ 24.896309654282501, 60.166271864086148 ], [ 24.895220745848569, 60.166719888891677 ], [ 24.895166695255885, 60.166742127708481 ], [ 24.882226734758881, 60.172111694824544 ], [ 24.868815154558717, 60.177673787444341 ], [ 24.85780105477539, 60.175847886707707 ], [ 24.857366446167539, 60.173253398311346 ], [ 24.844120034510958, 60.173565472965258 ], [ 24.844140074863667, 60.173276474460316 ], [ 24.844140634085996, 60.17325349796424 ], [ 24.844145844033154, 60.173134857606762 ], [ 24.844165906146923, 60.172542932235501 ], [ 24.84417393579189, 60.172319560631635 ], [ 24.844235668026993, 60.170505308164373 ], [ 24.844391153955904, 60.166019826448007 ], [ 24.84440543423219, 60.165719434544968 ], [ 24.84441246718259, 60.165584272359219 ], [ 24.844348700721454, 60.165421894226611 ], [ 24.844280393588317, 60.165244817893679 ], [ 24.841749490084908, 60.159015871354264 ], [ 24.840942244472359, 60.157028722729301 ], [ 24.840918509448077, 60.155188120567438 ], [ 24.84085949804081, 60.151069049915478 ], [ 24.839435642080911, 60.150262204467992 ], [ 24.839378162749661, 60.149962407515517 ], [ 24.839146096830429, 60.148670814082898 ], [ 24.839110826266932, 60.148553829660642 ], [ 24.838274795848594, 60.144161931017187 ], [ 24.838025169990232, 60.142840565498787 ] ] ] } },
{ "type": "Feature", "properties": { "id": 111580, "aluejako": "KAUPUNGINOSA", "kunta": "091", "tunnus": "37", "nimi_fi": "PUKINMÄKI", "nimi_se": "BOCKSBACKA", "yhtluontipvm": "2009-12-30", "yhtmuokkauspvm": "2024-02-01", "yhtdatanomistaja": "Helsinki/Kami", "paivitetty_tietopalveluun": "2025-11-21" }, "geometry": { "type": "Polygon", "coordinates": [ [ [ 24.972557814083654, 60.241381465196639 ], [ 24.972632849215092, 60.241329041356302 ], [ 24.973931429469115, 60.240586274537371 ], [ 24.975735593285822, 60.239959065982667 ], [ 24.977224116507152, 60.239523140589135 ], [ 24.977747401243267, 60.239401751650924 ], [ 24.977971472451852, 60.239376788203124 ], [ 24.978604678751445, 60.23930624235053 ], [ 24.978725069251741, 60.239289135845972 ], [ 24.979434873464388, 60.239188274188891 ], [ 24.98009249926826, 60.239086804957495 ], [ 24.980531680271447, 60.239011933149072 ], [ 24.980602557077276, 60.23899778132899 ], [ 24.980782643716232, 60.238961828058869 ], [ 24.980995780896937, 60.23891565097739 ], [ 24.981453640502068, 60.238802919888464 ], [ 24.981733855539996, 60.238729131147352 ], [ 24.982266598456757, 60.238564737371313 ], [ 24.982568446384988, 60.238459326023225 ], [ 24.982995969294397, 60.23829936632864 ], [ 24.983327758177253, 60.238163899547459 ], [ 24.983737773691455, 60.237980951191631 ], [ 24.983980808610045, 60.237868832899522 ], [ 24.985070780150579, 60.237365987841223 ], [ 24.985505133817071, 60.237165595846761 ], [ 24.987425624787249, 60.236249169051831 ], [ 24.988274576802958, 60.235669835959989 ], [ 24.988638588943264, 60.235052496422256 ], [ 24.989051163870705, 60.234312474878962 ], [ 24.989109023469375, 60.234208686887861 ], [ 24.989454071440225, 60.233499463642964 ], [ 24.991216805747751, 60.234907652210964 ], [ 24.990023049643717, 60.236575891310601 ], [ 24.991176658564932, 60.237171096864053 ], [ 24.992457702594844, 60.23783113035649 ], [ 24.993043051394036, 60.238133996770003 ], [ 24.99674871151241, 60.240045547946451 ], [ 24.996890375395058, 60.240092521011 ], [ 24.996373528362817, 60.240340554883247 ], [ 24.99630240674864, 60.24032229880747 ], [ 24.996212186005728, 60.24041798115757 ], [ 24.99584122504077, 60.240596004044185 ], [ 24.995981957261638, 60.240777534669128 ], [ 24.995996985223417, 60.240777853064927 ], [ 24.996011932519462, 60.240778689168991 ], [ 24.996026727086772, 60.240780038952224 ], [ 24.996041297597991, 60.240781895905862 ], [ 24.996055573806178, 60.240784251076882 ], [ 24.99606948688271, 60.240787093110789 ], [ 24.996082969750407, 60.240790408306864 ], [ 24.996095957405672, 60.240794180680865 ], [ 24.996108387232475, 60.240798392046841 ], [ 24.996120199303981, 60.240803022098802 ], [ 24.996131336671827, 60.240808048517856 ], [ 24.996141745640607, 60.240813447066301 ], [ 24.996151376026024, 60.240819191719957 ], [ 24.996160181397791, 60.240825254781114 ], [ 24.996168119302848, 60.240831607018947 ], [ 24.99617515147094, 60.240838217807358 ], [ 24.996181243997558, 60.240845055276843 ], [ 24.996186367508592, 60.240852086461331 ], [ 24.996190497302589, 60.240859277459698 ], [ 24.996276525143983, 60.241031512217823 ], [ 24.996280479442841, 60.241040824885019 ], [ 24.996283100438621, 60.241050253182223 ], [ 24.996284375029877, 60.241059749986938 ], [ 24.996284296844987, 60.24106926782963 ], [ 24.996282866273447, 60.241078759139505 ], [ 24.996280090464499, 60.241088176478748 ], [ 24.996275983290822, 60.241097472776609 ], [ 24.996270565280227, 60.241106601566081 ], [ 24.996263863511377, 60.241115517224145 ], [ 24.996255911480791, 60.241124175184062 ], [ 24.996246748933036, 60.2411325321726 ], [ 24.996236421663717, 60.241140546421228 ], [ 24.996224981290322, 60.241148177870301 ], [ 24.996212484993318, 60.241155388379411 ], [ 24.996198995231701, 60.241162141907161 ], [ 24.996184579429986, 60.241168404694939 ], [ 24.996169309641001, 60.24117414544601 ], [ 24.996153262186823, 60.241179335461361 ], [ 24.996136517276138, 60.2411839488 ], [ 24.996119158603527, 60.24118796240878 ], [ 24.996101272931835, 60.241191356220959 ], [ 24.995555512420175, 60.241284065115487 ], [ 24.994912986850835, 60.241451096480809 ], [ 24.994024394579782, 60.241589965420353 ], [ 24.993978427354897, 60.241601306195754 ], [ 24.993931431256758, 60.241611551768287 ], [ 24.993883511782389, 60.241620679140318 ], [ 24.99383477650164, 60.241628667821693 ], [ 24.993785334816469, 60.241635499878001 ], [ 24.99373529771421, 60.241641159976218 ], [ 24.993684777519352, 60.241645635404687 ], [ 24.99319723508215, 60.241682927192215 ], [ 24.994086386357022, 60.242141936369215 ], [ 24.995263941889998, 60.242749799878773 ], [ 24.995250859875611, 60.242754053865049 ], [ 24.995237877558193, 60.242758382678332 ], [ 24.995224996669208, 60.24276278574925 ], [ 24.995212218927353, 60.242767262485991 ], [ 24.995199546037256, 60.242771812289043 ], [ 24.995186979688828, 60.242776434557612 ], [ 24.995174521559033, 60.242781128669819 ], [ 24.995503434256403, 60.242953842792872 ], [ 24.995516482720262, 60.242949012112838 ], [ 24.995529633501885, 60.242944250506916 ], [ 24.995542885122969, 60.242939558506841 ], [ 24.995556236092099, 60.242934936641511 ], [ 24.995569684907288, 60.242930385427833 ], [ 24.995583230056408, 60.242925905381476 ], [ 24.995596870015643, 60.242921497008439 ], [ 24.996478608546859, 60.243465896454509 ], [ 24.998369263880996, 60.244502146618743 ], [ 24.998466159083563, 60.244576684354527 ], [ 25.00160654075632, 60.246188382700197 ], [ 25.002279092341276, 60.246526938619937 ], [ 25.002678600603581, 60.246725303091601 ], [ 25.002177022355369, 60.246968349037786 ], [ 25.002054350736682, 60.247027782957304 ], [ 25.000998919876352, 60.247539182638128 ], [ 25.000778492247381, 60.247645986980395 ], [ 25.000497167310915, 60.247811174835803 ], [ 25.000069755806763, 60.24804309025091 ], [ 24.999341587681368, 60.248438183632629 ], [ 24.998564614675114, 60.248859743421612 ], [ 24.998253663502567, 60.249028451679095 ], [ 24.998165668946037, 60.24907619386574 ], [ 24.998108489471303, 60.249076429114666 ], [ 24.997516867502178, 60.249395906122238 ], [ 24.996614607543698, 60.250041905277833 ], [ 24.995697605362132, 60.250841607438325 ], [ 24.995342218549656, 60.251079580755011 ], [ 24.995158909360637, 60.251317856580798 ], [ 24.995067905180292, 60.251338197606323 ], [ 24.992941180130384, 60.251813528243581 ], [ 24.992924119410485, 60.251817232350398 ], [ 24.992712815021523, 60.25186311446005 ], [ 24.992681443931197, 60.251869925905133 ], [ 24.99260874542605, 60.251886124137982 ], [ 24.992413933666356, 60.251929530395962 ], [ 24.991504453670448, 60.251911656603838 ], [ 24.991344814552267, 60.251908517494826 ], [ 24.990818186805125, 60.251898164086718 ], [ 24.990114457943449, 60.25188432566128 ], [ 24.989293255686018, 60.251868175504214 ], [ 24.989184466033088, 60.251866032354592 ], [ 24.988722532278764, 60.251856944999645 ], [ 24.987649533531176, 60.251835824826756 ], [ 24.98692381218746, 60.251821539320005 ], [ 24.986905719066193, 60.251758828722856 ], [ 24.986526785531183, 60.25175145258536 ], [ 24.986463702192111, 60.251750224627216 ], [ 24.986371702116962, 60.251813290223858 ], [ 24.986120571949801, 60.251801951708536 ], [ 24.985560623467368, 60.25177667402 ], [ 24.985053988939161, 60.25175379280401 ], [ 24.985002548483308, 60.251751468676723 ], [ 24.984265585198163, 60.251718189938899 ], [ 24.983801372735584, 60.251697229683344 ], [ 24.983339185177332, 60.251676356914523 ], [ 24.982821554596338, 60.251652968566404 ], [ 24.98229760263585, 60.251629303610073 ], [ 24.982234448291354, 60.251626532569375 ], [ 24.981909885866799, 60.25163561306438 ], [ 24.981809424177413, 60.25163355027194 ], [ 24.981296044412577, 60.251623005637185 ], [ 24.980889770161987, 60.251614659968112 ], [ 24.980763469078195, 60.251612064913587 ], [ 24.980095506227212, 60.251598337426259 ], [ 24.97919355302577, 60.251579799731722 ], [ 24.978346194599723, 60.251652224382532 ], [ 24.978073580198465, 60.251646990109805 ], [ 24.977638683201896, 60.251639524603448 ], [ 24.977542815989533, 60.251547569657383 ], [ 24.976476115444083, 60.250803527722532 ], [ 24.975957326338349, 60.250489163658855 ], [ 24.975265073947615, 60.250101271762389 ], [ 24.975111392791117, 60.24998465710221 ], [ 24.975002884316758, 60.249885973610404 ], [ 24.974934139476886, 60.249807917464182 ], [ 24.974812873717152, 60.249637437739636 ], [ 24.974378291597354, 60.24889895323458 ], [ 24.974285705389516, 60.248593833304831 ], [ 24.974030388840806, 60.248152355246162 ], [ 24.973717237093904, 60.247673203835326 ], [ 24.973575955173693, 60.247395925060488 ], [ 24.973345864215972, 60.246911354657641 ], [ 24.973166371212802, 60.246447405911589 ], [ 24.972928998124672, 60.245915268453444 ], [ 24.972850514042047, 60.244247702230219 ], [ 24.972730649699066, 60.243801679660628 ], [ 24.972717926251544, 60.243765596186876 ], [ 24.972639123975259, 60.243542134432168 ], [ 24.972636343007725, 60.24353425530677 ], [ 24.972576646196615, 60.243457989409301 ], [ 24.97225259024923, 60.243218870206221 ], [ 24.97209766825943, 60.24310455115247 ], [ 24.97202069234449, 60.243036885127125 ], [ 24.97190784397857, 60.242937685590725 ], [ 24.97171070142203, 60.242705302701687 ], [ 24.971669081103798, 60.242644286646538 ], [ 24.97165094103611, 60.242587750698462 ], [ 24.971632798197735, 60.242530315417731 ], [ 24.97163269597209, 60.242464796311332 ], [ 24.971672175130795, 60.24231220241802 ], [ 24.971731542168865, 60.242177550861349 ], [ 24.971854013159348, 60.241990819792548 ], [ 24.972028818234502, 60.241795988627359 ], [ 24.972212706236967, 60.241634363402774 ], [ 24.972463756107999, 60.24144717663274 ], [ 24.972557814083654, 60.241381465196639 ] ] ] } },
{ "type": "Feature", "properties": { "id": 111582, "aluejako": "KAUPUNGINOSA", "kunta": "091", "tunnus": "59", "nimi_fi": "ULTUNA", "nimi_se": "ULTUNA", "yhtluontipvm": "2009-12-30", "yhtmuokkauspvm": "2022-08-17", "yhtdatanomistaja": "Helsinki/Kami", "paivitetty_tietopalveluun": "2025-11-21" }, "geometry": { "type": "Polygon", "coordinates": [ [ [ 25.141767066049493, 60.264787355034379 ], [ 25.14177553725019, 60.264766092426854 ], [ 25.142163255686174, 60.263831077515896 ], [ 25.142377595570562, 60.263318572271551 ], [ 25.142387107364097, 60.263295836550846 ], [ 25.142390638730447, 60.263289523111155 ], [ 25.14241385406979, 60.263248382254176 ], [ 25.142444650921611, 60.263197620688082 ], [ 25.142450376340548, 60.263189043111495 ], [ 25.142469419183783, 60.263160517051574 ], [ 25.142512207100779, 60.263096414246924 ], [ 25.142530876724688, 60.263077635781684 ], [ 25.142634311407541, 60.263010209793521 ], [ 25.142670202451427, 60.262938808427926 ], [ 25.142699338992042, 60.262905182480438 ], [ 25.142725039670847, 60.262874899039993 ], [ 25.14275029111074, 60.262845172547479 ], [ 25.14277784132268, 60.262812356066576 ], [ 25.142813190790736, 60.262770187878843 ], [ 25.142891390074173, 60.262678438760489 ], [ 25.142995661200754, 60.262575451342741 ], [ 25.143156545465789, 60.262422769272952 ], [ 25.143259508435541, 60.262318436753922 ], [ 25.143338443239731, 60.262238444249128 ], [ 25.143441872639961, 60.262133635389219 ], [ 25.143608444384117, 60.261964800001898 ], [ 25.143924416084364, 60.261613450844159 ], [ 25.144073167689559, 60.26142725793278 ], [ 25.144139942538771, 60.261314652810867 ], [ 25.144227581578907, 60.261327109659113 ], [ 25.145699574471323, 60.26161987751027 ], [ 25.145836439571251, 60.261617772459786 ], [ 25.146389195398967, 60.261731361904545 ], [ 25.147781608510162, 60.261942132061492 ], [ 25.149701620696128, 60.26224135165117 ], [ 25.150105095319361, 60.262315636487031 ], [ 25.15082202972809, 60.262394762101223 ], [ 25.15125616330312, 60.262385065966249 ], [ 25.152793918146664, 60.262559085706187 ], [ 25.152828233119553, 60.262562881380603 ], [ 25.153571616585328, 60.262679704770001 ], [ 25.153869380844455, 60.262695959091417 ], [ 25.154636813759829, 60.262722877794829 ], [ 25.154723042733185, 60.26281767979561 ], [ 25.155412356443492, 60.26291731964681 ], [ 25.155475081453801, 60.262925853571396 ], [ 25.156042553055649, 60.262828172814032 ], [ 25.158158169733365, 60.262755002082379 ], [ 25.158463615961487, 60.262802962950694 ], [ 25.159322814449258, 60.262758832774018 ], [ 25.159892516992297, 60.262647409596809 ], [ 25.160961328722578, 60.262562830144347 ], [ 25.162273708108266, 60.262419300787677 ], [ 25.16250179176286, 60.262477301416986 ], [ 25.162946299191951, 60.262439228228999 ], [ 25.163207955770684, 60.262342030804462 ], [ 25.165291755061396, 60.262161246655715 ], [ 25.166003106075333, 60.262166733681113 ], [ 25.166324317919521, 60.262114328717772 ], [ 25.168097687148624, 60.262073750633384 ], [ 25.168495604345974, 60.262127823581523 ], [ 25.169200638010281, 60.26210913182161 ], [ 25.171002977529348, 60.262161515431522 ], [ 25.171391352133401, 60.262172802094319 ], [ 25.17185600600828, 60.262176628265067 ], [ 25.172497293448973, 60.262220399789797 ], [ 25.173601527424026, 60.262393902768835 ], [ 25.173444289720475, 60.26265931135265 ], [ 25.173069492048512, 60.26321311967029 ], [ 25.173256029995386, 60.263893011824997 ], [ 25.173547074047733, 60.263859257062315 ], [ 25.174388163728143, 60.26285627759848 ], [ 25.174649724731861, 60.262846563643144 ], [ 25.174752937358409, 60.262729658791088 ], [ 25.17499836576409, 60.262640454692857 ], [ 25.175597477324011, 60.262578780627663 ], [ 25.175975317336867, 60.262615550585693 ], [ 25.176362869742629, 60.262730568787866 ], [ 25.177152369077149, 60.262809420932143 ], [ 25.177459274647141, 60.262986234543639 ], [ 25.177618628011675, 60.263072357944459 ], [ 25.177914469918896, 60.263310702230584 ], [ 25.177957448289341, 60.263345328028571 ], [ 25.178484671630368, 60.263484916657767 ], [ 25.178747518330351, 60.263513829922111 ], [ 25.179145817694849, 60.263475035902282 ], [ 25.179593877354066, 60.263562425829676 ], [ 25.179840624829264, 60.263593750627344 ], [ 25.180372213757376, 60.263694237384279 ], [ 25.181205776572355, 60.263746006900504 ], [ 25.182135084057794, 60.263924596009367 ], [ 25.183061185465107, 60.26416131178506 ], [ 25.183247533508251, 60.264152864810541 ], [ 25.183623753467913, 60.264123966081563 ], [ 25.183986172828746, 60.264213235796909 ], [ 25.184306025770084, 60.264283423702523 ], [ 25.185444519990131, 60.264521153617729 ], [ 25.185948250219912, 60.264544347933565 ], [ 25.186549285557557, 60.264675670455496 ], [ 25.18740851807971, 60.264792149863062 ], [ 25.188000154758004, 60.264974435643737 ], [ 25.188679378209258, 60.265089555831672 ], [ 25.189176710614358, 60.265126367068497 ], [ 25.18935231437548, 60.265139362625732 ], [ 25.189791828032746, 60.265208915217876 ], [ 25.190537758957841, 60.26515961913401 ], [ 25.191621907518467, 60.265255627540085 ], [ 25.193121289209589, 60.265344862410167 ], [ 25.194473682338824, 60.265350954301653 ], [ 25.195621352272525, 60.265284856489124 ], [ 25.196814554541998, 60.265259944495796 ], [ 25.198383325329914, 60.265196768511856 ], [ 25.199523556768447, 60.265237782175937 ], [ 25.201157534583604, 60.26527977947665 ], [ 25.202940453501711, 60.265375513140881 ], [ 25.203871731928857, 60.265575163162453 ], [ 25.204222737969054, 60.265705898080903 ], [ 25.204932190186611, 60.26578315730756 ], [ 25.205180422807096, 60.265877777102887 ], [ 25.205900997778304, 60.265972372277048 ], [ 25.206838859022803, 60.266064719874457 ], [ 25.207838329164474, 60.266344616319671 ], [ 25.20800525807083, 60.266554247738533 ], [ 25.208259040568677, 60.266856370950755 ], [ 25.208195637174402, 60.267300493688865 ], [ 25.208080745669623, 60.267693427230121 ], [ 25.208533547700501, 60.267874811384026 ], [ 25.208904011109116, 60.268009594338608 ], [ 25.209027049902623, 60.268116504335168 ], [ 25.209024223343597, 60.268121197498331 ], [ 25.209456090969336, 60.268215834322923 ], [ 25.210637408935266, 60.268536682432412 ], [ 25.21115290326415, 60.268489712769146 ], [ 25.211963008086915, 60.268522447056462 ], [ 25.212792537322755, 60.268511184991361 ], [ 25.213591915766326, 60.268667036720124 ], [ 25.214186363839204, 60.2688710025365 ], [ 25.216054309287159, 60.269598910620225 ], [ 25.2177827557258, 60.270112748586662 ], [ 25.218085319711808, 60.270181972564735 ], [ 25.218266472294118, 60.270202706916749 ], [ 25.218556662795535, 60.270263256644775 ], [ 25.218650055578763, 60.270352727943575 ], [ 25.218991845602972, 60.270359465419837 ], [ 25.219669516131724, 60.270699730470866 ], [ 25.219851332937722, 60.270729477289173 ], [ 25.221605899048527, 60.271016750393201 ], [ 25.222157819540143, 60.271085278703033 ], [ 25.223320345704792, 60.271245126775028 ], [ 25.224254997612977, 60.271448355803692 ], [ 25.225637172329751, 60.271585513391827 ], [ 25.225744535485454, 60.271653640455639 ], [ 25.226356487669879, 60.271683896944808 ], [ 25.227567925499329, 60.271797476932939 ], [ 25.229640365909681, 60.272076320126089 ], [ 25.231785589833478, 60.272415496002999 ], [ 25.231953275358649, 60.272549483300836 ], [ 25.232544617571929, 60.272607729695892 ], [ 25.232801658402568, 60.272618808283887 ], [ 25.233130303378431, 60.272755788805007 ], [ 25.233350641714019, 60.272944041044461 ], [ 25.233725114649936, 60.272954028332641 ], [ 25.234036323318847, 60.272963704201388 ], [ 25.234373209769945, 60.272935439271798 ], [ 25.235703959572422, 60.273287505430467 ], [ 25.237130023643402, 60.273434906666189 ], [ 25.23823031159867, 60.27366522057568 ], [ 25.238761530219847, 60.273853258695794 ], [ 25.241215451037693, 60.274272884033962 ], [ 25.242413360990255, 60.274454676284797 ], [ 25.243086458743427, 60.274618031515935 ], [ 25.244413109660375, 60.274762695832003 ], [ 25.245156002718069, 60.274859859059987 ], [ 25.247189584311915, 60.275056392269903 ], [ 25.247261978373885, 60.275060919330897 ], [ 25.248347175188687, 60.27517639383197 ], [ 25.249236323758588, 60.275221892206311 ], [ 25.250550233257705, 60.275315449513378 ], [ 25.250801444871655, 60.275362454115509 ], [ 25.252113370274397, 60.27546715875728 ], [ 25.252292030068961, 60.275749926879776 ], [ 25.246694362898157, 60.277717870667502 ], [ 25.24612395085375, 60.277603352402231 ], [ 25.244128485850037, 60.278340309134173 ], [ 25.244784328047082, 60.278960993199888 ], [ 25.24708460240679, 60.278511361915285 ], [ 25.24712034823845, 60.281335744103252 ], [ 25.247113821062641, 60.281825717639308 ], [ 25.247326960185287, 60.282984233289767 ], [ 25.245971867230839, 60.283726287027953 ], [ 25.243865714029219, 60.284882636004724 ], [ 25.244776883197382, 60.28531961508601 ], [ 25.245829038672838, 60.285812976694814 ], [ 25.253890369475826, 60.289630753429201 ], [ 25.251292602287965, 60.289643465876956 ], [ 25.251568464770635, 60.290115349048094 ], [ 25.25128782896163, 60.290273696652299 ], [ 25.247932900213002, 60.292166557925221 ], [ 25.245556992775324, 60.293510705423749 ], [ 25.250702757488067, 60.294496456146582 ], [ 25.252806810197058, 60.294899125526747 ], [ 25.254496668589027, 60.295225451240178 ], [ 25.252893576957721, 60.297458389694782 ], [ 25.251151170515882, 60.297226716619946 ], [ 25.249472131501104, 60.297004238805521 ], [ 25.246729624895703, 60.296642397654374 ], [ 25.244707433072247, 60.296368330035925 ], [ 25.243450613049276, 60.296187805858359 ], [ 25.240419562242767, 60.295688721152722 ], [ 25.238178703991967, 60.295331644482438 ], [ 25.237523885508814, 60.29551370745488 ], [ 25.234616001090213, 60.296328050390535 ], [ 25.232795266093603, 60.296822080091637 ], [ 25.232836717597799, 60.296962777028277 ], [ 25.231615860248862, 60.297285602332089 ], [ 25.229521298313347, 60.29783941129709 ], [ 25.227047076430296, 60.296616279800766 ], [ 25.229072798087653, 60.296048828831331 ], [ 25.228484931361987, 60.295772839622281 ], [ 25.225204475456533, 60.294182005423878 ], [ 25.225502612303149, 60.293900955177115 ], [ 25.224728326995166, 60.293701090708737 ], [ 25.222552873522019, 60.292037151637146 ], [ 25.220649608612437, 60.291430500976531 ], [ 25.214045044565772, 60.290232713766308 ], [ 25.212877082742118, 60.290035084154844 ], [ 25.207268376058156, 60.289034318774185 ], [ 25.205394911548375, 60.288693414375103 ], [ 25.20154351454055, 60.288002953720124 ], [ 25.202003608381897, 60.287771648944407 ], [ 25.204851650134639, 60.286389553849403 ], [ 25.202069866920414, 60.285278840433392 ], [ 25.199377425778589, 60.284205851845151 ], [ 25.196732476020731, 60.283152308156637 ], [ 25.196676504247908, 60.282878075895255 ], [ 25.196484269626449, 60.282565404670308 ], [ 25.196313415846753, 60.282171798999912 ], [ 25.196279590467054, 60.281961368028327 ], [ 25.195928162045853, 60.282180948979835 ], [ 25.19551532359672, 60.282438801246059 ], [ 25.192203055662535, 60.284481125422566 ], [ 25.190273672262176, 60.285666890899641 ], [ 25.190249955680613, 60.285681344586372 ], [ 25.189584706052692, 60.284100020682288 ], [ 25.189424983676993, 60.283765684911124 ], [ 25.187829275299261, 60.280280144788257 ], [ 25.187814273341388, 60.280245413586755 ], [ 25.187748959261775, 60.280050983951568 ], [ 25.187657069356405, 60.279880448202135 ], [ 25.184079143470683, 60.279060191767663 ], [ 25.182469876946296, 60.278691821119828 ], [ 25.181594784139346, 60.278487117501129 ], [ 25.178765049170533, 60.277818426144314 ], [ 25.178251558540438, 60.277824626956921 ], [ 25.177749076954779, 60.27789797332413 ], [ 25.176843139993419, 60.277993064123436 ], [ 25.175655876686289, 60.278200236721126 ], [ 25.174830294978015, 60.278328846975981 ], [ 25.173800752113841, 60.278250066268363 ], [ 25.172913051875195, 60.277092502831692 ], [ 25.172385107153566, 60.276431080077998 ], [ 25.171504893885775, 60.276239573219407 ], [ 25.169327602830435, 60.275752421857206 ], [ 25.142540939206839, 60.269775135138424 ], [ 25.142024624627791, 60.269097872283695 ], [ 25.142012281435949, 60.268746968519046 ], [ 25.141914972953334, 60.268293343272326 ], [ 25.142099973439361, 60.268027924818306 ], [ 25.142264721341675, 60.267775901013103 ], [ 25.142440443401803, 60.26742636632774 ], [ 25.142349761932095, 60.267167911509858 ], [ 25.142382136205992, 60.266930398814857 ], [ 25.142419341947146, 60.26685692285465 ], [ 25.142773862918453, 60.266088335542342 ], [ 25.143129670327166, 60.265816790166483 ], [ 25.141969120215652, 60.265589901028719 ], [ 25.141911114806884, 60.265578555384593 ], [ 25.141743446143543, 60.264848179082364 ], [ 25.141756647026899, 60.264813556147914 ], [ 25.141767066049493, 60.264787355034379 ] ] ] } },
{ "type": "Feature", "properties": { "id": 111583, "aluejako": "KAUPUNGINOSA", "kunta": "091", "tunnus": "26", "nimi_fi": "KOSKELA", "nimi_se": "FORSBY", "yhtluontipvm": "2009-12-30", "yhtmuokkauspvm": "2024-02-07", "yhtdatanomistaja": "Helsinki/Kami", "paivitetty_tietopalveluun": "2025-11-21" }, "geometry": { "type": "Polygon", "coordinates": [ [ [ 24.976476995615378, 60.217017596816689 ], [ 24.976518976280023, 60.217064331342705 ], [ 24.976566635855416, 60.217109697639941 ], [ 24.976619795114974, 60.217153525087937 ], [ 24.976678254145533, 60.217195648841994 ], [ 24.976741793097396, 60.217235910476155 ], [ 24.976810173012836, 60.217274158565388 ], [ 24.976883136725025, 60.21731024924668 ], [ 24.976944579267695, 60.217336981224982 ], [ 24.977009458855655, 60.21736162109039 ], [ 24.977077488250806, 60.217384059759233 ], [ 24.977148366268683, 60.217404197884569 ], [ 24.977221779110902, 60.217421946307013 ], [ 24.977297401754118, 60.217437226447643 ], [ 24.977374899390988, 60.217449970654421 ], [ 24.977453928910418, 60.217460122505379 ], [ 24.977534140418541, 60.217467637054561 ], [ 24.977615178787428, 60.217472481029255 ], [ 24.977696685227482, 60.217474632984455 ], [ 24.977778298876395, 60.21747408339364 ], [ 24.977859658397261, 60.217470834687063 ], [ 24.97794040357833, 60.217464901253557 ], [ 24.978020176928403, 60.217456309356166 ], [ 24.978061268924481, 60.217450678206319 ], [ 24.978101815670701, 60.217444141488087 ], [ 24.978141736591073, 60.217436712195401 ], [ 24.978180952354119, 60.217428405091411 ], [ 24.978219385029636, 60.217419236681252 ], [ 24.978256958243456, 60.217409225188774 ], [ 24.978293597330211, 60.217398390505373 ], [ 24.978366438559693, 60.217374925711631 ], [ 24.978437729890761, 60.217350310804221 ], [ 24.978507397992963, 60.217324571110495 ], [ 24.97857537120634, 60.217297733102072 ], [ 24.97864157961542, 60.217269824385404 ], [ 24.9787059551191, 60.217240873672935 ], [ 24.978768431504111, 60.217210910738331 ], [ 24.97902356050265, 60.217084566379597 ], [ 24.979184242248138, 60.217092083430082 ], [ 24.979385982150191, 60.217073335750371 ], [ 24.979682993612037, 60.217045732921463 ], [ 24.979932337231819, 60.217029881762286 ], [ 24.980033807782107, 60.217049752393677 ], [ 24.980017454759487, 60.217065017941259 ], [ 24.980008654897603, 60.217086122208528 ], [ 24.979994537329631, 60.217100740965506 ], [ 24.979967592907471, 60.217113667722003 ], [ 24.97995392255595, 60.217125548155444 ], [ 24.979963276627235, 60.217127524150676 ], [ 24.97992396500322, 60.217168804930054 ], [ 24.979911068439129, 60.217189646489686 ], [ 24.980126062332673, 60.217200415209163 ], [ 24.979889818250147, 60.217548502058314 ], [ 24.979618211089146, 60.217948674312701 ], [ 24.979284354030138, 60.218997038562605 ], [ 24.979246479002398, 60.219129593498714 ], [ 24.979214287945204, 60.219285595938629 ], [ 24.979209269873472, 60.219309798772386 ], [ 24.979196529502314, 60.219420937002994 ], [ 24.979192801907789, 60.21948417778124 ], [ 24.979190266978797, 60.219527200825013 ], [ 24.979190952662893, 60.219549768605496 ], [ 24.979193520548915, 60.219634128519942 ], [ 24.979200601069991, 60.219740345066086 ], [ 24.979221527410299, 60.21988185134601 ], [ 24.979251150704616, 60.220021814318585 ], [ 24.979283370802673, 60.220115336428861 ], [ 24.979314341307607, 60.220205236773282 ], [ 24.979396921874905, 60.220385308109101 ], [ 24.979433629572725, 60.220450100715681 ], [ 24.979469903091921, 60.220514136620615 ], [ 24.979534958689865, 60.220617866939037 ], [ 24.979609456802191, 60.220722880357904 ], [ 24.97966696253566, 60.220795112184369 ], [ 24.979688503588967, 60.220822170836641 ], [ 24.979774607020332, 60.220921284630165 ], [ 24.979848793957068, 60.221000666900984 ], [ 24.979466129970461, 60.221074992505208 ], [ 24.97530342422807, 60.221883431372405 ], [ 24.975046984714055, 60.221933229001316 ], [ 24.971009370516214, 60.222717201890966 ], [ 24.970669992458177, 60.222783153702871 ], [ 24.969241811308784, 60.223060354975559 ], [ 24.968951026152894, 60.223116803344809 ], [ 24.966409862235817, 60.223610079995396 ], [ 24.965968566812318, 60.223695735257756 ], [ 24.964410506481439, 60.223998139230083 ], [ 24.96070323542105, 60.223562161314703 ], [ 24.960525257150223, 60.223541228198449 ], [ 24.960533653809005, 60.223493266774128 ], [ 24.96054476888532, 60.223445442370895 ], [ 24.960558593507972, 60.223397793115282 ], [ 24.960575116646126, 60.223350356981342 ], [ 24.960594325118521, 60.223303171780323 ], [ 24.960616203603294, 60.223256275120136 ], [ 24.960640734651047, 60.223209704379876 ], [ 24.961390610956268, 60.221863804415818 ], [ 24.961125362776034, 60.22185364673765 ], [ 24.96114634110717, 60.221821828696605 ], [ 24.96116659495522, 60.221789894697302 ], [ 24.9611861217331, 60.221757848826861 ], [ 24.961204918946709, 60.221725695177 ], [ 24.961222984195846, 60.221693437861212 ], [ 24.961240315172876, 60.221661081001884 ], [ 24.961256909664527, 60.221628628735658 ], [ 24.961273584305069, 60.221594358379406 ], [ 24.961289437771512, 60.22155999171315 ], [ 24.961304467820284, 60.221525533607746 ], [ 24.961318672324214, 60.221490988944339 ], [ 24.961332049273693, 60.221456362617523 ], [ 24.961344596775454, 60.221421659537668 ], [ 24.9613563130548, 60.221386884613736 ], [ 24.961367195679987, 60.22135204303364 ], [ 24.961377243539371, 60.221317139455223 ], [ 24.961386455211269, 60.22128217882922 ], [ 24.96139482939201, 60.2212471661135 ], [ 24.961402364896824, 60.22121210627099 ], [ 24.961409060659541, 60.221177004278154 ], [ 24.96141491573367, 60.221141865106574 ], [ 24.961420014323618, 60.221106067489579 ], [ 24.961424240455823, 60.221070241760785 ], [ 24.961427593512038, 60.221034393184368 ], [ 24.961430073003307, 60.220998527023987 ], [ 24.961431678568164, 60.220962648548515 ], [ 24.961432409973153, 60.220926763027592 ], [ 24.961432267114279, 60.220890875730682 ], [ 24.961430901300147, 60.22083716761734 ], [ 24.961428667193662, 60.220802426101507 ], [ 24.961425613564941, 60.220767700022925 ], [ 24.961421740838141, 60.220732994168124 ], [ 24.961417049548675, 60.220698313317442 ], [ 24.961411540345988, 60.220663662247595 ], [ 24.961405213990975, 60.220629045738043 ], [ 24.961398071358751, 60.220594468549137 ], [ 24.961390449029199, 60.220561349032977 ], [ 24.961382077942496, 60.22052827429065 ], [ 24.96137295916126, 60.220495248512506 ], [ 24.961363093842987, 60.220462275882284 ], [ 24.96135248323942, 60.220429360573462 ], [ 24.961341128696407, 60.220396506759819 ], [ 24.961329031655033, 60.220363718597433 ], [ 24.961316200360329, 60.220330998095989 ], [ 24.961302629798904, 60.220298351496687 ], [ 24.961288321691445, 60.220265782931875 ], [ 24.961273277851472, 60.220233296529003 ], [ 24.961257500186591, 60.220200896394324 ], [ 24.961240990696233, 60.220168586641016 ], [ 24.961223751473213, 60.220136371349554 ], [ 24.961209988994824, 60.220111656718032 ], [ 24.96119579705972, 60.220087002271903 ], [ 24.96118117673177, 60.220062409861249 ], [ 24.961166129107397, 60.22003788132622 ], [ 24.961150655315169, 60.220013418504209 ], [ 24.961134756514483, 60.219989023229957 ], [ 24.961118433897816, 60.219964697329367 ], [ 24.961083713004754, 60.219913692681551 ], [ 24.960939072951923, 60.219701166341238 ], [ 24.96078865022616, 60.219480133962406 ], [ 24.960735732685979, 60.219403447096894 ], [ 24.96062001218348, 60.219233427333542 ], [ 24.960483312166019, 60.21925645429701 ], [ 24.960460179886809, 60.219222445105736 ], [ 24.960368693680348, 60.219086667998155 ], [ 24.960310844813062, 60.219001572253838 ], [ 24.960106562256577, 60.218941308680868 ], [ 24.960290686207784, 60.218786818762446 ], [ 24.960589833959975, 60.218731144856342 ], [ 24.959079542011654, 60.216722208923066 ], [ 24.959032141302057, 60.216659162924287 ], [ 24.958825013899741, 60.216383636440476 ], [ 24.958551972755515, 60.216020405001906 ], [ 24.958388401269136, 60.21580281041318 ], [ 24.959075571352138, 60.215627817604968 ], [ 24.962428120879839, 60.214773983591876 ], [ 24.962632009750536, 60.214722053089595 ], [ 24.962656144718466, 60.214728486255744 ], [ 24.963372559380982, 60.214919469296092 ], [ 24.964300835880511, 60.215166920370905 ], [ 24.964401801968297, 60.215193834140003 ], [ 24.96495036941608, 60.215340060739244 ], [ 24.966321009607825, 60.215705403933732 ], [ 24.967569289658595, 60.216038112603179 ], [ 24.96791722876571, 60.216130846410593 ], [ 24.974713761067552, 60.216893084730614 ], [ 24.975140521503818, 60.216950614055797 ], [ 24.976224423956268, 60.217004939602347 ], [ 24.976476995615378, 60.217017596816689 ] ] ] } },
{ "type": "Feature", "properties": { "id": 111584, "aluejako": "KAUPUNGINOSA", "kunta": "091", "tunnus": "19", "nimi_fi": "MUSTIKKAMAA-KORKEASAARI", "nimi_se": "BLÅBÄRSLANDET-HÖGHOLMEN", "yhtluontipvm": "2009-12-30", "yhtmuokkauspvm": "2020-12-02", "yhtdatanomistaja": "Helsinki/Kami", "paivitetty_tietopalveluun": "2025-11-21" }, "geometry": { "type": "Polygon", "coordinates": [ [ [ 24.978360897556954, 60.178394228502164 ], [ 24.978141229270431, 60.177909874807789 ], [ 24.976820444459523, 60.174997316571215 ], [ 24.978598400009382, 60.169909841443371 ], [ 24.979066203716528, 60.168570995963094 ], [ 25.003233176091065, 60.168558132181964 ], [ 25.002157283323054, 60.173734606157709 ], [ 25.002045659067502, 60.174271571274964 ], [ 25.002141063718572, 60.174647021073653 ], [ 25.003182031692365, 60.178742956126555 ], [ 25.003712472169333, 60.180829704403848 ], [ 25.002363618862589, 60.181258711177456 ], [ 25.001402390347874, 60.181564417854339 ], [ 24.998061249427753, 60.182620752722386 ], [ 24.99668332853004, 60.183056352847714 ], [ 24.996473559288422, 60.183123383054813 ], [ 24.995588064479723, 60.183403934465851 ], [ 24.991500696484604, 60.184698803181654 ], [ 24.988887685535808, 60.185526468370206 ], [ 24.987864108244072, 60.185849732396804 ], [ 24.987211455892037, 60.186055847148445 ], [ 24.987096997184089, 60.185927230905726 ], [ 24.987075274327868, 60.185902820484387 ], [ 24.987029070342263, 60.185850907207431 ], [ 24.986247872369749, 60.185199579766618 ], [ 24.982370449238847, 60.181966328655413 ], [ 24.979096847508323, 60.179235993870847 ], [ 24.978527143247039, 60.178760781451054 ], [ 24.978360897556954, 60.178394228502164 ] ] ] } },
{ "type": "Feature", "properties": { "id": 111600, "aluejako": "KAUPUNGINOSA", "kunta": "091", "tunnus": "13", "nimi_fi": "ETU-TÖÖLÖ", "nimi_se": "FRÄMRE TÖLÖ", "yhtluontipvm": "2009-12-30", "yhtmuokkauspvm": "2020-11-25", "yhtdatanomistaja": "Helsinki/Kami", "paivitetty_tietopalveluun": "2025-11-21" }, "geometry": { "type": "Polygon", "coordinates": [ [ [ 24.882226734758881, 60.172111694824544 ], [ 24.895166695255885, 60.166742127708481 ], [ 24.900344687883138, 60.169755778885026 ], [ 24.903334387336034, 60.171495478124761 ], [ 24.903951020458603, 60.171854261020009 ], [ 24.904206715491913, 60.172083163639236 ], [ 24.904512839755679, 60.172338103944391 ], [ 24.906103357324238, 60.172739486415587 ], [ 24.907893826839111, 60.173286261717351 ], [ 24.909115394568914, 60.172914800009202 ], [ 24.909156519818445, 60.172903475896511 ], [ 24.909199038935284, 60.172893511163963 ], [ 24.909242771135826, 60.172884948184368 ], [ 24.909287530479382, 60.172877823358405 ], [ 24.90933312665819, 60.172872166983531 ], [ 24.909379365807339, 60.17286800310692 ], [ 24.90942605132788, 60.1728653494349 ], [ 24.909472984722786, 60.172864217251707 ], [ 24.909519966442655, 60.172864611366471 ], [ 24.909566796731102, 60.172866530107505 ], [ 24.909613276476339, 60.172869965316153 ], [ 24.909659208056794, 60.172874902383882 ], [ 24.909704396180828, 60.172881320323306 ], [ 24.909748648718235, 60.17288919184552 ], [ 24.90979177751592, 60.172898483480019 ], [ 24.909833599198237, 60.172909155724305 ], [ 24.909873935946607, 60.172921163198801 ], [ 24.909912616256193, 60.172934454852282 ], [ 24.909949475663158, 60.172948974172222 ], [ 24.910544027386969, 60.172767717406067 ], [ 24.912651928169062, 60.17213330291699 ], [ 24.920614374669888, 60.169724568345565 ], [ 24.920894853035055, 60.16750074653099 ], [ 24.921217867386066, 60.167512019101309 ], [ 24.921595996808527, 60.167525214623559 ], [ 24.922377609004389, 60.167755467602987 ], [ 24.923838504523442, 60.168210188070063 ], [ 24.924759151265373, 60.168535142073054 ], [ 24.924846872070276, 60.168523300271559 ], [ 24.924871261257898, 60.168545575405965 ], [ 24.924898747176794, 60.168566936509635 ], [ 24.924929192527575, 60.16858727687783 ], [ 24.924962445227962, 60.16860649490274 ], [ 24.924998339169683, 60.168624494577003 ], [ 24.925036695049901, 60.168641185985905 ], [ 24.925077321266109, 60.168656485747391 ], [ 24.925120014873297, 60.168670317432849 ], [ 24.9251645625991, 60.168682611944206 ], [ 24.925950935251013, 60.168935535503294 ], [ 24.927183556873931, 60.169319035376141 ], [ 24.927035432832508, 60.169420160119152 ], [ 24.926910437916007, 60.169505495286423 ], [ 24.926983832290876, 60.169528745332556 ], [ 24.927281065215624, 60.169612207117218 ], [ 24.928742053874554, 60.170070761568368 ], [ 24.928785434987955, 60.17008382889113 ], [ 24.928998949499771, 60.170148138479718 ], [ 24.929051904307357, 60.170164089266819 ], [ 24.931945183403393, 60.171053324921616 ], [ 24.932651421566721, 60.171300083882535 ], [ 24.932863422193616, 60.171381120269508 ], [ 24.933087330060232, 60.171470168366433 ], [ 24.933307642181251, 60.171561416068243 ], [ 24.933524271507526, 60.171654827341605 ], [ 24.933737132443408, 60.171750365285924 ], [ 24.933946140878863, 60.171847992166306 ], [ 24.934151214222567, 60.171947669424767 ], [ 24.934352271437085, 60.172049357685928 ], [ 24.933961440765739, 60.172124847149291 ], [ 24.933810229845349, 60.17236753759245 ], [ 24.93392893848625, 60.172385905808248 ], [ 24.93356376116207, 60.17297198542127 ], [ 24.933445032579446, 60.172953624948612 ], [ 24.933253309676591, 60.173261311550768 ], [ 24.933803886474582, 60.173346462049096 ], [ 24.933764734129124, 60.173389070431753 ], [ 24.933398285729417, 60.173764856196854 ], [ 24.933952247816702, 60.174006002642265 ], [ 24.934977299880607, 60.174472261784402 ], [ 24.934721715176924, 60.174909602461106 ], [ 24.933525529034462, 60.176956250521499 ], [ 24.933431203913628, 60.177117477340033 ], [ 24.932885350824805, 60.178050452194242 ], [ 24.932617360129608, 60.17801130365195 ], [ 24.932082102871377, 60.178910620814989 ], [ 24.930995553635828, 60.178490293256559 ], [ 24.93094997371729, 60.17847265973154 ], [ 24.9308429996345, 60.178431276605806 ], [ 24.929745161674951, 60.178006560039051 ], [ 24.929663252772905, 60.17797487013727 ], [ 24.929176785869448, 60.177786663836066 ], [ 24.928270915390872, 60.177688307818116 ], [ 24.927963764061026, 60.177654955520644 ], [ 24.922612495310979, 60.1770573928614 ], [ 24.922077387918836, 60.177081625437268 ], [ 24.92119994163934, 60.177076251091691 ], [ 24.917952042829661, 60.17670118280531 ], [ 24.917391165856024, 60.176636405244274 ], [ 24.914338825572685, 60.176283824832524 ], [ 24.914075570737861, 60.176253411741939 ], [ 24.912109588121179, 60.176026271374717 ], [ 24.907632685796568, 60.177976070504037 ], [ 24.905229262743429, 60.179022661715202 ], [ 24.898988448353098, 60.1817397626168 ], [ 24.882226734758881, 60.172111694824544 ] ] ] } },
{ "type": "Feature", "properties": { "id": 111604, "aluejako": "KAUPUNGINOSA", "kunta": "091", "tunnus": "09", "nimi_fi": "KAIVOPUISTO", "nimi_se": "BRUNNSPARKEN", "yhtluontipvm": "2009-12-30", "yhtmuokkauspvm": "2020-12-02", "yhtdatanomistaja": "Helsinki/Kami", "paivitetty_tietopalveluun": "2025-11-21" }, "geometry": { "type": "Polygon", "coordinates": [ [ [ 24.954788175226245, 60.15913537117639 ], [ 24.954789381820692, 60.159128956212378 ], [ 24.954790392191295, 60.159122532833443 ], [ 24.954791206103778, 60.159116102526049 ], [ 24.954791823368943, 60.159109666785213 ], [ 24.954792243843794, 60.159103227101347 ], [ 24.954792467431016, 60.159096784973016 ], [ 24.954792494078671, 60.159090341896636 ], [ 24.95479024445611, 60.159061841507047 ], [ 24.954784144038236, 60.159033481599685 ], [ 24.954774220606534, 60.159005391287032 ], [ 24.954760519347307, 60.158977698443969 ], [ 24.95474310264354, 60.158950529143837 ], [ 24.954722049793151, 60.158924007068876 ], [ 24.954697456645697, 60.158898252962558 ], [ 24.954669435167482, 60.158873384067313 ], [ 24.954638112930983, 60.158849513593971 ], [ 24.954240562928394, 60.158567789965772 ], [ 24.953603882833264, 60.158120492172536 ], [ 24.953456607333855, 60.158015077650745 ], [ 24.95306781676198, 60.157736802808159 ], [ 24.952881822094891, 60.157605386385249 ], [ 24.952515547436111, 60.15734484892203 ], [ 24.952237840794723, 60.157147305219631 ], [ 24.95196013928474, 60.156949761827924 ], [ 24.95143121114004, 60.156573504520331 ], [ 24.951065141111791, 60.156313088733263 ], [ 24.950922332194498, 60.156211790054378 ], [ 24.950348943859726, 60.156142629678094 ], [ 24.9500858340385, 60.156111597814323 ], [ 24.95014724283676, 60.155982518824857 ], [ 24.950452561771854, 60.155340775781987 ], [ 24.950574907134655, 60.155083588372229 ], [ 24.956280860386482, 60.153300268583159 ], [ 24.956440878629191, 60.153250250766888 ], [ 24.956513830501702, 60.153227449229227 ], [ 24.956543114253687, 60.153218293991415 ], [ 24.959521235930623, 60.152287337327905 ], [ 24.96180500541676, 60.151573354754881 ], [ 25.005195149307852, 60.158986387644575 ], [ 25.004459297444029, 60.162576995176764 ], [ 24.963221417602167, 60.162596677391583 ], [ 24.960389455200879, 60.163737426145659 ], [ 24.957830973118334, 60.162800247103391 ], [ 24.957043763460398, 60.162491064707481 ], [ 24.956798382120692, 60.16239468644946 ], [ 24.956107059270693, 60.16212315387844 ], [ 24.955867112159741, 60.162028904666087 ], [ 24.955982262318603, 60.161930145688117 ], [ 24.956091996969651, 60.161816127445974 ], [ 24.956159988179021, 60.161406837073343 ], [ 24.956050458821114, 60.161206411276694 ], [ 24.956001038230966, 60.161134207115971 ], [ 24.955947775087719, 60.161056396489116 ], [ 24.955705659742215, 60.160708596903426 ], [ 24.955642956601505, 60.160599686640715 ], [ 24.955632223265727, 60.160601221440444 ], [ 24.955531823700142, 60.160426831546125 ], [ 24.955424709483395, 60.160240777506573 ], [ 24.955364913502684, 60.160138058451977 ], [ 24.955266101550091, 60.159966269066992 ], [ 24.955107126048336, 60.159689888021354 ], [ 24.954788175226245, 60.15913537117639 ] ] ] } },
{ "type": "Feature", "properties": { "id": 111615, "aluejako": "KAUPUNGINOSA", "kunta": "091", "tunnus": "53", "nimi_fi": "ULKOSAARET", "nimi_se": "UTÖARNA", "yhtluontipvm": "2009-12-30", "yhtmuokkauspvm": "2024-06-12", "yhtdatanomistaja": "Helsinki/Kami", "paivitetty_tietopalveluun": "2025-11-21" }, "geometry": { "type": "Polygon", "coordinates": [ [ [ 24.78280555828109, 60.099960387585568 ], [ 24.804371766176921, 60.076067285387367 ], [ 24.851135064379537, 60.024175153290152 ], [ 24.892003302975855, 60.035631717627723 ], [ 25.132813479786805, 60.090787684062569 ], [ 25.17611927237931, 60.087587046487272 ], [ 25.176787086614922, 60.093495973696413 ], [ 25.190832528722023, 60.136348153589203 ], [ 25.194217258521597, 60.146657577238322 ], [ 25.198054998093507, 60.154504187703026 ], [ 25.209878501725719, 60.178443527046596 ], [ 25.219533293902344, 60.197975396354991 ], [ 25.201255089103121, 60.200595325184317 ], [ 25.190952257428201, 60.191497760704699 ], [ 25.160533411865593, 60.164603247927488 ], [ 25.157549636156194, 60.165577957828688 ], [ 25.16085993674098, 60.154207583813829 ], [ 25.148185058364341, 60.152199551947461 ], [ 25.142080845794776, 60.151907996270275 ], [ 25.123959188362022, 60.151042209003812 ], [ 25.123916294018301, 60.143973491706269 ], [ 25.123826022059681, 60.129463104521427 ], [ 25.094330195371253, 60.126142483603978 ], [ 25.029453362089878, 60.118812807967956 ], [ 25.010358363731388, 60.117561605090756 ], [ 24.952421484668438, 60.146623585203272 ], [ 24.938578992146521, 60.146626189881779 ], [ 24.938576808987687, 60.142649718430945 ], [ 24.897220527633063, 60.142640728633268 ], [ 24.897220712229949, 60.139730338938428 ], [ 24.838025169990232, 60.142840565498787 ], [ 24.836830934940124, 60.136517551739836 ], [ 24.835674685386429, 60.130413603572215 ], [ 24.78280555828109, 60.099960387585568 ] ] ] } },
{ "type": "Feature", "properties": { "id": 111616, "aluejako": "KAUPUNGINOSA", "kunta": "091", "tunnus": "50", "nimi_fi": "VILLINKI", "nimi_se": "VILLINGE", "yhtluontipvm": "2009-12-30", "yhtmuokkauspvm": "2021-01-29", "yhtdatanomistaja": "Helsinki/Kami", "paivitetty_tietopalveluun": "2025-11-21" }, "geometry": { "type": "Polygon", "coordinates": [ [ [ 25.091791231524635, 60.152777155636834 ], [ 25.09819106907398, 60.152726034600022 ], [ 25.104991543257061, 60.151689171290386 ], [ 25.107073200226978, 60.151369129394539 ], [ 25.109888127467492, 60.151014690122032 ], [ 25.114407355129554, 60.150613076654423 ], [ 25.123959188362022, 60.151042209003812 ], [ 25.142080845794776, 60.151907996270275 ], [ 25.148185058364341, 60.152199551947461 ], [ 25.16085993674098, 60.154207583813829 ], [ 25.157549636156194, 60.165577957828589 ], [ 25.14617394785104, 60.165130684494834 ], [ 25.123361722216611, 60.165094430099437 ], [ 25.106193607771559, 60.167634404277209 ], [ 25.097801734756164, 60.160277112708002 ], [ 25.096667537367793, 60.159323641237052 ], [ 25.096128539612721, 60.158881872165622 ], [ 25.091813040414078, 60.156971275971863 ], [ 25.091791231524635, 60.152777155636834 ] ] ] } },
{ "type": "Feature", "properties": { "id": 111617, "aluejako": "KAUPUNGINOSA", "kunta": "091", "tunnus": "36", "nimi_fi": "VIIKKI", "nimi_se": "VIK", "yhtluontipvm": "2009-12-30", "yhtmuokkauspvm": "2024-02-07", "yhtdatanomistaja": "Helsinki/Kami", "paivitetty_tietopalveluun": "2025-11-21" }, "geometry": { "type": "Polygon", "coordinates": [ [ [ 25.049747625693989, 60.232220924044277 ], [ 25.049607990223222, 60.232361738968997 ], [ 25.049460158326678, 60.23250046948985 ], [ 25.049304255591888, 60.232636997660535 ], [ 25.049140414474724, 60.232771207393 ], [ 25.048968774184551, 60.232902984578864 ], [ 25.048789480567049, 60.233032217177708 ], [ 25.048602685981567, 60.233158795300945 ], [ 25.048475090470433, 60.233241280976252 ], [ 25.048346365919873, 60.233323331800889 ], [ 25.048216518315222, 60.233404943958227 ], [ 25.04808555369485, 60.233486113646215 ], [ 25.047953478149044, 60.233566837083863 ], [ 25.047820297819726, 60.233647110515548 ], [ 25.047686018900777, 60.233726930199161 ], [ 25.047456928168145, 60.233860599174506 ], [ 25.047224756846404, 60.233992947596185 ], [ 25.046989535687036, 60.234123957918762 ], [ 25.046751295847194, 60.23425361276535 ], [ 25.046510068885752, 60.234381894941706 ], [ 25.046265886758203, 60.234508787440298 ], [ 25.046018781814318, 60.234634273428938 ], [ 25.045888645316307, 60.234699211684728 ], [ 25.04575772590492, 60.234763759749399 ], [ 25.045626028307542, 60.234827915297082 ], [ 25.045493557280828, 60.234891676002555 ], [ 25.045360317609035, 60.234955039561299 ], [ 25.045226314103626, 60.235018003687472 ], [ 25.045091551605161, 60.235080566100542 ], [ 25.044898614170222, 60.235160821942813 ], [ 25.044702096923725, 60.235238900758674 ], [ 25.044502099173972, 60.235314763089555 ], [ 25.044298721992089, 60.235388370582903 ], [ 25.044092068158612, 60.235459686034936 ], [ 25.043882242112684, 60.235528673398314 ], [ 25.043669349899226, 60.235595297798696 ], [ 25.043180158058757, 60.235729053286363 ], [ 25.042675267274362, 60.235847510709306 ], [ 25.042156610078525, 60.235950216627792 ], [ 25.041626171760555, 60.236036777887371 ], [ 25.041085982758162, 60.236106863134985 ], [ 25.040538110877677, 60.236160204090154 ], [ 25.039984653371224, 60.236196596560298 ], [ 25.039868427797575, 60.236202694437523 ], [ 25.039751964585523, 60.23620754343537 ], [ 25.039635318006102, 60.236211141295236 ], [ 25.039518542417124, 60.236213486340986 ], [ 25.039401692235263, 60.236214577479046 ], [ 25.039284821913192, 60.236214414202131 ], [ 25.039167985911956, 60.236212996582502 ], [ 25.039017260261577, 60.236209311706475 ], [ 25.038866799693238, 60.236203539596666 ], [ 25.03871672109068, 60.236195684739528 ], [ 25.038567141040467, 60.236185753237542 ], [ 25.038418175742898, 60.236173752801633 ], [ 25.038269940918742, 60.236159692760339 ], [ 25.038122551721656, 60.236143584033002 ], [ 25.037991792231868, 60.236127484218073 ], [ 25.037861878747023, 60.236109771857777 ], [ 25.037732891685469, 60.236090457918991 ], [ 25.037604910891321, 60.236069554353058 ], [ 25.037478015585254, 60.236047074103553 ], [ 25.037352284315332, 60.236023031086134 ], [ 25.037227794909104, 60.235997440179304 ], [ 25.037170079724351, 60.23598448304471 ], [ 25.037112466663547, 60.235971414039014 ], [ 25.037054956602738, 60.235958233368073 ], [ 25.036997550417933, 60.235944941225959 ], [ 25.036940248983186, 60.235931537816263 ], [ 25.036883053170168, 60.235918023345882 ], [ 25.036825963849857, 60.235904398018143 ], [ 25.03670899244943, 60.235876053841316 ], [ 25.036592481625895, 60.235847244533524 ], [ 25.036476438859737, 60.23581797194776 ], [ 25.036360871601168, 60.235788237961088 ], [ 25.036245787270023, 60.235758044483262 ], [ 25.036131193254676, 60.235727393456791 ], [ 25.036017096912207, 60.235696286845815 ], [ 25.035867094151996, 60.235799614888876 ], [ 25.035176448460799, 60.236275343330519 ], [ 25.034650972973562, 60.236095859684667 ], [ 25.032961315107222, 60.235479178207463 ], [ 25.028752307063648, 60.233942802976351 ], [ 25.027937063201986, 60.233636384438931 ], [ 25.026371482708516, 60.23308177754253 ], [ 25.0256648025129, 60.232831422946504 ], [ 25.025640521077118, 60.23282282027585 ], [ 25.024398843334552, 60.232404941991376 ], [ 25.021717408546134, 60.23150244322489 ], [ 25.02031572897851, 60.231177874010207 ], [ 25.01885434253813, 60.230839448603412 ], [ 25.018624303663419, 60.230765006274879 ], [ 25.018256856974432, 60.230646088988301 ], [ 25.017788760652547, 60.230494592898232 ], [ 25.016657304779031, 60.230176466414775 ], [ 25.015791478781217, 60.230000567311791 ], [ 25.014891397102758, 60.229780590221665 ], [ 25.014251195764039, 60.229634302055736 ], [ 25.013891161230056, 60.229556639867091 ], [ 25.013527251503849, 60.229483582913424 ], [ 25.01315970465366, 60.229415178987018 ], [ 25.012788761122593, 60.229351472828114 ], [ 25.012414663570731, 60.229292506108699 ], [ 25.012037656717546, 60.229238317402405 ], [ 25.011657987181742, 60.229188942147843 ], [ 25.011554082184983, 60.229176324026291 ], [ 25.011450002853934, 60.229164066547391 ], [ 25.011345754247891, 60.229152170309121 ], [ 25.011241341434218, 60.229140635889294 ], [ 25.011136769488825, 60.229129463847535 ], [ 25.011032043494417, 60.229118654731984 ], [ 25.010927168542729, 60.229108209058921 ], [ 25.010887952242815, 60.229138341216469 ], [ 25.010848046219174, 60.229168248539843 ], [ 25.01080745568072, 60.229197927132837 ], [ 25.010766185925238, 60.229227373115947 ], [ 25.010724242339428, 60.229256582644048 ], [ 25.010681630398089, 60.229285551906706 ], [ 25.010638355663602, 60.229314277116657 ], [ 25.010598013991512, 60.229339528684612 ], [ 25.010558488218059, 60.229365097439235 ], [ 25.010519788424652, 60.229390976864558 ], [ 25.010481924483404, 60.229417160354309 ], [ 25.01044490605188, 60.229443641233622 ], [ 25.010408742572697, 60.22947041275274 ], [ 25.010373443270694, 60.229497468077881 ], [ 25.010363221695869, 60.229505482135217 ], [ 25.010353076013512, 60.229513520011395 ], [ 25.010343006448622, 60.22952158153241 ], [ 25.010333013223775, 60.229529666516441 ], [ 25.010323096560015, 60.229537774784703 ], [ 25.010313256676834, 60.229545906161775 ], [ 25.010303493791785, 60.229554060461417 ], [ 25.010264461545351, 60.229585283893762 ], [ 25.010226578652496, 60.229616855566526 ], [ 25.010189857673147, 60.229648765014517 ], [ 25.010154310781918, 60.229681001661767 ], [ 25.010119949764626, 60.229713554822681 ], [ 25.010086786013229, 60.22974641371038 ], [ 25.010054830524236, 60.229779567427492 ], [ 25.010016089586163, 60.229821984361443 ], [ 25.00997932630246, 60.229864834475599 ], [ 25.009944560245863, 60.229908094968579 ], [ 25.009911809926972, 60.229951742813654 ], [ 25.00988109278336, 60.229995754782621 ], [ 25.009852425170962, 60.230040107454315 ], [ 25.0098258223552, 60.23008477722184 ], [ 25.009822115797718, 60.230090499007119 ], [ 25.009817607850277, 60.230096076685179 ], [ 25.0098123209196, 60.230101482534522 ], [ 25.009806281284508, 60.230106689685989 ], [ 25.009799518964538, 60.230111672253805 ], [ 25.009792067571791, 60.230116405475655 ], [ 25.009783964144169, 60.23012086582272 ], [ 25.009775248959052, 60.230125031125318 ], [ 25.009765965336459, 60.230128880676972 ], [ 25.009756159420458, 60.230132395346857 ], [ 25.009745879951751, 60.230135557664148 ], [ 25.009735178025242, 60.230138351910725 ], [ 25.009724106835321, 60.230140764194523 ], [ 25.009712721411873, 60.230142782528986 ], [ 25.009701078346964, 60.230144396880419 ], [ 25.009689235513186, 60.230145599223775 ], [ 25.009677251776264, 60.230146383582117 ], [ 25.009665186701856, 60.230146746059795 ], [ 25.009653100260493, 60.23014668485208 ], [ 25.009164036863396, 60.230135621494014 ], [ 25.009161822974924, 60.230135557671936 ], [ 25.009159612902966, 60.230135466846157 ], [ 25.009157407978801, 60.230135349070949 ], [ 25.009155209530633, 60.23013520441657 ], [ 25.009153018883428, 60.23013503296928 ], [ 25.009150837356355, 60.230134834837735 ], [ 25.009148666264252, 60.230134610134229 ], [ 25.008781192467644, 60.23011044816603 ], [ 25.008402619488773, 60.230089192103875 ], [ 25.008170638142449, 60.230098746494477 ], [ 25.007914298858857, 60.230084673411106 ], [ 25.007585373655616, 60.230066614455033 ], [ 25.007557888353542, 60.230064839198796 ], [ 25.007530560344513, 60.230062540480105 ], [ 25.007503429917847, 60.230059721691632 ], [ 25.007476537073131, 60.230056386983684 ], [ 25.00744992145804, 60.230052541275327 ], [ 25.007423622312494, 60.230048190238726 ], [ 25.007397678409092, 60.230043340282535 ], [ 25.006552310620737, 60.229876023929158 ], [ 25.006498816332211, 60.229889799244191 ], [ 25.006426895641546, 60.229908321599829 ], [ 25.00560396774425, 60.230120243729516 ], [ 25.00557414902708, 60.230139853446197 ], [ 25.005556602433156, 60.230151398285258 ], [ 25.005336277964073, 60.229894568525978 ], [ 25.004242347002023, 60.229483118403145 ], [ 25.001959294088849, 60.228624352967699 ], [ 25.0013083543896, 60.228474730985269 ], [ 25.001255090010382, 60.228505388631845 ], [ 24.999773189820839, 60.229366137481506 ], [ 24.999384262748041, 60.229589076939448 ], [ 24.999252403451234, 60.229675347393545 ], [ 24.999321253463972, 60.229701247053406 ], [ 24.999226335178935, 60.229763661165549 ], [ 24.999215875216574, 60.229765124602586 ], [ 24.999205611277315, 60.229766898435642 ], [ 24.999195580561512, 60.229768976242234 ], [ 24.999185819425946, 60.229771350487994 ], [ 24.999176363249219, 60.229774012565983 ], [ 24.999167246304904, 60.229776952830022 ], [ 24.999158501636945, 60.229780160620734 ], [ 24.999150160940609, 60.229783624316184 ], [ 24.999142254446092, 60.229787331357251 ], [ 24.998809518978852, 60.229953033619516 ], [ 24.998385333274463, 60.230176312667993 ], [ 24.997986131390864, 60.230337207522879 ], [ 24.997651537052406, 60.230465645386936 ], [ 24.997302399028897, 60.230584122834941 ], [ 24.996939914476791, 60.230692233574942 ], [ 24.996565326361079, 60.230789606860135 ], [ 24.996179919189096, 60.230875908757021 ], [ 24.995785014602934, 60.230950843309706 ], [ 24.995381966845624, 60.231014153530182 ], [ 24.995242513718868, 60.231038682951755 ], [ 24.995102278246957, 60.231062083356797 ], [ 24.994961297385409, 60.231084348582122 ], [ 24.994819608288054, 60.231105472755054 ], [ 24.99467724829443, 60.231125450310998 ], [ 24.994534254922073, 60.231144275986949 ], [ 24.994390665854731, 60.231161944818417 ], [ 24.994441872145405, 60.23124143720311 ], [ 24.993947659226151, 60.231293360533726 ], [ 24.993448845755591, 60.231332936587279 ], [ 24.992946678337347, 60.231360066463338 ], [ 24.992442411967623, 60.231374682361498 ], [ 24.991937306895036, 60.231376747755228 ], [ 24.991432625466548, 60.231366257490293 ], [ 24.990929628967947, 60.231343237782106 ], [ 24.990698396475402, 60.231278477158959 ], [ 24.989843369952546, 60.231259754719197 ], [ 24.989839784135075, 60.231241708596286 ], [ 24.98983823629068, 60.231233911587019 ], [ 24.989796047632908, 60.231081776083272 ], [ 24.98974611951714, 60.230974135288584 ], [ 24.989705474230444, 60.230903871265959 ], [ 24.989378747493291, 60.230555692376299 ], [ 24.989136492124629, 60.230342045833417 ], [ 24.988657110274879, 60.229900144445153 ], [ 24.988522316364477, 60.229784189197396 ], [ 24.988106662848878, 60.229497193381391 ], [ 24.987425243049113, 60.228982106595822 ], [ 24.986780211917822, 60.228494512320736 ], [ 24.986079865934833, 60.227822496859709 ], [ 24.98524315991768, 60.227610479368934 ], [ 24.984944780384488, 60.227546645406854 ], [ 24.984191834939988, 60.227385558742668 ], [ 24.983468133905255, 60.227230725479451 ], [ 24.98331858021859, 60.226421028678743 ], [ 24.983623853911993, 60.225649011439863 ], [ 24.983695538702882, 60.225393182935818 ], [ 24.983704427207556, 60.225324069244849 ], [ 24.98369147242704, 60.225155340699018 ], [ 24.983652214314464, 60.225014016079811 ], [ 24.983006950486153, 60.223854251540445 ], [ 24.982297894780785, 60.223238776376334 ], [ 24.981778099164718, 60.222818180492133 ], [ 24.981045248126375, 60.222017712042678 ], [ 24.980413521106669, 60.221512901254044 ], [ 24.980034045666109, 60.221180986729664 ], [ 24.979848793957068, 60.221000666900984 ], [ 24.979774607020332, 60.220921284630165 ], [ 24.979688503588967, 60.220822170836641 ], [ 24.97966696253566, 60.220795112184369 ], [ 24.979609456802191, 60.220722880357904 ], [ 24.979534958689865, 60.220617866939037 ], [ 24.979469903091921, 60.220514136620615 ], [ 24.979433629572725, 60.220450100715681 ], [ 24.979396921874905, 60.220385308109101 ], [ 24.979314341307607, 60.220205236773282 ], [ 24.979283370802673, 60.220115336428861 ], [ 24.979251150704616, 60.220021814318585 ], [ 24.979221527410299, 60.21988185134601 ], [ 24.979200601069991, 60.219740345066086 ], [ 24.979193520548915, 60.219634128519942 ], [ 24.979190952662893, 60.219549768605496 ], [ 24.979190266978797, 60.219527200825013 ], [ 24.979192801907789, 60.21948417778124 ], [ 24.979196529502314, 60.219420937002994 ], [ 24.979209269873472, 60.219309798772386 ], [ 24.979214287945204, 60.219285595938629 ], [ 24.979246479002398, 60.219129593498714 ], [ 24.979284354030138, 60.218997038562605 ], [ 24.979618211089146, 60.217948674312701 ], [ 24.979889818250147, 60.217548502058314 ], [ 24.981188198281536, 60.21757952738902 ], [ 24.98123197812421, 60.217568277572717 ], [ 24.981401487505071, 60.217452029064454 ], [ 24.981592975117699, 60.217393751738669 ], [ 24.981743817441192, 60.217350959147772 ], [ 24.981901444331388, 60.217258565803682 ], [ 24.981967945032228, 60.21722301173314 ], [ 24.982059820537899, 60.21716991510344 ], [ 24.982219339310728, 60.217111773458491 ], [ 24.982375380462919, 60.217041777382462 ], [ 24.982472205240466, 60.217018310629214 ], [ 24.982530337825832, 60.217017302283523 ], [ 24.982604832450082, 60.216998725865601 ], [ 24.982662508359375, 60.216998172453636 ], [ 24.982724704208504, 60.216988727701732 ], [ 24.98287207617998, 60.216983694569365 ], [ 24.982915589097889, 60.216987037223497 ], [ 24.983023647545206, 60.216923077316629 ], [ 24.983265081896185, 60.216882578786432 ], [ 24.983553618827852, 60.216768658123506 ], [ 24.983847156588663, 60.216649943692495 ], [ 24.983967579234665, 60.216587101055154 ], [ 24.984040904224887, 60.216466030290817 ], [ 24.984060207706488, 60.216410649161389 ], [ 24.984084785098393, 60.21639010837545 ], [ 24.984119221365344, 60.216338572306825 ], [ 24.984227364598546, 60.216287822278794 ], [ 24.984312017981846, 60.216276806066446 ], [ 24.984354683448476, 60.216232240287617 ], [ 24.984326554303998, 60.216200189492199 ], [ 24.984389416257709, 60.216155211423604 ], [ 24.984451960085817, 60.216130277096383 ], [ 24.98455673965616, 60.216056527901685 ], [ 24.984585712217502, 60.216009785719088 ], [ 24.984580339775409, 60.215960824420115 ], [ 24.984613548861567, 60.215930928605985 ], [ 24.984717255529702, 60.215900685497502 ], [ 24.984874482267191, 60.215891863666755 ], [ 24.984944018387971, 60.215860100540041 ], [ 24.984982304536572, 60.215842958320913 ], [ 24.985018993841976, 60.215850362666053 ], [ 24.985039991672494, 60.215833013838512 ], [ 24.98510450769578, 60.215768604823658 ], [ 24.985130483478276, 60.215704852050898 ], [ 24.985197305649425, 60.215617687976781 ], [ 24.9852264682943, 60.215562540232611 ], [ 24.985296205622202, 60.215526273098355 ], [ 24.985374028072201, 60.215521557959384 ], [ 24.985516491116169, 60.215432541443406 ], [ 24.985589315920087, 60.21536366515334 ], [ 24.985608791964413, 60.215302230814274 ], [ 24.98563304216222, 60.215303919915698 ], [ 24.985663064974354, 60.215255334961554 ], [ 24.985612248305724, 60.215153589974591 ], [ 24.985544590544094, 60.215082374672662 ], [ 24.985407697143781, 60.214997708418963 ], [ 24.985394598910663, 60.214970686604971 ], [ 24.985400939926006, 60.214965384650057 ], [ 24.985174169291099, 60.214814327240973 ], [ 24.984914646504148, 60.214692065014646 ], [ 24.984771382317881, 60.214641059528354 ], [ 24.984712171272516, 60.214635277063451 ], [ 24.984640685039615, 60.214610787567139 ], [ 24.984575323323742, 60.214585278243952 ], [ 24.984517747587713, 60.214554573053562 ], [ 24.984482649097057, 60.214524044591109 ], [ 24.984450917567973, 60.214472353470534 ], [ 24.984432531281033, 60.214457393847347 ], [ 24.984366907008173, 60.214431188798258 ], [ 24.984297506843575, 60.214349730843125 ], [ 24.984281942732157, 60.214265031947704 ], [ 24.984341618271657, 60.214153802654579 ], [ 24.984356168499392, 60.214140558507772 ], [ 24.984391562402493, 60.214129078679846 ], [ 24.984392612146486, 60.214110218840915 ], [ 24.984464692214313, 60.214070163904267 ], [ 24.98448449446915, 60.214057964194573 ], [ 24.984504277641346, 60.214036476758125 ], [ 24.984514714379863, 60.214005707686795 ], [ 24.984523988647148, 60.213976679702348 ], [ 24.984540248040297, 60.213941843666241 ], [ 24.984550674546114, 60.213905849125027 ], [ 24.984546990385116, 60.213811815448942 ], [ 24.98452591988341, 60.213771192224009 ], [ 24.984500209542315, 60.213743342212616 ], [ 24.984469842795857, 60.21372129872131 ], [ 24.984451117645797, 60.21368763975488 ], [ 24.984562282495837, 60.213589669421928 ], [ 24.984070287224093, 60.213570349201028 ], [ 24.986253852892879, 60.211592357644754 ], [ 24.987819886491543, 60.210173588830429 ], [ 24.985208767899252, 60.205797639317325 ], [ 24.997972872756431, 60.198266823264682 ], [ 25.006804156311937, 60.204899773916651 ], [ 25.018806958275025, 60.213909532665504 ], [ 25.021404140452148, 60.213154397764491 ], [ 25.021805779353638, 60.213033571982869 ], [ 25.022588398213646, 60.212810053733421 ], [ 25.028134701878841, 60.211231665428478 ], [ 25.028235597224981, 60.211202948797464 ], [ 25.028728526661077, 60.211094764105191 ], [ 25.028833567639325, 60.211033233018576 ], [ 25.03011210442094, 60.211784836517268 ], [ 25.030131531244326, 60.21179625687018 ], [ 25.030605219659847, 60.212074709287108 ], [ 25.035138803542946, 60.21473939141179 ], [ 25.039382749040705, 60.217233302204839 ], [ 25.039754130305074, 60.217448869710346 ], [ 25.040129823780287, 60.217666927327592 ], [ 25.042179032482967, 60.218877276078437 ], [ 25.04260687382158, 60.219129960378012 ], [ 25.042871747875768, 60.219286392992053 ], [ 25.042967520432544, 60.219342955326226 ], [ 25.043011129679801, 60.219368710388878 ], [ 25.050313291722496, 60.231395376591948 ], [ 25.05047696777466, 60.231518228357672 ], [ 25.050569836373267, 60.231568801448759 ], [ 25.050439764746049, 60.231657860971403 ], [ 25.0503137927283, 60.231748366401256 ], [ 25.050191985310846, 60.231840271074091 ], [ 25.050074405339618, 60.231933527597121 ], [ 25.049961113481316, 60.23202808788264 ], [ 25.049852168193571, 60.232123903168876 ], [ 25.049747625693989, 60.232220924044277 ] ] ] } },
{ "type": "Feature", "properties": { "id": 111618, "aluejako": "KAUPUNGINOSA", "kunta": "091", "tunnus": "14", "nimi_fi": "TAKA-TÖÖLÖ", "nimi_se": "BORTRE TÖLÖ", "yhtluontipvm": "2009-12-30", "yhtmuokkauspvm": "2020-11-25", "yhtdatanomistaja": "Helsinki/Kami", "paivitetty_tietopalveluun": "2025-11-21" }, "geometry": { "type": "Polygon", "coordinates": [ [ [ 24.898988448353098, 60.1817397626168 ], [ 24.905229262743429, 60.179022661715202 ], [ 24.907632685796568, 60.177976070504037 ], [ 24.912109588121179, 60.176026271374717 ], [ 24.914075570737861, 60.176253411741939 ], [ 24.914338825572685, 60.176283824832524 ], [ 24.917391165856024, 60.176636405244274 ], [ 24.917952042829661, 60.17670118280531 ], [ 24.92119994163934, 60.177076251091691 ], [ 24.922077387918836, 60.177081625437268 ], [ 24.922612495310979, 60.1770573928614 ], [ 24.927963764061026, 60.177654955520644 ], [ 24.928270915390872, 60.177688307818116 ], [ 24.929176785869448, 60.177786663836066 ], [ 24.929663252772905, 60.17797487013727 ], [ 24.929745161674951, 60.178006560039051 ], [ 24.9308429996345, 60.178431276605806 ], [ 24.93094997371729, 60.17847265973154 ], [ 24.930995553635828, 60.178490293256559 ], [ 24.932082102871377, 60.178910620814989 ], [ 24.93501645765291, 60.180045667505937 ], [ 24.933454084538873, 60.183165380511504 ], [ 24.935006479785226, 60.184367846527671 ], [ 24.935954013393374, 60.185101742200906 ], [ 24.935982576530073, 60.185123863352509 ], [ 24.936248233195943, 60.185162524620395 ], [ 24.932646676420763, 60.192778006950761 ], [ 24.931159458605315, 60.192531313443794 ], [ 24.930438396009237, 60.192423664866496 ], [ 24.929735362790254, 60.192311524340454 ], [ 24.928419431444961, 60.192060299793447 ], [ 24.926373460688506, 60.191634078121908 ], [ 24.925769591587695, 60.191490497485837 ], [ 24.925657587041574, 60.191465001796018 ], [ 24.925546024100797, 60.191439030593529 ], [ 24.925434910909175, 60.19141258576883 ], [ 24.925324255575656, 60.191385669254075 ], [ 24.925214066177187, 60.19135828301205 ], [ 24.925104350756648, 60.191330429042516 ], [ 24.924995117320606, 60.19130210938409 ], [ 24.924910554447695, 60.191279777141922 ], [ 24.924826291191653, 60.191257165907992 ], [ 24.924742331265637, 60.191234276674663 ], [ 24.924658678368285, 60.191211110447995 ], [ 24.924575336185004, 60.191187668252077 ], [ 24.924492308388253, 60.191163951120402 ], [ 24.924409598635975, 60.191139960098035 ], [ 24.924386273010132, 60.191133128045252 ], [ 24.924362973126328, 60.191126274254884 ], [ 24.92433969906703, 60.191119398747645 ], [ 24.924316450913508, 60.19111250154937 ], [ 24.924293228747011, 60.191105582680649 ], [ 24.924270032649712, 60.191098642167425 ], [ 24.924246862702173, 60.191091680037431 ], [ 24.924067145886408, 60.19103666103377 ], [ 24.923889065438335, 60.190980338477047 ], [ 24.923712659487318, 60.190922724431047 ], [ 24.923537965805007, 60.19086383123468 ], [ 24.923365021793998, 60.190803671500603 ], [ 24.923193864483103, 60.190742258113048 ], [ 24.923024530516901, 60.190679604222503 ], [ 24.922718993032564, 60.190561581954931 ], [ 24.922419923053688, 60.190439521958183 ], [ 24.922127535681657, 60.190313512052398 ], [ 24.921842041201668, 60.19018364289569 ], [ 24.921563644932228, 60.190050007926949 ], [ 24.921292547079471, 60.189912703288464 ], [ 24.921028942588045, 60.189771827769363 ], [ 24.920238769262692, 60.189760587046038 ], [ 24.920145753554834, 60.189759262840376 ], [ 24.918583763781491, 60.1896905800673 ], [ 24.918223493124845, 60.189675340720456 ], [ 24.917701748276976, 60.189653268718345 ], [ 24.917121665323183, 60.189628734853052 ], [ 24.91626236379761, 60.189565254910704 ], [ 24.915784939110313, 60.189459193445188 ], [ 24.915756296759916, 60.189452827837592 ], [ 24.915718063924853, 60.189444255229319 ], [ 24.9156799205658, 60.189435584358606 ], [ 24.915641867700831, 60.189426815462085 ], [ 24.915603906346032, 60.189417948767023 ], [ 24.915566037515287, 60.189408984514273 ], [ 24.915528262219066, 60.189399922943366 ], [ 24.915490581467282, 60.18939076429298 ], [ 24.915443324127835, 60.189379125873003 ], [ 24.915396219792189, 60.189367334671829 ], [ 24.915349270453472, 60.189355391182403 ], [ 24.915302478096418, 60.189343295914625 ], [ 24.915255844699569, 60.18933104937517 ], [ 24.9152093722358, 60.189318652084694 ], [ 24.915163062670164, 60.189306104569702 ], [ 24.915092942672821, 60.189286708658777 ], [ 24.915023211345751, 60.189266968380402 ], [ 24.914953875508466, 60.189246885672198 ], [ 24.914884941942713, 60.189226462492805 ], [ 24.914816417390327, 60.189205700841924 ], [ 24.914748308552685, 60.189184602751865 ], [ 24.91468062209147, 60.189163170283507 ], [ 24.9145904508235, 60.189133903274261 ], [ 24.914501067561606, 60.189104042936727 ], [ 24.914412488047962, 60.189073594537497 ], [ 24.914324727883656, 60.189042563434242 ], [ 24.914237802524951, 60.189010955094858 ], [ 24.914151727280451, 60.188978775090909 ], [ 24.91406651730993, 60.188946029084661 ], [ 24.914031212452894, 60.188932220224622 ], [ 24.913996061764738, 60.188918314187283 ], [ 24.91396106632407, 60.188904311400911 ], [ 24.913926227205099, 60.188890212292684 ], [ 24.913891545476144, 60.188876017297105 ], [ 24.913857022201949, 60.188861726849687 ], [ 24.913822658441305, 60.188847341389447 ], [ 24.913789063638614, 60.188833109668607 ], [ 24.91375562474639, 60.188818787193277 ], [ 24.913722342753697, 60.188804374388717 ], [ 24.913689218643718, 60.188789871680328 ], [ 24.913656253396127, 60.188775279492717 ], [ 24.913623447985753, 60.188760598262327 ], [ 24.913590803381489, 60.188745828424302 ], [ 24.913549775215152, 60.188726785444629 ], [ 24.913509012503386, 60.188707601632586 ], [ 24.913468517195234, 60.18868827790763 ], [ 24.913428291226872, 60.188668815192926 ], [ 24.913388336521766, 60.188649214418412 ], [ 24.913348654989907, 60.188629476525087 ], [ 24.913309248529476, 60.188609602451834 ], [ 24.913215915854888, 60.188564444414411 ], [ 24.912688773698619, 60.188299468935384 ], [ 24.912538889887752, 60.188221860914844 ], [ 24.912390747154991, 60.188143428431793 ], [ 24.912244363777845, 60.188064181171917 ], [ 24.912099757816325, 60.187984128915531 ], [ 24.911956947111197, 60.187903281545474 ], [ 24.911815949279838, 60.187821649049212 ], [ 24.911676781716618, 60.187739241500239 ], [ 24.911552548999559, 60.187667323026325 ], [ 24.911031955783955, 60.187332255327554 ], [ 24.910685996455094, 60.187092536105567 ], [ 24.910379131415525, 60.186867582732042 ], [ 24.910069259074632, 60.186624795129902 ], [ 24.909787824426417, 60.186389008123243 ], [ 24.909445283350813, 60.186080480566751 ], [ 24.909345815086684, 60.185985201322637 ], [ 24.909089846059345, 60.185727792265936 ], [ 24.908693583483206, 60.185283677252428 ], [ 24.908648683011275, 60.185252026807724 ], [ 24.908187364074333, 60.18492685798654 ], [ 24.907827596810311, 60.185003108615668 ], [ 24.907426750108765, 60.185071183500405 ], [ 24.906478833611754, 60.185232166592684 ], [ 24.905638845737766, 60.18541135549966 ], [ 24.905475994058094, 60.185464165784836 ], [ 24.898988448353098, 60.1817397626168 ] ] ] } },
{ "type": "Feature", "properties": { "id": 111619, "aluejako": "KAUPUNGINOSA", "kunta": "091", "tunnus": "29", "nimi_fi": "HAAGA", "nimi_se": "HAGA", "yhtluontipvm": "2025-07-08", "yhtmuokkauspvm": null, "yhtdatanomistaja": "Helsinki/Kami", "paivitetty_tietopalveluun": "2025-11-21" }, "geometry": { "type": "Polygon", "coordinates": [ [ [ 24.879328836330007, 60.213047256657937 ], [ 24.879237622472449, 60.212997483804031 ], [ 24.879151526110928, 60.212945502967024 ], [ 24.879070762766908, 60.212891444282143 ], [ 24.878995534607618, 60.212835443087684 ], [ 24.878926029939691, 60.212777639585127 ], [ 24.878862422737782, 60.212718178486547 ], [ 24.878804872210072, 60.212657208650839 ], [ 24.878788800506019, 60.212637170698351 ], [ 24.878775530725068, 60.212616631064421 ], [ 24.878765125454741, 60.212595686635829 ], [ 24.878757633771219, 60.212574436204989 ], [ 24.878753091005965, 60.212552980010393 ], [ 24.878751518581943, 60.212531419255299 ], [ 24.878752923909047, 60.212509855646694 ], [ 24.878757300353687, 60.212488390893796 ], [ 24.87876462726652, 60.212467126243688 ], [ 24.878774870081511, 60.212446161998919 ], [ 24.878787980479022, 60.212425597048032 ], [ 24.878803896613462, 60.212405528394775 ], [ 24.878822543405732, 60.212386050693411 ], [ 24.87893610322822, 60.21227722268921 ], [ 24.879108898334682, 60.212130941384082 ], [ 24.878566427446025, 60.211987988340219 ], [ 24.879334171770566, 60.211338042965089 ], [ 24.879740512259676, 60.211478495369278 ], [ 24.879817600249684, 60.211417799601385 ], [ 24.88090801778387, 60.21124455775 ], [ 24.88015884014867, 60.210470231974313 ], [ 24.880336552575724, 60.210317773009521 ], [ 24.88052242271068, 60.210167789384393 ], [ 24.882796936380835, 60.208332683454131 ], [ 24.883753982368049, 60.2075604414837 ], [ 24.883970698923349, 60.207385563411378 ], [ 24.891393403182516, 60.201394621619016 ], [ 24.891393403182516, 60.201394621619016 ], [ 24.891494144301074, 60.201677265025999 ], [ 24.891710600776182, 60.201883185083673 ], [ 24.8922427452991, 60.202177741508251 ], [ 24.892543959290915, 60.20234447060561 ], [ 24.892105326974029, 60.202626478891332 ], [ 24.892017436151743, 60.202687237481186 ], [ 24.891938237427173, 60.202750888533004 ], [ 24.891868113537633, 60.202817124491567 ], [ 24.891807403379083, 60.202885625296879 ], [ 24.891756400364521, 60.202956059953628 ], [ 24.891715351007417, 60.203028088115573 ], [ 24.891684453728082, 60.203101361735683 ], [ 24.891663857894581, 60.203175526744417 ], [ 24.891653663099461, 60.2032502247664 ], [ 24.891653918677296, 60.203325094842945 ], [ 24.891664623463722, 60.203399775186355 ], [ 24.891685725801622, 60.203473904920962 ], [ 24.89171712378856, 60.203547125828365 ], [ 24.891758665766964, 60.20361908408124 ], [ 24.891810151057271, 60.203689431951311 ], [ 24.89187133092495, 60.203757829491096 ], [ 24.891941909783039, 60.203823946172101 ], [ 24.892021546617983, 60.203887462490663 ], [ 24.892109856637731, 60.203948071502971 ], [ 24.892206413129887, 60.204005480316674 ], [ 24.89231074952394, 60.204059411500829 ], [ 24.892541479048383, 60.204170657520329 ], [ 24.893036171096043, 60.204487943697231 ], [ 24.893106818353402, 60.204536713139596 ], [ 24.893170385375708, 60.204587839245306 ], [ 24.893226556081189, 60.204641067825214 ], [ 24.893275051156756, 60.204696134226879 ], [ 24.893315629448029, 60.204752764668058 ], [ 24.893348089160419, 60.204810677580177 ], [ 24.893372268860638, 60.204869585021342 ], [ 24.893388048281665, 60.20492919410664 ], [ 24.893395348921967, 60.20498920844917 ], [ 24.893394134435223, 60.205049329663943 ], [ 24.893384410813923, 60.205109258811319 ], [ 24.893370003543634, 60.205262328929557 ], [ 24.893356104043324, 60.205410035753161 ], [ 24.893355042376847, 60.205443347599825 ], [ 24.893358121305052, 60.20547662837015 ], [ 24.893365329056266, 60.205509750698965 ], [ 24.893376638057259, 60.20554258781349 ], [ 24.893392005038013, 60.205575014040321 ], [ 24.893411371196684, 60.205606905273839 ], [ 24.893434662425339, 60.205638139457399 ], [ 24.893461789592212, 60.205668597051528 ], [ 24.893492648884372, 60.205698161479717 ], [ 24.893695604007171, 60.205878716301058 ], [ 24.893706366776502, 60.205889065826909 ], [ 24.893715757598905, 60.205899741123517 ], [ 24.893723736893268, 60.20591069720161 ], [ 24.893730271028396, 60.205921887878276 ], [ 24.893735332462395, 60.205933265992087 ], [ 24.893738899861379, 60.205944783586276 ], [ 24.893740958188229, 60.205956392118672 ], [ 24.893741498765749, 60.205968042659833 ], [ 24.893740519314367, 60.205979686106787 ], [ 24.893738023960434, 60.205991273385365 ], [ 24.89373402321942, 60.206002755657494 ], [ 24.893714758084155, 60.206057575232414 ], [ 24.893702356028069, 60.206112883661739 ], [ 24.893696864765268, 60.206168468319959 ], [ 24.893698305442342, 60.206224115507034 ], [ 24.893706672555417, 60.206279611287052 ], [ 24.893721933971978, 60.206334742303277 ], [ 24.893744031053217, 60.206389296602424 ], [ 24.893772878878281, 60.206443064446866 ], [ 24.893808366572461, 60.206495839115377 ], [ 24.894189147901013, 60.207008669012382 ], [ 24.894205116328127, 60.207028685026621 ], [ 24.894222995924462, 60.207048296689727 ], [ 24.894242745513264, 60.207067458833883 ], [ 24.894264319610162, 60.207086127324764 ], [ 24.894287668528353, 60.207104259161618 ], [ 24.894312738492332, 60.207121812590209 ], [ 24.894339471763825, 60.207138747171598 ], [ 24.895707488938989, 60.20796375481077 ], [ 24.898256630074176, 60.207666250621671 ], [ 24.898833023751568, 60.207717449986873 ], [ 24.89965335476046, 60.207767740184572 ], [ 24.899653743433735, 60.207770479868508 ], [ 24.899654505328904, 60.207773200070825 ], [ 24.899655636922251, 60.207775888216297 ], [ 24.899657132982004, 60.207778531870979 ], [ 24.899658986590115, 60.207781118812065 ], [ 24.899661189174939, 60.207783637076254 ], [ 24.89966373055206, 60.207786075019662 ], [ 24.899666598969773, 60.207788421367482 ], [ 24.899669781163819, 60.207790665270707 ], [ 24.8996732624198, 60.207792796356308 ], [ 24.899677026639612, 60.207794804764724 ], [ 24.899681056417691, 60.207796681211008 ], [ 24.899685333118889, 60.207798417020328 ], [ 24.899689836968012, 60.207800004161562 ], [ 24.899694547138431, 60.207801435299977 ], [ 24.899699441849467, 60.207802703813861 ], [ 24.899704498467742, 60.207803803841109 ], [ 24.899709693610333, 60.207804730293624 ], [ 24.899715003254496, 60.207805478886961 ], [ 24.899720402847517, 60.207806046159199 ], [ 24.899725867421104, 60.207806429486595 ], [ 24.899731371705982, 60.207806627099444 ], [ 24.899736890249937, 60.207806638080648 ], [ 24.900013453907345, 60.207803007739251 ], [ 24.90029006100119, 60.20780031960129 ], [ 24.900566698578977, 60.207798573797426 ], [ 24.900843353688568, 60.207797770405861 ], [ 24.901120013375472, 60.207797909467509 ], [ 24.901396664686239, 60.207798990975107 ], [ 24.901673294667368, 60.207801014874235 ], [ 24.901822873756196, 60.207878823843728 ], [ 24.90199200869759, 60.207880862977568 ], [ 24.902161124793476, 60.207883258449911 ], [ 24.902330219013976, 60.207886010225224 ], [ 24.902499288330361, 60.20788911825246 ], [ 24.902668329714945, 60.207892582470926 ], [ 24.902837340138671, 60.207896402827359 ], [ 24.903006316575052, 60.207900579244146 ], [ 24.903064451612742, 60.207901400085511 ], [ 24.903122600218751, 60.207900868094015 ], [ 24.903180635359327, 60.207898984438749 ], [ 24.903238430249594, 60.207895753227973 ], [ 24.903295858628972, 60.20789118152193 ], [ 24.903352795037758, 60.207885279311498 ], [ 24.90340911509141, 60.207878059486262 ], [ 24.903479803866354, 60.207869057818783 ], [ 24.903551307624017, 60.207861824120684 ], [ 24.90362344796084, 60.207856376440674 ], [ 24.903696044886285, 60.207852728369019 ], [ 24.903768917269279, 60.207850889010103 ], [ 24.903841883293286, 60.207850862953265 ], [ 24.903914760906943, 60.207852650261145 ], [ 24.90392942583647, 60.207853196241246 ], [ 24.903944090446675, 60.207853744339481 ], [ 24.903958754736021, 60.207854294563923 ], [ 24.903973418703664, 60.207854846907068 ], [ 24.903988082348533, 60.207855401373187 ], [ 24.904002745668656, 60.207855957963325 ], [ 24.904017408663442, 60.207856516673452 ], [ 24.904174266015687, 60.207862675525107 ], [ 24.904331073680304, 60.207869140380325 ], [ 24.904487829248303, 60.207875911143006 ], [ 24.904644530310996, 60.207882987712111 ], [ 24.904801174462357, 60.207890369972617 ], [ 24.904957759295257, 60.207898057817118 ], [ 24.905114282404845, 60.207906051121611 ], [ 24.905354793869332, 60.207918936655879 ], [ 24.905595145008238, 60.207932543450156 ], [ 24.905835327093513, 60.207946871014457 ], [ 24.906075331403983, 60.207961918827372 ], [ 24.906315149224561, 60.207977686340975 ], [ 24.906554771847027, 60.207994172984925 ], [ 24.906794190570167, 60.208011378156662 ], [ 24.906874441961374, 60.208017309685374 ], [ 24.906954669129014, 60.208023321877022 ], [ 24.907034871745392, 60.208029414717231 ], [ 24.907115049483863, 60.208035588171974 ], [ 24.907195202016844, 60.208041842221107 ], [ 24.907275329018255, 60.208048176837032 ], [ 24.907355430160454, 60.208054591995101 ], [ 24.907432239290138, 60.208107038568819 ], [ 24.907594980286998, 60.208118243543758 ], [ 24.907757468323702, 60.208130323828485 ], [ 24.90791968439629, 60.208143278015328 ], [ 24.908081609534261, 60.208157104584195 ], [ 24.908243224799168, 60.208171801922362 ], [ 24.908404511289717, 60.208187368311862 ], [ 24.908565450143303, 60.208203801926572 ], [ 24.907539719290344, 60.208621839682721 ], [ 24.91056251515592, 60.212803659724756 ], [ 24.910792193914435, 60.2131213572044 ], [ 24.914637738450025, 60.218439641787022 ], [ 24.91368783510892, 60.219587170920668 ], [ 24.908007749781298, 60.22644709608339 ], [ 24.902509172991756, 60.232568658023453 ], [ 24.902000472005508, 60.232494475420658 ], [ 24.901780954980193, 60.23246247216975 ], [ 24.899444369496845, 60.235002824919377 ], [ 24.898948843602721, 60.235541509394608 ], [ 24.898509880979347, 60.235458085911908 ], [ 24.898066701799131, 60.235380371738025 ], [ 24.89761960626635, 60.235308419516898 ], [ 24.897168897231388, 60.235242277977029 ], [ 24.896714879987126, 60.235181991913876 ], [ 24.896257862059816, 60.235127602167296 ], [ 24.895798153004971, 60.235079145563745 ], [ 24.895597994722202, 60.235059981359385 ], [ 24.895397414231542, 60.235041942034535 ], [ 24.895196437091503, 60.235025029893769 ], [ 24.894995088911216, 60.235009247090311 ], [ 24.894793395347637, 60.234994595631697 ], [ 24.894591382100565, 60.234981077390195 ], [ 24.894389074911608, 60.234968694083577 ], [ 24.894312046594774, 60.234960500394138 ], [ 24.894234917105386, 60.234952545576022 ], [ 24.894157689438721, 60.234944829938001 ], [ 24.894080366593659, 60.234937353779202 ], [ 24.894002951572865, 60.234930117389119 ], [ 24.893925447382639, 60.234923121054045 ], [ 24.893847857032448, 60.234916365037861 ], [ 24.893727689406507, 60.234906390503482 ], [ 24.893607334046845, 60.234896992444661 ], [ 24.893486802134994, 60.234888171738831 ], [ 24.893366104869475, 60.234879929202648 ], [ 24.893245253463345, 60.234872265600551 ], [ 24.893124259143807, 60.23486518165118 ], [ 24.893003133152856, 60.234858678004954 ], [ 24.892880834781703, 60.234852706862 ], [ 24.892758425449799, 60.23484732738153 ], [ 24.892635916730562, 60.234842540073714 ], [ 24.892513320206181, 60.234838345391154 ], [ 24.892390647467881, 60.234834743727596 ], [ 24.892267910113002, 60.234831735426745 ], [ 24.892145119746527, 60.234829320771524 ], [ 24.891739751805151, 60.234829955611069 ], [ 24.891496268231492, 60.234830337500775 ], [ 24.890543821612621, 60.234831825359969 ], [ 24.890576058218802, 60.234787769467744 ], [ 24.890303583024458, 60.23470617607267 ], [ 24.884989334419267, 60.234775657968299 ], [ 24.884777433087695, 60.234778332943208 ], [ 24.882649427680548, 60.234805083950462 ], [ 24.881878548056033, 60.234814764335233 ], [ 24.870459552575959, 60.234967071527201 ], [ 24.869339535878915, 60.234978585802608 ], [ 24.866871031008635, 60.235003925931039 ], [ 24.866656280945755, 60.235049556553832 ], [ 24.866660231667158, 60.235006086562009 ], [ 24.86665679389608, 60.234901972498854 ], [ 24.866665966537994, 60.234812223603925 ], [ 24.866687727339656, 60.234749406257741 ], [ 24.866639224134254, 60.234610269932112 ], [ 24.866637515485532, 60.234551930153799 ], [ 24.866652102780904, 60.234462184002801 ], [ 24.866648618829256, 60.23438589350917 ], [ 24.866657759934743, 60.234314095302068 ], [ 24.866702993184042, 60.234246798587805 ], [ 24.866766251129036, 60.234192973123612 ], [ 24.866847620390811, 60.234101009735312 ], [ 24.866888351815774, 60.234026980507629 ], [ 24.867127732849333, 60.233880781026272 ], [ 24.867281252804418, 60.233814426282144 ], [ 24.867624482511911, 60.233623390954364 ], [ 24.868023346776788, 60.233154364956761 ], [ 24.868143469107672, 60.232997574333467 ], [ 24.86821576614312, 60.232932532560099 ], [ 24.868304286464515, 60.232878716178 ], [ 24.868574773214164, 60.232690120177658 ], [ 24.868656659971524, 60.232643437790934 ], [ 24.868842129762506, 60.232546537370027 ], [ 24.868886666706629, 60.232521701661824 ], [ 24.868937807116886, 60.232480646794642 ], [ 24.868981130292113, 60.232442895203278 ], [ 24.869076634943902, 60.232334637043067 ], [ 24.869108393781804, 60.232277606585114 ], [ 24.869133235520948, 60.232228540321067 ], [ 24.869139772562118, 60.232172825005769 ], [ 24.86913693927518, 60.232098527727324 ], [ 24.869143325981536, 60.232038864896772 ], [ 24.869163179037887, 60.231972610369361 ], [ 24.869274969554283, 60.231742478157251 ], [ 24.869440530253559, 60.231445772809693 ], [ 24.869467295346304, 60.231409255034308 ], [ 24.869511323597433, 60.231371138661075 ], [ 24.869557860842328, 60.231341974974463 ], [ 24.869668214872792, 60.231282407072626 ], [ 24.869736567356306, 60.231257345842856 ], [ 24.870015970662255, 60.231162789643406 ], [ 24.870363408461792, 60.230978184848958 ], [ 24.870528411229483, 60.230837312384544 ], [ 24.870706476453051, 60.23071714155742 ], [ 24.870756606406584, 60.23068758423755 ], [ 24.870836682036582, 60.230667079879233 ], [ 24.870953639853695, 60.230641586030849 ], [ 24.871025689978019, 60.230627462421282 ], [ 24.871105765557264, 60.230615623617574 ], [ 24.871169539157581, 60.230613478494568 ], [ 24.871322187804118, 60.230616550756032 ], [ 24.871417727041852, 60.230620532377415 ], [ 24.871576685746394, 60.230627552440524 ], [ 24.871664768690518, 60.230629525162058 ], [ 24.871766860005764, 60.230619862231769 ], [ 24.871849921498111, 60.230605856517947 ], [ 24.871931838560208, 60.230588197571024 ], [ 24.872012843078366, 60.230567114488608 ], [ 24.872094081970722, 60.230543749146719 ], [ 24.872178068160729, 60.230524380439405 ], [ 24.872307013862958, 60.230504683362909 ], [ 24.872388244141714, 60.230486225563418 ], [ 24.872476798953866, 60.230479068456624 ], [ 24.872543569949912, 60.230466653245927 ], [ 24.872605819122874, 60.230454971436522 ], [ 24.872686310105859, 60.230414872237368 ], [ 24.872890344934593, 60.230340451089432 ], [ 24.873309348497337, 60.230116219818257 ], [ 24.87342768154133, 60.230026509938519 ], [ 24.873574957567111, 60.229887445950695 ], [ 24.873618372327858, 60.229815659226645 ], [ 24.873604099571658, 60.229700770798665 ], [ 24.873510429684544, 60.22958226414174 ], [ 24.873420308132062, 60.229505943236262 ], [ 24.873156959710467, 60.229420583772459 ], [ 24.873103801530924, 60.229366713954533 ], [ 24.873018362844125, 60.229173715661908 ], [ 24.872960183759403, 60.22885058529392 ], [ 24.872937737553059, 60.228774287527429 ], [ 24.872887294205203, 60.228715930735987 ], [ 24.872793549442576, 60.228653069873936 ], [ 24.872631245788291, 60.228579414008486 ], [ 24.872335757321931, 60.228268314828824 ], [ 24.871946180016689, 60.227840280388797 ], [ 24.872473557948382, 60.227421421363637 ], [ 24.872382525363879, 60.227320085991707 ], [ 24.872452557058676, 60.227277337299263 ], [ 24.87266944908955, 60.227133865732611 ], [ 24.872742275396128, 60.227089744368925 ], [ 24.872959075106998, 60.226958397713048 ], [ 24.87314195560992, 60.226847600456772 ], [ 24.876230769027348, 60.224941508809756 ], [ 24.876657290157642, 60.224678281237921 ], [ 24.876754975572059, 60.224617222123371 ], [ 24.876851128517941, 60.224555564132508 ], [ 24.876945734164817, 60.224493316788042 ], [ 24.877038777922589, 60.224430489692416 ], [ 24.877130245441556, 60.224367092538579 ], [ 24.877220122615778, 60.22430313511228 ], [ 24.877308395585093, 60.224238627283391 ], [ 24.877422045106044, 60.224152950733021 ], [ 24.877532864963261, 60.224066361915661 ], [ 24.877640825588312, 60.223978883957962 ], [ 24.877745898178077, 60.223890540211812 ], [ 24.877848054700831, 60.223801354265142 ], [ 24.877947267903536, 60.223711349937616 ], [ 24.878043511320676, 60.223620551254449 ], [ 24.87806988499959, 60.223595026886755 ], [ 24.878096023981144, 60.223569442850753 ], [ 24.878121927720453, 60.223543799682673 ], [ 24.878147595677433, 60.223518097919026 ], [ 24.878173027317295, 60.223492338093216 ], [ 24.878198222109059, 60.223466520746136 ], [ 24.878223179528188, 60.223440646411696 ], [ 24.878456389920693, 60.223182646314008 ], [ 24.878666012761339, 60.222919685070011 ], [ 24.878851623520138, 60.222652295945977 ], [ 24.879220752885153, 60.222089952586707 ], [ 24.879325162419342, 60.221904106477915 ], [ 24.879643243607084, 60.221337920665867 ], [ 24.879861506028327, 60.220949376858776 ], [ 24.88032766713831, 60.220119505500207 ], [ 24.880839973106788, 60.219207450396468 ], [ 24.880912802493789, 60.219077788314344 ], [ 24.88119479788288, 60.218575706952684 ], [ 24.8812384949671, 60.218497914251863 ], [ 24.881273559833371, 60.218440518445639 ], [ 24.881833486191816, 60.217523635454619 ], [ 24.882313008503917, 60.216738385282326 ], [ 24.882500989578634, 60.216430542723757 ], [ 24.882581722523323, 60.216113959927938 ], [ 24.88278853488606, 60.216158603255764 ], [ 24.882870757265888, 60.21593783562102 ], [ 24.882897513434926, 60.215885959971246 ], [ 24.882917432781252, 60.215872049547642 ], [ 24.883557411278382, 60.21482392284819 ], [ 24.882413140204676, 60.214650942089605 ], [ 24.882104468313681, 60.214525171610035 ], [ 24.881526738860053, 60.213990678862054 ], [ 24.881127507151177, 60.214044920844415 ], [ 24.880977341068828, 60.213900409917187 ], [ 24.88074276923172, 60.213687795810756 ], [ 24.879382407797536, 60.21319176630444 ], [ 24.879207816014222, 60.213128103154901 ], [ 24.87923606079238, 60.213109066449938 ], [ 24.879328836330007, 60.213047256657937 ] ] ] } },
{ "type": "Feature", "properties": { "id": 111635, "aluejako": "KAUPUNGINOSA", "kunta": "091", "tunnus": "49", "nimi_fi": "LAAJASALO", "nimi_se": "DEGERÖ", "yhtluontipvm": "2009-12-30", "yhtmuokkauspvm": "2021-01-29", "yhtdatanomistaja": "Helsinki/Kami", "paivitetty_tietopalveluun": "2025-11-21" }, "geometry": { "type": "Polygon", "coordinates": [ [ [ 25.002748572547731, 60.174444934298918 ], [ 25.002045659067502, 60.174271571274964 ], [ 25.002157283323054, 60.173734606157709 ], [ 25.003233176091065, 60.168558132181964 ], [ 25.005195149307852, 60.158986387644575 ], [ 25.008969722612807, 60.158807879563682 ], [ 25.020425504519928, 60.158265441230597 ], [ 25.022225879469719, 60.158180101002145 ], [ 25.025670166132308, 60.157994894767818 ], [ 25.027044956530368, 60.157920944514586 ], [ 25.033057844404119, 60.157868631828869 ], [ 25.037357708009839, 60.157831054498281 ], [ 25.039519998086433, 60.157849124084578 ], [ 25.046482046685952, 60.157907068795808 ], [ 25.049054496136492, 60.157931894821054 ], [ 25.049205460372605, 60.157933349423416 ], [ 25.049511373905307, 60.157936298808039 ], [ 25.053216946668311, 60.157972840419113 ], [ 25.056945110663282, 60.158009500278695 ], [ 25.058547491999544, 60.158023077509789 ], [ 25.060185815276274, 60.158038743538611 ], [ 25.061667534931324, 60.157630894283805 ], [ 25.067294580807637, 60.156081786999437 ], [ 25.079256852145168, 60.152787332560756 ], [ 25.091791231524635, 60.152777155636834 ], [ 25.091813040414078, 60.156971275971863 ], [ 25.096128539612721, 60.158881872165622 ], [ 25.096667537367793, 60.159323641237052 ], [ 25.097801734756164, 60.160277112708002 ], [ 25.106193607771559, 60.167634404277209 ], [ 25.101226278915941, 60.169821442458272 ], [ 25.095231777383525, 60.172460092827954 ], [ 25.08802767265637, 60.172476820376723 ], [ 25.086082098713518, 60.172481273262974 ], [ 25.085454949610316, 60.172650665922106 ], [ 25.082221565459282, 60.173558121703067 ], [ 25.082077004973232, 60.173598689614167 ], [ 25.077354791354583, 60.174923734024283 ], [ 25.071447509200048, 60.178311600695061 ], [ 25.071384910369215, 60.178332364069654 ], [ 25.067960385208313, 60.179750722510441 ], [ 25.067586290519955, 60.179905649222903 ], [ 25.067292705790084, 60.180035163194766 ], [ 25.067184956609918, 60.180101286860193 ], [ 25.06612154075226, 60.18062510323675 ], [ 25.065872389705682, 60.180946613050118 ], [ 25.065626764919788, 60.181293032824669 ], [ 25.065136127958489, 60.182283039778568 ], [ 25.063710060393731, 60.184387565534507 ], [ 25.062132314097408, 60.186715601086867 ], [ 25.060713426209126, 60.18680775913618 ], [ 25.058815952175742, 60.18735855612298 ], [ 25.058626983777007, 60.187415619342545 ], [ 25.055985827229676, 60.18869889211377 ], [ 25.055647871899446, 60.188713988808992 ], [ 25.044971203871512, 60.186101664418267 ], [ 25.044100214816972, 60.185888498183445 ], [ 25.040602661707506, 60.185032419754918 ], [ 25.022010494416914, 60.183077238437583 ], [ 25.021411042537611, 60.17904570200092 ], [ 25.019602239380081, 60.178599957827288 ], [ 25.002748572547731, 60.174444934298918 ] ] ] } },
{ "type": "Feature", "properties": { "id": 111636, "aluejako": "KAUPUNGINOSA", "kunta": "091", "tunnus": "44", "nimi_fi": "TAMMISALO", "nimi_se": "TAMMELUND", "yhtluontipvm": "2009-12-30", "yhtmuokkauspvm": "2020-12-02", "yhtdatanomistaja": "Helsinki/Kami", "paivitetty_tietopalveluun": "2025-11-21" }, "geometry": { "type": "Polygon", "coordinates": [ [ [ 25.048222403376034, 60.189850725105096 ], [ 25.048742386828675, 60.189021065882386 ], [ 25.055647871899446, 60.188713988808992 ], [ 25.055985827229676, 60.18869889211377 ], [ 25.058626983777007, 60.187415619342545 ], [ 25.058815952175742, 60.18735855612298 ], [ 25.060713426209126, 60.18680775913618 ], [ 25.062132314097408, 60.186715601086867 ], [ 25.065785793105434, 60.186577919603252 ], [ 25.067643551747825, 60.186898984341838 ], [ 25.068450933591897, 60.186897570154024 ], [ 25.073503916201393, 60.191415920653775 ], [ 25.075148230793129, 60.193985878159829 ], [ 25.06924339497608, 60.19594274266754 ], [ 25.066632836675065, 60.196807723062811 ], [ 25.065787805188144, 60.196365433962193 ], [ 25.065626283142365, 60.196280890272682 ], [ 25.064776478384385, 60.195836077667408 ], [ 25.064178741692999, 60.195531358084601 ], [ 25.064115328751985, 60.195463730398274 ], [ 25.063960738572263, 60.195298854990583 ], [ 25.063793260066674, 60.195120227873197 ], [ 25.063587182419681, 60.194900432145978 ], [ 25.062412054612668, 60.193701691880946 ], [ 25.060871155137168, 60.19315314537748 ], [ 25.059022490848641, 60.19294091916592 ], [ 25.058846093263824, 60.192920647609945 ], [ 25.051663149655052, 60.192095892197507 ], [ 25.051560793525816, 60.19208408179923 ], [ 25.048751256191917, 60.191759874628673 ], [ 25.048093215663659, 60.191265074338553 ], [ 25.047712396453164, 60.190672170574771 ], [ 25.048109391349556, 60.190031767018041 ], [ 25.048222403376034, 60.189850725105096 ] ] ] } },
{ "type": "Feature", "properties": { "id": 111637, "aluejako": "KAUPUNGINOSA", "kunta": "091", "tunnus": "40", "nimi_fi": "SUUTARILA", "nimi_se": "SKOMAKARBÖLE", "yhtluontipvm": "2009-12-30", "yhtmuokkauspvm": "2020-12-04", "yhtdatanomistaja": "Helsinki/Kami", "paivitetty_tietopalveluun": "2025-11-21" }, "geometry": { "type": "Polygon", "coordinates": [ [ [ 25.017227764910594, 60.272650640265262 ], [ 25.01722235697871, 60.272646596044886 ], [ 25.017217511608589, 60.272642379558761 ], [ 25.017213250950039, 60.27263801008624 ], [ 25.017209594480743, 60.272633507596488 ], [ 25.017206558914697, 60.272628892674831 ], [ 25.017204158128852, 60.27262418641773 ], [ 25.017202403097908, 60.272619410338734 ], [ 25.017201301844462, 60.27261458627131 ], [ 25.017200859402202, 60.272609736268741 ], [ 25.017201077793793, 60.272604882502129 ], [ 25.01720195602012, 60.272600047159045 ], [ 25.017256559614367, 60.272390015392133 ], [ 25.017461811975206, 60.27156256737473 ], [ 25.018365714401497, 60.271621222022567 ], [ 25.019083080575097, 60.271666159854313 ], [ 25.019067003514873, 60.271736514153993 ], [ 25.01953482158455, 60.271766115828044 ], [ 25.019550348070343, 60.271695306505286 ], [ 25.020237652503393, 60.27173880198702 ], [ 25.021259862666714, 60.271805871800311 ], [ 25.020864744556224, 60.273486470276076 ], [ 25.020937504675409, 60.273490944681505 ], [ 25.020881994842647, 60.273713626957417 ], [ 25.021222721073183, 60.273734621826058 ], [ 25.02156344774005, 60.27375561582064 ], [ 25.021904173036198, 60.273776608941546 ], [ 25.022244900575867, 60.273797601188058 ], [ 25.022585628551806, 60.273818592560531 ], [ 25.022926356964064, 60.273839583058972 ], [ 25.02326708581262, 60.273860572683361 ], [ 25.023607813290415, 60.273881561433988 ], [ 25.023948543009531, 60.27390254661767 ], [ 25.024004032325532, 60.273679865760698 ], [ 25.024202908418665, 60.273692115959406 ], [ 25.024273247424855, 60.273647037259359 ], [ 25.024630328019644, 60.273784490139661 ], [ 25.024851717996537, 60.27364260779423 ], [ 25.025073106057114, 60.273500725974429 ], [ 25.025294492200025, 60.273358842885173 ], [ 25.025513636820513, 60.273218395901928 ], [ 25.025560282699299, 60.273036489951366 ], [ 25.025606928060419, 60.272854583979424 ], [ 25.025192438719493, 60.272695033059705 ], [ 25.025219126240533, 60.272570375455132 ], [ 25.025673484320404, 60.27259889897767 ], [ 25.026031935346957, 60.272621399399554 ], [ 25.026390386866122, 60.272643899751579 ], [ 25.026748838877239, 60.272666399136241 ], [ 25.027107291379547, 60.272688896655964 ], [ 25.027465744374496, 60.272711394105897 ], [ 25.02756007514288, 60.27271731442093 ], [ 25.027918528759219, 60.272739810648844 ], [ 25.028276982866572, 60.272762305011874 ], [ 25.028635437466519, 60.27278479930505 ], [ 25.028956579289712, 60.272804951036662 ], [ 25.029016433006298, 60.272582540839146 ], [ 25.029159855405368, 60.272591540378656 ], [ 25.029239057486794, 60.272297227393629 ], [ 25.029416528184111, 60.27155787031402 ], [ 25.029415680165837, 60.271430414951141 ], [ 25.029500632467187, 60.27043382532311 ], [ 25.029631507238619, 60.270266510921019 ], [ 25.029671339827093, 60.269719735569097 ], [ 25.029796947325462, 60.269713133939341 ], [ 25.029828443219536, 60.269362636790923 ], [ 25.032188184336242, 60.269246466049772 ], [ 25.033067539759841, 60.269145708688875 ], [ 25.034002109437875, 60.271166342891895 ], [ 25.034258224880922, 60.271719940058325 ], [ 25.034699580572212, 60.272674145794049 ], [ 25.035568986588945, 60.274553467989826 ], [ 25.035624414366488, 60.274673267064024 ], [ 25.035729546598716, 60.274661354638702 ], [ 25.035888304323421, 60.275006995381077 ], [ 25.035835448584702, 60.275012983606977 ], [ 25.03603440066945, 60.275446124234605 ], [ 25.036705656882141, 60.276907647948008 ], [ 25.036656339986262, 60.276913252275413 ], [ 25.036757384120701, 60.277130360038562 ], [ 25.03676334828825, 60.277128961832616 ], [ 25.036852262767578, 60.277334217408416 ], [ 25.036936600533991, 60.277515423099253 ], [ 25.037402989259782, 60.278511556309759 ], [ 25.037554693615078, 60.278835579863006 ], [ 25.037560488646623, 60.278889776416428 ], [ 25.038208189612444, 60.280287450944861 ], [ 25.038468475812341, 60.280856014220937 ], [ 25.038665155444459, 60.281285850085382 ], [ 25.038722691596782, 60.281411606726145 ], [ 25.038953559311228, 60.281912520022402 ], [ 25.039725083364523, 60.283586977579269 ], [ 25.039932208136072, 60.284052631324251 ], [ 25.040465203661029, 60.285194308292063 ], [ 25.040342099405489, 60.285311607790042 ], [ 25.040233544491436, 60.285427412870064 ], [ 25.040022699538302, 60.285654425526339 ], [ 25.039810804006631, 60.285882120275787 ], [ 25.039331216888598, 60.286397919927637 ], [ 25.039323056332289, 60.286406691192234 ], [ 25.03929774332418, 60.28643322063553 ], [ 25.039256110375845, 60.286478360653206 ], [ 25.038934415452793, 60.28682579865557 ], [ 25.03855366213266, 60.287242676795984 ], [ 25.038508873470505, 60.287291718145653 ], [ 25.038016413183065, 60.287830891879601 ], [ 25.038001080489387, 60.287847696192124 ], [ 25.037882169320881, 60.287977146483044 ], [ 25.037854960976887, 60.28789876415405 ], [ 25.037811688739236, 60.287827037072198 ], [ 25.037726372744316, 60.287729437215056 ], [ 25.037594863005378, 60.28762819744081 ], [ 25.037551701129239, 60.287604613637093 ], [ 25.037466444848178, 60.287558029079548 ], [ 25.037338095811126, 60.287500434940206 ], [ 25.037182906992644, 60.28744803590115 ], [ 25.036994947144002, 60.287399361574145 ], [ 25.036781755987995, 60.287371444813473 ], [ 25.036693799999437, 60.287366335271841 ], [ 25.036337723829831, 60.287391061291402 ], [ 25.036191165763871, 60.287392591186169 ], [ 25.03604154653743, 60.28738872760681 ], [ 25.035739035816203, 60.28736422602595 ], [ 25.035652119407242, 60.287350723629132 ], [ 25.03548790686882, 60.287309337698467 ], [ 25.035389647060864, 60.287271084338499 ], [ 25.035260715064037, 60.287204907979053 ], [ 25.035189728793195, 60.287143482034132 ], [ 25.035112178095176, 60.287046111790673 ], [ 25.034897527389766, 60.286832368198802 ], [ 25.034744185634342, 60.286691038747598 ], [ 25.034556960046711, 60.286508305989841 ], [ 25.034503654833916, 60.286445250547089 ], [ 25.034479382610073, 60.286399491892602 ], [ 25.034441996698856, 60.286277841660429 ], [ 25.03443217429793, 60.286117096927562 ], [ 25.034454802106207, 60.285974689253969 ], [ 25.034509874915678, 60.285846041232169 ], [ 25.034555645892453, 60.285708204916197 ], [ 25.034564407708743, 60.285565809795656 ], [ 25.034536168111494, 60.285425748892088 ], [ 25.03448971704648, 60.28536377766109 ], [ 25.034424757717407, 60.285304117857272 ], [ 25.034294950559119, 60.285221551904336 ], [ 25.034188388375348, 60.28517112033007 ], [ 25.034003116303012, 60.285100092612907 ], [ 25.033813262979528, 60.285038238541233 ], [ 25.033554036228605, 60.284981041956009 ], [ 25.033308841525198, 60.284962874851047 ], [ 25.033123802575155, 60.284958442443276 ], [ 25.03283703657673, 60.28496327949815 ], [ 25.032578140781506, 60.285000249589615 ], [ 25.032457979737064, 60.285032500260769 ], [ 25.032240863156982, 60.285110763730508 ], [ 25.032139266322005, 60.285161373034029 ], [ 25.03191752489667, 60.285244232436575 ], [ 25.031672513408385, 60.285285774819123 ], [ 25.031483145944907, 60.285368607823393 ], [ 25.031362980279329, 60.285398568806343 ], [ 25.031233550153246, 60.285419332194806 ], [ 25.031057836020821, 60.285433267119174 ], [ 25.030364054750549, 60.285452203764322 ], [ 25.030229973745122, 60.28546839881934 ], [ 25.02984161942048, 60.285523837168704 ], [ 25.02962436971152, 60.285565351583585 ], [ 25.029148317652535, 60.28567826717989 ], [ 25.029032782590345, 60.285715109078311 ], [ 25.028884981535352, 60.285774934613904 ], [ 25.028792635054941, 60.285827837012995 ], [ 25.028686376750834, 60.28586926296726 ], [ 25.02858933965301, 60.28589229650192 ], [ 25.02837682184348, 60.285975147999366 ], [ 25.028058077292105, 60.286097117952096 ], [ 25.027651612509018, 60.286276574142036 ], [ 25.027536073660208, 60.286313423711235 ], [ 25.027401989637621, 60.286331895631513 ], [ 25.027323542779079, 60.286387073858513 ], [ 25.02728714217556, 60.286439739307511 ], [ 25.027214132783783, 60.286534263979853 ], [ 25.027186369581919, 60.286582816952532 ], [ 25.027139685586171, 60.286726718182244 ], [ 25.027112000014956, 60.28680386636303 ], [ 25.027084235720675, 60.286851557685694 ], [ 25.026961013858234, 60.28706744719031 ], [ 25.026910788009989, 60.287193156156718 ], [ 25.02685525880144, 60.287289400332902 ], [ 25.026710725839813, 60.287402176918746 ], [ 25.026578293545459, 60.287479417797186 ], [ 25.026416165645919, 60.287543677221407 ], [ 25.02614063057424, 60.287628826328337 ], [ 25.025976652476892, 60.287664481366342 ], [ 25.025767296730095, 60.287699310308135 ], [ 25.024741342003114, 60.287855244326067 ], [ 25.024413374329484, 60.287918760203546 ], [ 25.02423099652912, 60.287964585454503 ], [ 25.02410294067375, 60.288005679616205 ], [ 25.023858818749481, 60.288094273764486 ], [ 25.02365138197726, 60.288189753951521 ], [ 25.023457988557702, 60.288306897654614 ], [ 25.023271689640882, 60.288462175784773 ], [ 25.023033015160859, 60.288618351291255 ], [ 25.022761162374824, 60.288772826749778 ], [ 25.022527586040304, 60.288883065001478 ], [ 25.02197139137348, 60.289107082303246 ], [ 25.021686543536322, 60.289199224405984 ], [ 25.021408202318671, 60.289263254283938 ], [ 25.021223486318338, 60.289289994336201 ], [ 25.020904876109206, 60.289318164381513 ], [ 25.02057541331957, 60.289310425264397 ], [ 25.019726102983402, 60.289216654719482 ], [ 25.019511694017655, 60.289172940879403 ], [ 25.019238251921855, 60.289089367075881 ], [ 25.019045196125177, 60.289015052672163 ], [ 25.018787805374831, 60.288922177251997 ], [ 25.0186484341992, 60.288890379529192 ], [ 25.018495708173223, 60.288867872930865 ], [ 25.018340352522582, 60.288862679828433 ], [ 25.018115401682511, 60.288873472042596 ], [ 25.017890515835425, 60.288904224882103 ], [ 25.017542439844611, 60.288936384828894 ], [ 25.017218439551236, 60.288959215434069 ], [ 25.016535533626307, 60.288982314777485 ], [ 25.016254289410558, 60.288969218648262 ], [ 25.01580949364298, 60.288900413991762 ], [ 25.015528101802595, 60.288840779534468 ], [ 25.015120697409209, 60.288734693872691 ], [ 25.014748095045412, 60.288623262812621 ], [ 25.014557725482764, 60.288543619247754 ], [ 25.014036155752017, 60.288215252025033 ], [ 25.013930396272219, 60.288131398162513 ], [ 25.013755728470738, 60.287976960807789 ], [ 25.01359657684181, 60.287873896123472 ], [ 25.012515997913471, 60.287462584528207 ], [ 25.01244002267806, 60.287434705472954 ], [ 25.012327690033658, 60.287400672711236 ], [ 25.012208562560367, 60.287372878297347 ], [ 25.012084754880789, 60.287350047531326 ], [ 25.011942600133541, 60.287332890676161 ], [ 25.011881548927494, 60.287329234235628 ], [ 25.011804681035642, 60.287330210416854 ], [ 25.011724272911639, 60.287339812108662 ], [ 25.011651640560402, 60.287355641913429 ], [ 25.011591447460606, 60.287375841554507 ], [ 25.011534999301023, 60.287404082692632 ], [ 25.011073513089496, 60.287658050524072 ], [ 25.011005458933468, 60.287689945340851 ], [ 25.010929575612248, 60.287718528889236 ], [ 25.010838704953521, 60.287746395595278 ], [ 25.010707844990982, 60.287774983489804 ], [ 25.010554384041246, 60.287795010637353 ], [ 25.010446891883955, 60.287801221048895 ], [ 25.009528553421468, 60.287828835203214 ], [ 25.008966361436578, 60.287801266373783 ], [ 25.008841345738166, 60.287788036216007 ], [ 25.008763695210728, 60.287773698866005 ], [ 25.00865612109542, 60.287744437536148 ], [ 25.008564327554197, 60.287707456363954 ], [ 25.00849035857965, 60.287667117236417 ], [ 25.008437866805551, 60.287626758754811 ], [ 25.008287955643038, 60.287460644766341 ], [ 25.008159436310841, 60.28723759910099 ], [ 25.008075623075964, 60.287077898112358 ], [ 25.008025365706555, 60.287031463962172 ], [ 25.007949880468779, 60.286961720709996 ], [ 25.007284663162384, 60.286620761062927 ], [ 25.007154365883693, 60.286570605305613 ], [ 25.006900100212498, 60.286472698453046 ], [ 25.006777784150422, 60.286425294629005 ], [ 25.006053937603109, 60.286172094752317 ], [ 25.005798234896623, 60.286089874640652 ], [ 25.005718908745759, 60.286076801095426 ], [ 25.005626406210748, 60.286075404900878 ], [ 25.005472263497555, 60.286097364873704 ], [ 25.005288857750589, 60.28614779542395 ], [ 25.00490297591876, 60.286269784277657 ], [ 25.004795871228694, 60.286302655661387 ], [ 25.00464473004369, 60.286340662365269 ], [ 25.004289531861392, 60.286405036037678 ], [ 25.003960343130824, 60.286445345262635 ], [ 25.003606512687764, 60.286476257225196 ], [ 25.002817354443547, 60.286525559561269 ], [ 25.001649106188694, 60.2866183117833 ], [ 25.001480603841109, 60.286625377312589 ], [ 25.001300820570862, 60.286624086754053 ], [ 25.001050822940364, 60.286610302937177 ], [ 25.000809177019462, 60.28657977072794 ], [ 25.000660215926096, 60.286547783655664 ], [ 25.000525301286594, 60.286503239945375 ], [ 25.000334978607786, 60.286420946222975 ], [ 25.000146753792954, 60.286317910353112 ], [ 24.999990509321485, 60.286142389860096 ], [ 24.999935770967941, 60.286007347780362 ], [ 24.999918145832265, 60.285872278777489 ], [ 24.999823223839595, 60.285485515891338 ], [ 24.999788011150738, 60.285247302904772 ], [ 24.999702854488241, 60.284802810898618 ], [ 24.999611026219483, 60.284669016133748 ], [ 24.999447399041038, 60.284500881593637 ], [ 24.998879972275198, 60.284060362179027 ], [ 24.998748579951517, 60.283941330804147 ], [ 24.997883463839901, 60.283163826926916 ], [ 24.99772015991385, 60.283001739567979 ], [ 24.997548817587177, 60.282790844258869 ], [ 24.996490340851548, 60.281982721742068 ], [ 24.995850161276941, 60.281496126107555 ], [ 24.995642800797857, 60.281397884959006 ], [ 24.995415881296864, 60.281323373469696 ], [ 24.995328020974529, 60.281313587346766 ], [ 24.995167320643095, 60.281294078300768 ], [ 24.994899689482018, 60.281277930730944 ], [ 24.99461314814284, 60.281287397324675 ], [ 24.99417764760101, 60.281322382571254 ], [ 24.994001960722333, 60.281320184785947 ], [ 24.993788391624577, 60.281294838635944 ], [ 24.993685260937006, 60.281282599561003 ], [ 24.993393601791215, 60.281213565423684 ], [ 24.993167303307814, 60.281138646234588 ], [ 24.992461439411684, 60.280788760342105 ], [ 24.991531269270006, 60.280371820146478 ], [ 24.991106642564631, 60.280198614218016 ], [ 24.990615294773761, 60.280011337954363 ], [ 24.990243693237474, 60.279883377422877 ], [ 24.989951639739871, 60.279808986413023 ], [ 24.989913054796087, 60.279799173498517 ], [ 24.989743043088165, 60.279766436578974 ], [ 24.989569919515301, 60.279744649049761 ], [ 24.989248879015697, 60.279722939160138 ], [ 24.988811405606885, 60.279704404967667 ], [ 24.988298414816722, 60.279699971858783 ], [ 24.987492800687566, 60.279712876727366 ], [ 24.987023996500511, 60.27976469996058 ], [ 24.986649563451479, 60.279796139199902 ], [ 24.986139791557445, 60.279827635135796 ], [ 24.985947842970347, 60.279833978451762 ], [ 24.985651667587977, 60.279826461404319 ], [ 24.985453529118267, 60.279798998809767 ], [ 24.985303457440036, 60.27977836964525 ], [ 24.984906630434203, 60.27968880562392 ], [ 24.984548902594529, 60.279669081692973 ], [ 24.983904761497399, 60.279715990855472 ], [ 24.983569866839467, 60.279649245513504 ], [ 24.983429434074161, 60.279431990172313 ], [ 24.983249949213334, 60.27938518845621 ], [ 24.983095661258048, 60.279335257329613 ], [ 24.982815360556263, 60.279222859718466 ], [ 24.982610633986241, 60.279132317282652 ], [ 24.982431056426904, 60.279027695628308 ], [ 24.982289220865923, 60.278916814013776 ], [ 24.982223020490053, 60.278844957974613 ], [ 24.982125135489344, 60.278677780058985 ], [ 24.982071231349618, 60.27846370314051 ], [ 24.982105552562093, 60.278298032874801 ], [ 24.982108570474548, 60.278232396978446 ], [ 24.98209589666844, 60.278174576446055 ], [ 24.982039058261517, 60.278073022329735 ], [ 24.981941343421681, 60.277996485749661 ], [ 24.981802736892288, 60.277907467846752 ], [ 24.981459425727909, 60.277743540528931 ], [ 24.981081473419433, 60.277578054665483 ], [ 24.980886213037685, 60.277489063621537 ], [ 24.980835807534095, 60.277459393019569 ], [ 24.980804274579349, 60.277421898671825 ], [ 24.9807441044467, 60.277217199448138 ], [ 24.980744008247381, 60.27716562740369 ], [ 24.98076583547045, 60.277049965970271 ], [ 24.980804245120307, 60.276546735822834 ], [ 24.980709181047729, 60.276185780620906 ], [ 24.980734246599777, 60.27612481508708 ], [ 24.980775009492081, 60.276045093456098 ], [ 24.980774940222886, 60.276009147393403 ], [ 24.980740207550323, 60.275945094663648 ], [ 24.980623571548772, 60.275823247058518 ], [ 24.980563640394827, 60.275740441212882 ], [ 24.980438543085917, 60.2755969437925 ], [ 24.980358056506429, 60.275528944059076 ], [ 24.980264772835557, 60.275465492850167 ], [ 24.980158728811567, 60.27540566568895 ], [ 24.979994230421124, 60.275334969545384 ], [ 24.979729197005195, 60.275241658101358 ], [ 24.979570177138079, 60.275169149256968 ], [ 24.979401961511002, 60.275064911126684 ], [ 24.979319651468408, 60.27499962999007 ], [ 24.979250539893957, 60.274924729347113 ], [ 24.979126236381465, 60.274825613633816 ], [ 24.979000199114044, 60.274754186316279 ], [ 24.978568060977413, 60.274535461139457 ], [ 24.978341838202887, 60.274439702915068 ], [ 24.977970559323076, 60.274265853199175 ], [ 24.977771581222509, 60.274157928012364 ], [ 24.977590682344182, 60.274039621158238 ], [ 24.977498289004888, 60.273956745598817 ], [ 24.977460852259938, 60.273895662356047 ], [ 24.977368155548273, 60.273651312079586 ], [ 24.977244219820573, 60.273378610596211 ], [ 24.977196131031697, 60.273250975409375 ], [ 24.977158382881886, 60.273016417458877 ], [ 24.977164032705186, 60.272791874414793 ], [ 24.977197328884536, 60.27241245835252 ], [ 24.977203600404682, 60.271969034763401 ], [ 24.977119031628334, 60.271688272843235 ], [ 24.977070357919146, 60.271577033555467 ], [ 24.976952329267313, 60.271447158484115 ], [ 24.976813142568066, 60.271317037280475 ], [ 24.976372774342746, 60.270942716561621 ], [ 24.976243906715265, 60.270816438015061 ], [ 24.976135116280773, 60.270687981951333 ], [ 24.976036953388988, 60.270556538938187 ], [ 24.975867522126343, 60.270310217007108 ], [ 24.975866154836396, 60.270302156937504 ], [ 24.975794497742978, 60.2701994843938 ], [ 24.975748382865213, 60.270155488026376 ], [ 24.97563685482676, 60.270069340616601 ], [ 24.975566368454782, 60.269997561151719 ], [ 24.975527035060889, 60.269922421653625 ], [ 24.975511795593626, 60.269860166146401 ], [ 24.975508741037213, 60.26981311704683 ], [ 24.975513551976377, 60.269710054532467 ], [ 24.9755251325745, 60.26963915177425 ], [ 24.975549078605571, 60.269583437503755 ], [ 24.975598701310435, 60.269501205927369 ], [ 24.975655107957493, 60.269431729480807 ], [ 24.975760597216979, 60.269324915738679 ], [ 24.975916670143221, 60.269202305582837 ], [ 24.976085712464098, 60.269082865859374 ], [ 24.976257022118048, 60.268974474923048 ], [ 24.976404546819829, 60.268900060041602 ], [ 24.976620381557254, 60.268806126775409 ], [ 24.976805464822256, 60.268735918494961 ], [ 24.976955536797501, 60.26868431866712 ], [ 24.977129457301245, 60.26863347670345 ], [ 24.977221838629351, 60.268606710270198 ], [ 24.977338265635808, 60.268557294209295 ], [ 24.977577497164482, 60.268404673857319 ], [ 24.977817026055558, 60.268236525843626 ], [ 24.977863632297506, 60.268195139513608 ], [ 24.977958492261738, 60.268106883165885 ], [ 24.978007145610924, 60.268056791078592 ], [ 24.978060292642741, 60.267987133550434 ], [ 24.978080144706489, 60.267939208698898 ], [ 24.978104452540865, 60.267847404311325 ], [ 24.978100800619387, 60.267796774012083 ], [ 24.978078862975568, 60.267748519151652 ], [ 24.977994181833694, 60.267667081177748 ], [ 24.977869111484605, 60.267599458395907 ], [ 24.977574141256223, 60.267447160809354 ], [ 24.977377818954448, 60.267322657974439 ], [ 24.97717722223879, 60.267241459964538 ], [ 24.976593161108809, 60.267049304717112 ], [ 24.976364900602384, 60.266952716923186 ], [ 24.976192732760207, 60.266864719194729 ], [ 24.976050396562623, 60.266773396785432 ], [ 24.975913723898397, 60.266671394634187 ], [ 24.975797670613321, 60.266563382643781 ], [ 24.975695769922098, 60.266447735154138 ], [ 24.975615363455315, 60.266339747469324 ], [ 24.975553941922303, 60.266236439364924 ], [ 24.97551157475154, 60.266117149721971 ], [ 24.975510909963926, 60.266015504238929 ], [ 24.975537891924983, 60.265809965683168 ], [ 24.975573230325885, 60.265711943871068 ], [ 24.975635733039844, 60.26559901007149 ], [ 24.97571815868227, 60.265490854748634 ], [ 24.975783405649779, 60.265379088167684 ], [ 24.975814429665775, 60.26527485458471 ], [ 24.97580262938245, 60.26515681814783 ], [ 24.975957687686613, 60.265131631971485 ], [ 24.977217110153124, 60.264926162334902 ], [ 24.97822477516404, 60.264805263418729 ], [ 24.979250996734748, 60.264721889115471 ], [ 24.979548171012716, 60.264701743883492 ], [ 24.979845838577507, 60.264683485151252 ], [ 24.980143950927417, 60.264667115898568 ], [ 24.980442459490341, 60.264652638788981 ], [ 24.980741315628862, 60.264640056180305 ], [ 24.981040470649496, 60.264629370126862 ], [ 24.981339875810292, 60.264620582366604 ], [ 24.98313905092197, 60.264573484486171 ], [ 24.9831661099239, 60.264572775279014 ], [ 24.983542619547745, 60.264577783120814 ], [ 24.983608585611638, 60.264578661883547 ], [ 24.98369374461284, 60.264574213012409 ], [ 24.983778952202329, 60.264570000074933 ], [ 24.983864205732417, 60.26456602320517 ], [ 24.983949502554385, 60.264562282526526 ], [ 24.984034840017777, 60.264558778150757 ], [ 24.984120215470416, 60.264555510194853 ], [ 24.98420562625973, 60.26455247875321 ], [ 24.98433847523987, 60.264548235647766 ], [ 24.984471393244466, 60.264544564796253 ], [ 24.984604370289155, 60.26454146647955 ], [ 24.984737396385466, 60.264538940925917 ], [ 24.984870461540861, 60.264536988323911 ], [ 24.985003555759505, 60.264535608826797 ], [ 24.985136669044678, 60.264534802532232 ], [ 24.98525997363874, 60.264534843984386 ], [ 24.985383258869554, 60.264535930512302 ], [ 24.985506488857808, 60.264538061801595 ], [ 24.985629627740792, 60.264541237227853 ], [ 24.985752639681429, 60.264545455870604 ], [ 24.98587548888008, 60.264550716504935 ], [ 24.985998139585003, 60.264557017592011 ], [ 24.986044473684121, 60.264559672158356 ], [ 24.986090772357553, 60.264562475156403 ], [ 24.986137033679871, 60.264565426468046 ], [ 24.986183255725695, 60.264568525973125 ], [ 24.98622943657222, 60.264571773539679 ], [ 24.986275574298162, 60.264575169036895 ], [ 24.986321666984001, 60.264578712317807 ], [ 24.986420406937711, 60.264586267272058 ], [ 24.986519264008844, 60.264593434305695 ], [ 24.986618232021236, 60.264600212973761 ], [ 24.986717304792847, 60.26460660285359 ], [ 24.986816476134941, 60.264612603542794 ], [ 24.986915739852208, 60.264618214669895 ], [ 24.987015089744212, 60.264623435882072 ], [ 24.987150069110267, 60.264629899176889 ], [ 24.987285180280306, 60.264635642802361 ], [ 24.987420407705361, 60.264640666104427 ], [ 24.987555735824749, 60.264644968498999 ], [ 24.987691149066023, 60.26464854949068 ], [ 24.98782663184566, 60.264651408675 ], [ 24.987962168573727, 60.264653545713941 ], [ 24.987988503188262, 60.264653877421331 ], [ 24.98801483914033, 60.264654181792679 ], [ 24.988041176315154, 60.264654458833711 ], [ 24.988067514597713, 60.264654708539432 ], [ 24.988093853873004, 60.264654930908165 ], [ 24.988120194026088, 60.264655125941317 ], [ 24.988146534941954, 60.264655293633531 ], [ 24.988529297143959, 60.264654654783548 ], [ 24.988911845007095, 60.264648260009515 ], [ 24.989293827866064, 60.264636115179691 ], [ 24.989674895576236, 60.264618231420229 ], [ 24.99005469883209, 60.264594625125746 ], [ 24.990432889489437, 60.264565317934213 ], [ 24.990809120885238, 60.264530336706549 ], [ 24.990824172571511, 60.264528913448643 ], [ 24.990839289264628, 60.26452767183951 ], [ 24.990854462084208, 60.264526612611419 ], [ 24.99086968211677, 60.264525736382197 ], [ 24.990884940422095, 60.264525043665358 ], [ 24.99090022803713, 60.264524534872344 ], [ 24.990915535980957, 60.26452421030146 ], [ 24.991402164492854, 60.264496202033399 ], [ 24.99188231017002, 60.264468560471364 ], [ 24.993181479655632, 60.266346798456979 ], [ 24.993208660408307, 60.266383582452669 ], [ 24.993353801465606, 60.266599749288794 ], [ 24.993286945522534, 60.266688473114939 ], [ 24.993310181462707, 60.266722468260745 ], [ 24.993526309932459, 60.266762659622742 ], [ 24.993612164354165, 60.266748176737451 ], [ 24.993729202976475, 60.266917256442895 ], [ 24.99386048191915, 60.267122079958369 ], [ 24.993784970032955, 60.26727924392442 ], [ 24.993895664183498, 60.267585549309388 ], [ 24.99400883082086, 60.267898444368171 ], [ 24.994067604413384, 60.268066631652161 ], [ 24.994021955966343, 60.268130871245759 ], [ 24.993820752914676, 60.268414247400536 ], [ 24.993696465840809, 60.268589287812986 ], [ 24.993561433100776, 60.268779465331306 ], [ 24.993496815053724, 60.268870470864542 ], [ 24.993425702979057, 60.268970620980483 ], [ 24.993205834208776, 60.269280266852313 ], [ 24.993137051845963, 60.26937713286339 ], [ 24.99300408206107, 60.269564394720867 ], [ 24.992900659217739, 60.269713035501177 ], [ 24.992879740341142, 60.269742894315044 ], [ 24.992744164346952, 60.269936413342968 ], [ 24.992599586600555, 60.270138626998076 ], [ 24.99245821573577, 60.270342349420005 ], [ 24.992314958555301, 60.270545960282391 ], [ 24.992172462188421, 60.270749227274841 ], [ 24.992012301503426, 60.270974741022656 ], [ 24.991974218611272, 60.270969089672846 ], [ 24.992033845562407, 60.27112238152386 ], [ 24.992266480870633, 60.271720461701399 ], [ 24.992873438793733, 60.272240765033096 ], [ 24.992964573883818, 60.272300545116401 ], [ 24.993056711599891, 60.272359944879341 ], [ 24.993149845513621, 60.272418960173908 ], [ 24.99324396912689, 60.272477586877208 ], [ 24.993339075872285, 60.272535820898433 ], [ 24.993435159113776, 60.272593658168212 ], [ 24.993532212146807, 60.272651094649618 ], [ 24.993564927035251, 60.272669184489907 ], [ 24.993597724147172, 60.272687237567389 ], [ 24.993630603315413, 60.272705253795735 ], [ 24.993663564371939, 60.272723233077038 ], [ 24.993696607148923, 60.272741175323027 ], [ 24.993729731477622, 60.272759080442242 ], [ 24.993762937188865, 60.272776948341104 ], [ 24.993936808149392, 60.27286920430209 ], [ 24.994112847369568, 60.27296044043603 ], [ 24.994291030616182, 60.273050644184742 ], [ 24.994471333362309, 60.273139803111988 ], [ 24.994653730787011, 60.273227904940988 ], [ 24.994838197779867, 60.2733149375373 ], [ 24.99502470894608, 60.273400888903588 ], [ 24.997314181281691, 60.274370363258207 ], [ 24.997417305355722, 60.274414040888651 ], [ 24.997798566194703, 60.274515310632722 ], [ 24.999010825178484, 60.274837312126543 ], [ 24.999055083021226, 60.274848034785514 ], [ 24.999099406072919, 60.274858690810575 ], [ 24.999143793926553, 60.274869280107403 ], [ 24.999188246175304, 60.274879802574539 ], [ 24.999232762411193, 60.274890258115782 ], [ 24.999277342225341, 60.274900646640404 ], [ 24.999321985208855, 60.274910968045432 ], [ 24.999481560448906, 60.274947195035416 ], [ 24.999641913589649, 60.274982564785581 ], [ 24.999803025960215, 60.275017073181324 ], [ 24.999964878802938, 60.275050716197555 ], [ 25.000127453272015, 60.275083489922444 ], [ 25.00029073043914, 60.275115390536186 ], [ 25.00045469129244, 60.275146414325043 ], [ 25.000836554687066, 60.275213676919613 ], [ 25.001131825961405, 60.275265687463303 ], [ 25.00140483497761, 60.275001611931948 ], [ 25.001448246069199, 60.274958875229366 ], [ 25.001490428840697, 60.274915836187304 ], [ 25.001531374761726, 60.274872503520093 ], [ 25.001571075553784, 60.274828885992036 ], [ 25.001609523189863, 60.274784992425936 ], [ 25.001646709896182, 60.274740831704989 ], [ 25.001682628154697, 60.274696412759127 ], [ 25.00173161976215, 60.274632670332977 ], [ 25.001777999493761, 60.274568447737877 ], [ 25.001821748302568, 60.274503771374825 ], [ 25.00186284822308, 60.274438667823681 ], [ 25.001901282379542, 60.274373163840096 ], [ 25.0019370349907, 60.274307286351281 ], [ 25.001970091378947, 60.274241062426775 ], [ 25.002086053137045, 60.273996310606485 ], [ 25.002486733852006, 60.273150591977121 ], [ 25.002547241412891, 60.273022884908357 ], [ 25.002553866887087, 60.273010046211475 ], [ 25.002561510949651, 60.272997347923365 ], [ 25.00257016160278, 60.272984809982688 ], [ 25.002579805270042, 60.272972452056081 ], [ 25.002590426815544, 60.272960293543697 ], [ 25.002602009569934, 60.272948353523901 ], [ 25.002614535354635, 60.272936650733328 ], [ 25.002311635817723, 60.272839091269624 ], [ 25.001632562502795, 60.272711843290345 ], [ 25.001548908065473, 60.272694121668067 ], [ 25.001241924125857, 60.272629113216645 ], [ 25.00108670134907, 60.272591882346653 ], [ 25.000871614482758, 60.27254029481383 ], [ 25.00068186460533, 60.272509552833199 ], [ 25.000278540709449, 60.272447082622691 ], [ 24.999904889089127, 60.272393932059302 ], [ 24.999613666089598, 60.272349829606014 ], [ 24.998915947979665, 60.272256091313224 ], [ 24.998576909491913, 60.272210537573955 ], [ 24.998228849846406, 60.272162447327069 ], [ 24.99750046726782, 60.272056521703313 ], [ 24.996644455055094, 60.271944158119005 ], [ 24.99663650759657, 60.271942974850162 ], [ 24.996628733415896, 60.271941535324544 ], [ 24.996621165963028, 60.271939845737833 ], [ 24.996613837799018, 60.271937913359814 ], [ 24.996606780455163, 60.271935746502848 ], [ 24.996600024297603, 60.271933354492575 ], [ 24.99659359839611, 60.271930747620317 ], [ 24.996587530399882, 60.27192793710234 ], [ 24.996581846417559, 60.271924935033212 ], [ 24.996576570905926, 60.271921754328481 ], [ 24.99657172656444, 60.271918408673727 ], [ 24.996567334236342, 60.27191491246753 ], [ 24.996563412820912, 60.271911280749272 ], [ 24.996559979190717, 60.271907529146745 ], [ 24.996557048119765, 60.271903673804147 ], [ 24.996554632219432, 60.271899731306398 ], [ 24.9965527418844, 60.271895718620328 ], [ 24.996551385247944, 60.271891653010613 ], [ 24.996550568147768, 60.271887551968497 ], [ 24.996550294098839, 60.271883433140729 ], [ 24.996550564280515, 60.27187931424919 ], [ 24.996551377529478, 60.271875213020998 ], [ 24.996552730347069, 60.27187114709475 ], [ 24.996888555924983, 60.271718214485972 ], [ 24.9977585782961, 60.271322003937506 ], [ 24.99807285714299, 60.271178877960011 ], [ 24.998497313992345, 60.27098557880241 ], [ 24.998540654152514, 60.270914208591975 ], [ 24.998658504624114, 60.270862720328857 ], [ 24.998569832817743, 60.270815112612979 ], [ 24.998996515428807, 60.270619025042514 ], [ 24.999026257938375, 60.270583098030798 ], [ 24.999125903765993, 60.270603448424318 ], [ 24.999056827500326, 60.270687937846375 ], [ 25.000036137437885, 60.270254477216014 ], [ 25.000128838837483, 60.270213029215313 ], [ 24.999710617871546, 60.270135157449431 ], [ 24.999671006443236, 60.270087338744055 ], [ 24.999859761325844, 60.269859997369565 ], [ 25.000067581077534, 60.269600600460748 ], [ 25.000255816847119, 60.269374368382373 ], [ 25.000283466811819, 60.269341177085224 ], [ 25.000314273338567, 60.269304140985589 ], [ 25.00049712498766, 60.269084553694555 ], [ 25.00071089179729, 60.268826002951954 ], [ 25.001111729012987, 60.268351189571447 ], [ 25.001114761399805, 60.268347910085616 ], [ 25.001118229158063, 60.268344738855291 ], [ 25.001122116713159, 60.268341690132985 ], [ 25.001126406604364, 60.268338777605834 ], [ 25.00113107956517, 60.268336014353658 ], [ 25.001136114607121, 60.268333412790952 ], [ 25.001141489116932, 60.268330984599061 ], [ 25.001147178955986, 60.268328740684744 ], [ 25.001153158569533, 60.268326691126084 ], [ 25.001159401101507, 60.268324845127147 ], [ 25.001165878514538, 60.268323210981322 ], [ 25.001172561716878, 60.268321796026015 ], [ 25.001179420692782, 60.268320606616804 ], [ 25.001186424636206, 60.268319648095215 ], [ 25.001193542090885, 60.26831892476725 ], [ 25.001200741089939, 60.268318439879842 ], [ 25.001207989301118, 60.268318195612252 ], [ 25.001215254170479, 60.268318193061155 ], [ 25.0012225030694, 60.268318432237514 ], [ 25.001229703441197, 60.268318912069823 ], [ 25.001236822947035, 60.268319630398175 ], [ 25.001983459574852, 60.268408028093809 ], [ 25.002457874640346, 60.268464192103018 ], [ 25.002965107729409, 60.268539440570244 ], [ 25.003002682381563, 60.268544886302678 ], [ 25.003040393687673, 60.268550093730994 ], [ 25.003078235523361, 60.268555062011913 ], [ 25.003116201743175, 60.268559790340888 ], [ 25.003154286181033, 60.26856427794619 ], [ 25.003192482651869, 60.268568524102029 ], [ 25.003230784952784, 60.268572528114511 ], [ 25.003256034176921, 60.268575029158541 ], [ 25.003281324731255, 60.26857742494358 ], [ 25.003306654836752, 60.268579715306579 ], [ 25.003332022713206, 60.268581900082665 ], [ 25.003357426577118, 60.268583979116521 ], [ 25.003382864641672, 60.268585952266655 ], [ 25.003408335118831, 60.268587819390149 ], [ 25.003920041138468, 60.268623246953943 ], [ 25.004050234321916, 60.268623960174565 ], [ 25.004209345076962, 60.268624823139369 ], [ 25.004390008961501, 60.268625815344883 ], [ 25.004453428869319, 60.268626174938383 ], [ 25.004536309642013, 60.268626628079097 ], [ 25.004560259725057, 60.268596190208392 ], [ 25.004828529490783, 60.268577136927107 ], [ 25.004962447507893, 60.268573799708975 ], [ 25.005096505909894, 60.268572438385796 ], [ 25.005230586589935, 60.268573054161216 ], [ 25.005364571421509, 60.268575646486283 ], [ 25.005498342362657, 60.268580213080256 ], [ 25.005631781559046, 60.268586749921589 ], [ 25.005764771449325, 60.268595251247291 ], [ 25.005878040573343, 60.268604072371389 ], [ 25.005990822582927, 60.268614318653839 ], [ 25.006103044828489, 60.268625983503512 ], [ 25.006214635020768, 60.268639059400108 ], [ 25.006325521277816, 60.268653537922873 ], [ 25.006435632170412, 60.268669409746948 ], [ 25.006544896768979, 60.268686664645855 ], [ 25.006597006650342, 60.268695432663357 ], [ 25.006648897709503, 60.268704515300854 ], [ 25.006700562249474, 60.268713911214178 ], [ 25.006751992606578, 60.268723619006899 ], [ 25.006803181151522, 60.268733637239229 ], [ 25.006854120291521, 60.268743964428005 ], [ 25.006904802470331, 60.268754599035709 ], [ 25.007164420489072, 60.268791237867624 ], [ 25.007278512085364, 60.268807316306372 ], [ 25.007350121127974, 60.268809324626154 ], [ 25.007471084145553, 60.268817620930768 ], [ 25.007799470453847, 60.268840104037707 ], [ 25.00823439672369, 60.268869885667677 ], [ 25.008622788881649, 60.26889647369444 ], [ 25.009001739164749, 60.268922420388968 ], [ 25.009620545747651, 60.268964785319376 ], [ 25.009687207139059, 60.268987463758812 ], [ 25.009697414050546, 60.268988619282901 ], [ 25.009707469091982, 60.268990066545456 ], [ 25.009717338501147, 60.268991800690607 ], [ 25.009726989139111, 60.268993815888535 ], [ 25.009736388601997, 60.268996105377113 ], [ 25.009745505329711, 60.268998661467883 ], [ 25.009754308710281, 60.269001475579408 ], [ 25.010284525352702, 60.269063254780853 ], [ 25.010695195586145, 60.269094749896425 ], [ 25.011151700597011, 60.269128143563776 ], [ 25.011597634610478, 60.269160765606919 ], [ 25.012150149114699, 60.269201228041496 ], [ 25.012258864467753, 60.2692091881216 ], [ 25.012722623556858, 60.269242933834413 ], [ 25.013108370155503, 60.269271000692711 ], [ 25.013197752432347, 60.269277504321636 ], [ 25.013269161937774, 60.269283059202472 ], [ 25.013668461878375, 60.269314128010905 ], [ 25.013740263008884, 60.269318216931147 ], [ 25.014155538349165, 60.269341869918946 ], [ 25.014615449368346, 60.269368062997891 ], [ 25.015072032865536, 60.269394067278121 ], [ 25.015479517458772, 60.269418078714956 ], [ 25.015551288393606, 60.269422307572015 ], [ 25.015943825377644, 60.2694454370613 ], [ 25.01601559643175, 60.269449664769887 ], [ 25.016474490637641, 60.269474340093325 ], [ 25.016914156757945, 60.269498067591726 ], [ 25.017246879537051, 60.269516018493448 ], [ 25.017641860699978, 60.269537328738423 ], [ 25.017731142508463, 60.269542145563122 ], [ 25.01766961153276, 60.269778069593478 ], [ 25.017610403928131, 60.270005089779005 ], [ 25.017548768428316, 60.270241396995921 ], [ 25.017508575842381, 60.270345233078878 ], [ 25.017505372738821, 60.270569422174169 ], [ 25.017440323720386, 60.270822201242765 ], [ 25.017314301621813, 60.27072028972178 ], [ 25.017170915907307, 60.270711175965531 ], [ 25.017063711961377, 60.270740988677986 ], [ 25.016881729351251, 60.271044617642346 ], [ 25.016875047717456, 60.271052295963592 ], [ 25.016679767842994, 60.271277454376346 ], [ 25.016424829606748, 60.271586475215365 ], [ 25.01621200672081, 60.271833123752252 ], [ 25.015977481796352, 60.27211167545714 ], [ 25.015774144174262, 60.272354430441425 ], [ 25.015588496977347, 60.272572884204386 ], [ 25.015514964793844, 60.272664609594464 ], [ 25.015481789660711, 60.272771007550617 ], [ 25.01620864298944, 60.272821239064037 ], [ 25.016913596727697, 60.272869952564868 ], [ 25.017307349065817, 60.272897149056732 ], [ 25.017352159691477, 60.272737133386507 ], [ 25.017227764910594, 60.272650640265262 ] ] ] } },
{ "type": "Feature", "properties": { "id": 111638, "aluejako": "KAUPUNGINOSA", "kunta": "091", "tunnus": "51", "nimi_fi": "SANTAHAMINA", "nimi_se": "SANDHAMN", "yhtluontipvm": "2009-12-30", "yhtmuokkauspvm": "2021-01-29", "yhtdatanomistaja": "Helsinki/Kami", "paivitetty_tietopalveluun": "2025-11-21" }, "geometry": { "type": "Polygon", "coordinates": [ [ [ 25.022190460453899, 60.146703329206559 ], [ 25.022172942280083, 60.141023724695806 ], [ 25.028003828592929, 60.137608477719461 ], [ 25.029453362089878, 60.118812807967956 ], [ 25.094330195371253, 60.126142483603978 ], [ 25.123826022059681, 60.129463104521427 ], [ 25.123916294018301, 60.143973491706269 ], [ 25.123959188362022, 60.151042209003812 ], [ 25.114407355129554, 60.150613076654423 ], [ 25.109888127467492, 60.151014690122032 ], [ 25.107073200226978, 60.151369129394539 ], [ 25.104991543257061, 60.151689171290386 ], [ 25.09819106907398, 60.152726034600022 ], [ 25.091791231524635, 60.152777155636834 ], [ 25.079256852145168, 60.152787332560756 ], [ 25.067294580807637, 60.156081786999437 ], [ 25.061667534931324, 60.157630894283805 ], [ 25.060185815276274, 60.158038743538611 ], [ 25.058547491999544, 60.158023077509789 ], [ 25.056945110663282, 60.158009500278695 ], [ 25.053216946668311, 60.157972840419113 ], [ 25.049511373905307, 60.157936298808039 ], [ 25.049205460372605, 60.157933349423416 ], [ 25.049054496136492, 60.157931894821054 ], [ 25.046482046685952, 60.157907068795808 ], [ 25.039519998086433, 60.157849124084578 ], [ 25.037357708009839, 60.157831054498281 ], [ 25.033057844404119, 60.157868631828869 ], [ 25.027044956530368, 60.157920944514586 ], [ 25.025670166132308, 60.157994894767818 ], [ 25.022225879469719, 60.158180101002145 ], [ 25.022190460453899, 60.146703329206559 ] ] ] } },
{ "type": "Feature", "properties": { "id": 111639, "aluejako": "KAUPUNGINOSA", "kunta": "091", "tunnus": "02", "nimi_fi": "KLUUVI", "nimi_se": "GLOET", "yhtluontipvm": "2009-12-30", "yhtmuokkauspvm": "2020-12-02", "yhtdatanomistaja": "Helsinki/Kami", "paivitetty_tietopalveluun": "2025-11-21" }, "geometry": { "type": "Polygon", "coordinates": [ [ [ 24.935643031464121, 60.171365103606391 ], [ 24.935647936036755, 60.171359519053006 ], [ 24.935652068487126, 60.171353781511954 ], [ 24.935655409753842, 60.171347917448344 ], [ 24.935657944425628, 60.171341953909781 ], [ 24.935659660810945, 60.171335918406534 ], [ 24.935660550993735, 60.171329838776487 ], [ 24.935660610867988, 60.171323743062466 ], [ 24.935659840158227, 60.171317659381948 ], [ 24.935658242419688, 60.171311615796448 ], [ 24.935655825022842, 60.171305640184848 ], [ 24.935652599118459, 60.171299760107082 ], [ 24.935648579586797, 60.171294002688519 ], [ 24.935643784969074, 60.171288394482289 ], [ 24.935672016113365, 60.17126584482812 ], [ 24.935977592654517, 60.171056983500492 ], [ 24.936032093261485, 60.171019731220532 ], [ 24.936322518762399, 60.170821222129483 ], [ 24.937594131187851, 60.169976380783211 ], [ 24.937916934892115, 60.169739937042152 ], [ 24.938078335005372, 60.169621714424615 ], [ 24.93824700562185, 60.16968414280938 ], [ 24.939049378217053, 60.169152090085284 ], [ 24.939372264544581, 60.168937972817155 ], [ 24.939693543341576, 60.168724933771202 ], [ 24.940418283760682, 60.168244315111252 ], [ 24.940576333053844, 60.168135268007354 ], [ 24.941063946234408, 60.167814119062278 ], [ 24.94120702719043, 60.167719879411699 ], [ 24.942228963812877, 60.167745863896599 ], [ 24.942819524554189, 60.167760217704348 ], [ 24.943209010324008, 60.167769881172184 ], [ 24.943932049382838, 60.167787643533167 ], [ 24.944737660292954, 60.167807424462097 ], [ 24.945542191470313, 60.167827174021916 ], [ 24.945799017669067, 60.167837536426724 ], [ 24.946357228118785, 60.167851565946968 ], [ 24.946897805792958, 60.167864994571595 ], [ 24.947413776345996, 60.167877734482964 ], [ 24.947672366286444, 60.167884117178161 ], [ 24.948217033248639, 60.167898347352519 ], [ 24.949311805543534, 60.167925706613552 ], [ 24.949566071420957, 60.167928782208087 ], [ 24.950068085286112, 60.16794205397732 ], [ 24.950433711199501, 60.167953655538867 ], [ 24.950925118370527, 60.167966818672738 ], [ 24.951244119432531, 60.16797231537798 ], [ 24.951206780752123, 60.168341987547642 ], [ 24.951187826874229, 60.168529603210459 ], [ 24.951144704491412, 60.168956470997138 ], [ 24.951128923805665, 60.169106497758598 ], [ 24.951048890825177, 60.169867354925735 ], [ 24.950954253426872, 60.170711855851451 ], [ 24.950939816237458, 60.170842847937244 ], [ 24.950869637420606, 60.171417377543804 ], [ 24.950850955900869, 60.171548646183282 ], [ 24.950736506520386, 60.172566422762159 ], [ 24.950679361340772, 60.173074575448801 ], [ 24.950664243103187, 60.173208993128476 ], [ 24.950580465934305, 60.173953955347947 ], [ 24.950691932889711, 60.173956681407589 ], [ 24.950676893846143, 60.174100526896517 ], [ 24.950644018583276, 60.174419903690612 ], [ 24.950572802861721, 60.175111890259281 ], [ 24.95050823724247, 60.175713189639112 ], [ 24.950471657260927, 60.176063005106649 ], [ 24.950466059863256, 60.176116540567833 ], [ 24.950405613910185, 60.176114634025978 ], [ 24.9503791538089, 60.176380056354972 ], [ 24.949968042110864, 60.176371873318253 ], [ 24.949351347022684, 60.176359595913461 ], [ 24.943442756272695, 60.177733969781428 ], [ 24.94351621392525, 60.179726478032769 ], [ 24.94104267627813, 60.179819422348167 ], [ 24.939946224401844, 60.179860607634126 ], [ 24.939609207101299, 60.179873265179232 ], [ 24.938693346086644, 60.179907656935924 ], [ 24.938396392467251, 60.179918806787924 ], [ 24.938154267391447, 60.17992789836542 ], [ 24.93501645765291, 60.180045667505937 ], [ 24.932082102871377, 60.178910620814989 ], [ 24.932617360129608, 60.17801130365195 ], [ 24.932885350824805, 60.178050452194242 ], [ 24.933431203913628, 60.177117477340033 ], [ 24.933525529034462, 60.176956250521499 ], [ 24.934721715176924, 60.174909602461106 ], [ 24.934977299880607, 60.174472261784402 ], [ 24.933952247816702, 60.174006002642265 ], [ 24.933398285729417, 60.173764856196854 ], [ 24.933764734129124, 60.173389070431753 ], [ 24.933803886474582, 60.173346462049096 ], [ 24.933253309676591, 60.173261311550768 ], [ 24.933445032579446, 60.172953624948612 ], [ 24.93356376116207, 60.17297198542127 ], [ 24.93392893848625, 60.172385905808248 ], [ 24.933810229845349, 60.17236753759245 ], [ 24.933961440765739, 60.172124847149291 ], [ 24.934352271437085, 60.172049357685928 ], [ 24.93457550607733, 60.17200627913752 ], [ 24.93472087409981, 60.171978226266752 ], [ 24.934958988428836, 60.172077071339721 ], [ 24.935075706326977, 60.171955592143895 ], [ 24.935643031464121, 60.171365103606391 ] ] ] } },
{ "type": "Feature", "properties": { "id": 111657, "aluejako": "KAUPUNGINOSA", "kunta": "091", "tunnus": "01", "nimi_fi": "KRUUNUNHAKA", "nimi_se": "KRONOHAGEN", "yhtluontipvm": "2009-12-30", "yhtmuokkauspvm": "2020-12-02", "yhtdatanomistaja": "Helsinki/Kami", "paivitetty_tietopalveluun": "2025-11-21" }, "geometry": { "type": "Polygon", "coordinates": [ [ [ 24.9503791538089, 60.176380056354972 ], [ 24.950405613910185, 60.176114634025978 ], [ 24.950466059863256, 60.176116540567833 ], [ 24.950471657260927, 60.176063005106649 ], [ 24.95050823724247, 60.175713189639112 ], [ 24.950572802861721, 60.175111890259281 ], [ 24.950644018583276, 60.174419903690612 ], [ 24.950676893846143, 60.174100526896517 ], [ 24.950691932889711, 60.173956681407589 ], [ 24.950580465934305, 60.173953955347947 ], [ 24.950664243103187, 60.173208993128476 ], [ 24.950679361340772, 60.173074575448801 ], [ 24.950736506520386, 60.172566422762159 ], [ 24.950850955900869, 60.171548646183282 ], [ 24.950869637420606, 60.171417377543804 ], [ 24.950939816237458, 60.170842847937244 ], [ 24.950954253426872, 60.170711855851451 ], [ 24.951048890825177, 60.169867354925735 ], [ 24.951128923805665, 60.169106497758598 ], [ 24.951144704491412, 60.168956470997138 ], [ 24.951187826874229, 60.168529603210459 ], [ 24.951206780752123, 60.168341987547642 ], [ 24.951244119432531, 60.16797231537798 ], [ 24.952106916396495, 60.167997080834475 ], [ 24.95225212982491, 60.167995950260348 ], [ 24.953533725046878, 60.168031376745603 ], [ 24.953704738685428, 60.168036146897549 ], [ 24.954038659070211, 60.168044095972959 ], [ 24.954750813945733, 60.168060677200621 ], [ 24.955082089398584, 60.168068173074658 ], [ 24.955081283666967, 60.168076508294909 ], [ 24.955227728976759, 60.168079662447113 ], [ 24.955926300371996, 60.168094701559518 ], [ 24.956802384517875, 60.168114148946771 ], [ 24.957141053042161, 60.168124647959431 ], [ 24.957629535825486, 60.16813979040429 ], [ 24.957725000758813, 60.168142750470174 ], [ 24.959072184232284, 60.169267516041209 ], [ 24.959519975055965, 60.169349900892591 ], [ 24.959660474061231, 60.169375750808129 ], [ 24.961856042162871, 60.169779668206004 ], [ 24.963461665118938, 60.170075025628833 ], [ 24.96617653335181, 60.170574373971085 ], [ 24.968974210470208, 60.170573381697778 ], [ 24.970893447219392, 60.170572667260622 ], [ 24.971946480583902, 60.170572264225349 ], [ 24.975023618034143, 60.170265873976966 ], [ 24.978598400009382, 60.169909841443371 ], [ 24.976820444459523, 60.174997316571215 ], [ 24.966225802913982, 60.176311258068736 ], [ 24.958122099432217, 60.177315632781131 ], [ 24.95758525289866, 60.17730146852243 ], [ 24.957150181362461, 60.177289986365615 ], [ 24.954819997741428, 60.177228470625366 ], [ 24.953658231526724, 60.17719778472236 ], [ 24.951135055047946, 60.176395098122178 ], [ 24.9503791538089, 60.176380056354972 ] ] ] } },
{ "type": "Feature", "properties": { "id": 111662, "aluejako": "KAUPUNGINOSA", "kunta": "091", "tunnus": "54", "nimi_fi": "VUOSAARI", "nimi_se": "NORDSJÖ", "yhtluontipvm": "2009-12-30", "yhtmuokkauspvm": "2024-06-12", "yhtdatanomistaja": "Helsinki/Kami", "paivitetty_tietopalveluun": "2025-11-21" }, "geometry": { "type": "Polygon", "coordinates": [ [ [ 25.089074903718561, 60.191574764590257 ], [ 25.087491280600375, 60.189601300123115 ], [ 25.087182537697831, 60.186649699134314 ], [ 25.08945818272004, 60.185696405575236 ], [ 25.090110479597154, 60.185423552668105 ], [ 25.097883704492851, 60.182172295967902 ], [ 25.105903407601257, 60.17881507604671 ], [ 25.108107829671876, 60.177892284689534 ], [ 25.112564841630725, 60.176026268030107 ], [ 25.111351545310939, 60.171854477802455 ], [ 25.106193607771559, 60.167634404277209 ], [ 25.123361722216611, 60.165094430099437 ], [ 25.14617394785104, 60.165130684494834 ], [ 25.157549636156194, 60.165577957828589 ], [ 25.160533411865593, 60.164603247927488 ], [ 25.190952257428201, 60.191497760704699 ], [ 25.201255089103121, 60.200595325184317 ], [ 25.219533293902344, 60.197975396354991 ], [ 25.220404491070404, 60.199736667509583 ], [ 25.214925955714929, 60.205069550532208 ], [ 25.214288012193066, 60.205690406405047 ], [ 25.212610200595059, 60.207323149196405 ], [ 25.211965690835143, 60.207950299475591 ], [ 25.210982168628956, 60.208907275309969 ], [ 25.201423578637421, 60.218204593843112 ], [ 25.203127145775216, 60.224559986595025 ], [ 25.203687770817819, 60.226554850394493 ], [ 25.203986818502148, 60.227835340649222 ], [ 25.204389204631632, 60.229894536953033 ], [ 25.204551785179703, 60.230726486868335 ], [ 25.19868359943068, 60.229194940934939 ], [ 25.196549741012038, 60.228637937600901 ], [ 25.19565246674598, 60.228375159131858 ], [ 25.193028929461484, 60.227634195657807 ], [ 25.190184149983427, 60.226933964916604 ], [ 25.182642591186166, 60.228887734868003 ], [ 25.182205866450836, 60.22866062256896 ], [ 25.167055332427847, 60.231751543010184 ], [ 25.166380745526691, 60.231914306112209 ], [ 25.165957749952746, 60.232016363322664 ], [ 25.163361681643597, 60.232642679489409 ], [ 25.162771941625657, 60.232784948338988 ], [ 25.162401471331052, 60.232874317566399 ], [ 25.162258727069243, 60.232908751138993 ], [ 25.160363394974603, 60.233267241872873 ], [ 25.160281569715917, 60.233104769283642 ], [ 25.160191997318616, 60.233105039875497 ], [ 25.16005023743007, 60.23311439449229 ], [ 25.159481272960051, 60.233204156319111 ], [ 25.159341804611721, 60.233213516400561 ], [ 25.159151884940258, 60.233211575817677 ], [ 25.158904709750399, 60.233193825196821 ], [ 25.158756005271755, 60.233194091105148 ], [ 25.158463389769057, 60.233218511825363 ], [ 25.158101938345069, 60.23321916276705 ], [ 25.157694565749559, 60.233197125500858 ], [ 25.157431331855708, 60.233170302756399 ], [ 25.157163561412574, 60.233157126525768 ], [ 25.156964390329371, 60.233137006079218 ], [ 25.156774301129822, 60.233106626530287 ], [ 25.156531388761067, 60.233047902870439 ], [ 25.156370910121435, 60.233000407691783 ], [ 25.15521748622275, 60.23255833165684 ], [ 25.151783811396903, 60.236431266379533 ], [ 25.149755818843918, 60.236299252685988 ], [ 25.149748347993651, 60.236543349708768 ], [ 25.149678643986725, 60.236753596324164 ], [ 25.149541813412704, 60.236906451085893 ], [ 25.149380070214267, 60.237000239954682 ], [ 25.149146917987384, 60.237106658231532 ], [ 25.149007086681895, 60.237133797906139 ], [ 25.148903625710762, 60.23712843813896 ], [ 25.148760146359635, 60.237088335539873 ], [ 25.148559090178125, 60.237005607722431 ], [ 25.148452535195251, 60.236985739701048 ], [ 25.148363247056498, 60.236986165335587 ], [ 25.148301449521693, 60.237008117223915 ], [ 25.14821272965365, 60.23704365912414 ], [ 25.147893619217275, 60.237212307577181 ], [ 25.147565855977604, 60.237416359213952 ], [ 25.147238483856508, 60.237677917429245 ], [ 25.147043672730639, 60.237810961537377 ], [ 25.146955284558974, 60.237895163038402 ], [ 25.146884324693545, 60.237926249654315 ], [ 25.146516051365243, 60.238709875294376 ], [ 25.145933773298058, 60.239427506974963 ], [ 25.145707544806122, 60.240171074879093 ], [ 25.145428989499074, 60.240793625674719 ], [ 25.1450600305586, 60.241148569395399 ], [ 25.144830090162813, 60.241283699414183 ], [ 25.144439853170461, 60.241464013151628 ], [ 25.143908372473522, 60.241539764354691 ], [ 25.143266238958812, 60.24158076633028 ], [ 25.142463334187241, 60.241597081482638 ], [ 25.141820760275177, 60.241573201278229 ], [ 25.141207830828776, 60.241479403425664 ], [ 25.140715356232132, 60.241385402415965 ], [ 25.140202439947178, 60.241236539569073 ], [ 25.138986727559807, 60.240908909810337 ], [ 25.138578242021488, 60.240611660234975 ], [ 25.138046789133533, 60.240133522353268 ], [ 25.137621075296121, 60.23962803253221 ], [ 25.137338816746936, 60.239291748983888 ], [ 25.137108516839348, 60.238804391801317 ], [ 25.136868580174632, 60.238485236051098 ], [ 25.136728894756118, 60.238215021577552 ], [ 25.136302805661931, 60.237660441561793 ], [ 25.135906977282186, 60.237352786176601 ], [ 25.135844637110317, 60.23722793991422 ], [ 25.135468427595065, 60.237245485281214 ], [ 25.135099611710721, 60.23721755288669 ], [ 25.135933434624533, 60.237105383818573 ], [ 25.136167864578852, 60.23707386800001 ], [ 25.136244897809842, 60.237051071420986 ], [ 25.136149489069059, 60.236926336421838 ], [ 25.13612130001999, 60.236716196507061 ], [ 25.135822866602059, 60.236349593072383 ], [ 25.137173360100491, 60.23476146427295 ], [ 25.13721819987871, 60.234658698607824 ], [ 25.137290473166676, 60.234489398346241 ], [ 25.137415310834875, 60.233910416097018 ], [ 25.137461811459652, 60.232618099084306 ], [ 25.13744118137269, 60.232280968937829 ], [ 25.137394391063996, 60.232138315848964 ], [ 25.137358753206001, 60.232024711000975 ], [ 25.137327962897793, 60.231926553103229 ], [ 25.137224508258406, 60.23169857359094 ], [ 25.13654336079631, 60.23054450167124 ], [ 25.136485986393438, 60.230451238392355 ], [ 25.136138196579171, 60.229885880774418 ], [ 25.136075145064193, 60.229743373485277 ], [ 25.136008102109106, 60.229595607097075 ], [ 25.135814880263201, 60.229204021987329 ], [ 25.135780633579788, 60.229124487677993 ], [ 25.135741145682335, 60.228981037027978 ], [ 25.135711062080894, 60.22887081434024 ], [ 25.135705779589827, 60.228834910180851 ], [ 25.135689199896525, 60.22879452719382 ], [ 25.135674605536842, 60.228768613165407 ], [ 25.13563363092954, 60.228713243799788 ], [ 25.135567535814307, 60.228639756371408 ], [ 25.135506351680689, 60.228580362408252 ], [ 25.135460099613805, 60.228528591217305 ], [ 25.135437672942359, 60.228490247086675 ], [ 25.135403468729674, 60.228424545471498 ], [ 25.135384076714193, 60.228371136664414 ], [ 25.135325866817066, 60.228240256133255 ], [ 25.135309141813757, 60.228208652054747 ], [ 25.135278332233508, 60.228163025747804 ], [ 25.135254276634178, 60.228133033930632 ], [ 25.135212923101513, 60.228089137137168 ], [ 25.135189339840043, 60.228061198391742 ], [ 25.135103675517119, 60.227937867980962 ], [ 25.135071878650475, 60.227892061327132 ], [ 25.135064740893046, 60.227881780122672 ], [ 25.13487712015079, 60.2277120554742 ], [ 25.134811994124494, 60.22766228768738 ], [ 25.134798877348935, 60.227652264749764 ], [ 25.134609941551155, 60.227444140821582 ], [ 25.134541399761645, 60.22737965765166 ], [ 25.134419654625816, 60.227289752646996 ], [ 25.134321873450897, 60.227205894219345 ], [ 25.134211123667285, 60.226942331351012 ], [ 25.133802584192711, 60.22661972109556 ], [ 25.133562859267919, 60.226539692223326 ], [ 25.132760664380452, 60.225860346912526 ], [ 25.132212927858124, 60.225416773358766 ], [ 25.132111111816481, 60.225343074737538 ], [ 25.131904152740493, 60.225239431031781 ], [ 25.131526149907742, 60.225022326030626 ], [ 25.131042021666275, 60.224754454379209 ], [ 25.129399322105161, 60.223929077004698 ], [ 25.128969293355759, 60.223691907546851 ], [ 25.128584209417259, 60.223427740988846 ], [ 25.127969738298901, 60.223267147079888 ], [ 25.127536604181156, 60.22324987270121 ], [ 25.127111843358897, 60.223129367565889 ], [ 25.126958285011238, 60.223098192298238 ], [ 25.126919116721822, 60.223092796970334 ], [ 25.12676495061794, 60.223062538446271 ], [ 25.126313217678412, 60.222950024857553 ], [ 25.125776270853297, 60.222659510065427 ], [ 25.125450696036719, 60.222377851385282 ], [ 25.125335121487378, 60.222248220613416 ], [ 25.125078285792572, 60.22203704343373 ], [ 25.124782493256291, 60.221823475449177 ], [ 25.124705270236507, 60.221608915329561 ], [ 25.12467127053387, 60.22151444461727 ], [ 25.124634004063662, 60.22148188374171 ], [ 25.124515269202863, 60.22142067990945 ], [ 25.124491308299461, 60.221396538875979 ], [ 25.124436531604662, 60.221341352182542 ], [ 25.122763732715661, 60.219638388755904 ], [ 25.122731032418702, 60.219210341783828 ], [ 25.122563607379817, 60.217018801334461 ], [ 25.120222464482829, 60.21458069561951 ], [ 25.119911316477015, 60.214256625533842 ], [ 25.118680233113054, 60.212771250131475 ], [ 25.11817302170309, 60.212385996273476 ], [ 25.116833917482751, 60.211362635166147 ], [ 25.114204143209321, 60.20874436255653 ], [ 25.114002884457502, 60.207994812843829 ], [ 25.111975641058162, 60.206781081511586 ], [ 25.109088152316804, 60.20505210364005 ], [ 25.106159177489925, 60.203166461630978 ], [ 25.104865624148584, 60.202370836665793 ], [ 25.104780515323835, 60.202315783289265 ], [ 25.10054314629345, 60.198852107722267 ], [ 25.100074300334686, 60.198468815748441 ], [ 25.09980343790069, 60.198246183836311 ], [ 25.098533236751489, 60.197202108949682 ], [ 25.09815966576242, 60.196895024903966 ], [ 25.097398531660332, 60.196269340371998 ], [ 25.096634860399242, 60.195641540463946 ], [ 25.09461679348561, 60.194353591674158 ], [ 25.089074903718561, 60.191574764590257 ] ] ] } },
{ "type": "Feature", "properties": { "id": 111663, "aluejako": "KAUPUNGINOSA", "kunta": "091", "tunnus": "11", "nimi_fi": "KALLIO", "nimi_se": "BERGHÄLL", "yhtluontipvm": "2009-12-30", "yhtmuokkauspvm": "2020-11-25", "yhtdatanomistaja": "Helsinki/Kami", "paivitetty_tietopalveluun": "2025-11-21" }, "geometry": { "type": "Polygon", "coordinates": [ [ [ 24.93501645765291, 60.180045667505937 ], [ 24.938154267391447, 60.17992789836542 ], [ 24.938396392467251, 60.179918806787924 ], [ 24.938693346086644, 60.179907656935924 ], [ 24.939609207101299, 60.179873265179232 ], [ 24.939946224401844, 60.179860607634126 ], [ 24.94104267627813, 60.179819422348167 ], [ 24.94351621392525, 60.179726478032769 ], [ 24.943442756272695, 60.177733969781428 ], [ 24.949351347022684, 60.176359595913461 ], [ 24.949968042110864, 60.176371873318253 ], [ 24.9503791538089, 60.176380056354972 ], [ 24.951135055047946, 60.176395098122178 ], [ 24.953658231526724, 60.17719778472236 ], [ 24.954819997741428, 60.177228470625366 ], [ 24.957150181362461, 60.177289986365615 ], [ 24.95758525289866, 60.17730146852243 ], [ 24.958122099432217, 60.177315632781131 ], [ 24.958019072681523, 60.177757582644077 ], [ 24.958057547177244, 60.178302400642664 ], [ 24.957986529627476, 60.179387842118928 ], [ 24.958658879957337, 60.179798630765326 ], [ 24.958281194169722, 60.179972024497118 ], [ 24.957872985351578, 60.180159428864343 ], [ 24.95778796928494, 60.180198457491116 ], [ 24.957683359359439, 60.180140464435134 ], [ 24.95764339427155, 60.180118310195674 ], [ 24.957291482360024, 60.179923216945276 ], [ 24.956757946187224, 60.179915135756488 ], [ 24.956472007189301, 60.179910803992044 ], [ 24.956381955071041, 60.17990943885308 ], [ 24.955769585724269, 60.179900158230126 ], [ 24.955184251970962, 60.179891283326505 ], [ 24.954998409202023, 60.180018717202721 ], [ 24.954464305227138, 60.180384950315492 ], [ 24.954411353744145, 60.180421259256093 ], [ 24.953880898185083, 60.180784979929818 ], [ 24.953564101511155, 60.181002194010972 ], [ 24.954092687752588, 60.181195315609216 ], [ 24.954732003569614, 60.18142888748477 ], [ 24.95480465399686, 60.181455429262364 ], [ 24.955734581520332, 60.181795169284484 ], [ 24.956171916657482, 60.181954931706578 ], [ 24.956574717000525, 60.182102081676021 ], [ 24.956488747110107, 60.182140651400672 ], [ 24.958383766234977, 60.183106768356566 ], [ 24.958626294485921, 60.183221071754161 ], [ 24.958839324566828, 60.183381103401011 ], [ 24.959308713171538, 60.183733713961701 ], [ 24.960221630901348, 60.184419481520756 ], [ 24.960401178464846, 60.184555090128526 ], [ 24.960570603935434, 60.184692859454103 ], [ 24.960887430709846, 60.184950484990672 ], [ 24.96111764806809, 60.185220948857769 ], [ 24.961184478247116, 60.185299453087794 ], [ 24.961307864692582, 60.185510469820471 ], [ 24.961374198937737, 60.185623895363044 ], [ 24.961465152383568, 60.186040045528671 ], [ 24.961501317816083, 60.186209549609764 ], [ 24.961568234177346, 60.186512912984753 ], [ 24.961629071868781, 60.186798420654611 ], [ 24.961699735126686, 60.187128658312815 ], [ 24.961810021379012, 60.187274770399753 ], [ 24.961929843806168, 60.187365591184516 ], [ 24.961492428150358, 60.187509423365917 ], [ 24.961313381489809, 60.187503478890022 ], [ 24.96066958109196, 60.187482097646033 ], [ 24.960270874377489, 60.187461701530019 ], [ 24.95984789544978, 60.187439060194031 ], [ 24.959410943809718, 60.187404669798518 ], [ 24.959037192311932, 60.187375252828311 ], [ 24.958708701808103, 60.187346795812388 ], [ 24.95755269295659, 60.187246646614803 ], [ 24.9572188780018, 60.187217724661267 ], [ 24.956703927248839, 60.187173139086866 ], [ 24.956135668324713, 60.187123935782878 ], [ 24.955602906855631, 60.187077803447274 ], [ 24.955212048338058, 60.18704405278843 ], [ 24.954581681533231, 60.186989502101191 ], [ 24.953951336658925, 60.186934939448548 ], [ 24.953352047105593, 60.186883068376758 ], [ 24.952994194739137, 60.186851948992583 ], [ 24.952261327235956, 60.186820640308092 ], [ 24.951690434910468, 60.186794999011163 ], [ 24.951725041362788, 60.186454377477332 ], [ 24.951563050811586, 60.18645021484248 ], [ 24.951202308341259, 60.186441135881253 ], [ 24.950584050574477, 60.186425318411459 ], [ 24.949990125335727, 60.186409780090685 ], [ 24.949808113276539, 60.18640483048798 ], [ 24.948431349339323, 60.186368399636933 ], [ 24.94825137400489, 60.186363635378015 ], [ 24.94761248496528, 60.186346722538907 ], [ 24.946973594780737, 60.186329807518376 ], [ 24.94664944599446, 60.186320821450536 ], [ 24.94610944144808, 60.186307106747556 ], [ 24.945819526801348, 60.186299336163202 ], [ 24.945436555078633, 60.186289070113524 ], [ 24.944383333170929, 60.186260828489083 ], [ 24.943712743022214, 60.1862206399177 ], [ 24.943386278684901, 60.186201075436443 ], [ 24.943103841315509, 60.186159989840561 ], [ 24.942654052536266, 60.186094553762899 ], [ 24.942031287364479, 60.18600396063772 ], [ 24.941408509421276, 60.185913355604342 ], [ 24.940386204418449, 60.185764629601628 ], [ 24.937843530400116, 60.185394671956793 ], [ 24.937129074299705, 60.185290712101789 ], [ 24.937056440543206, 60.185280139601666 ], [ 24.936713227907081, 60.185230244328572 ], [ 24.936630322177152, 60.185218585153585 ], [ 24.936326669566458, 60.185173996097149 ], [ 24.936248233195943, 60.185162524620395 ], [ 24.935982576530073, 60.185123863352509 ], [ 24.935954013393374, 60.185101742200906 ], [ 24.935006479785226, 60.184367846527671 ], [ 24.933454084538873, 60.183165380511504 ], [ 24.93501645765291, 60.180045667505937 ] ] ] } },
{ "type": "Feature", "properties": { "id": 111695, "aluejako": "KAUPUNGINOSA", "kunta": "091", "tunnus": "45", "nimi_fi": "VARTIOKYLÄ", "nimi_se": "BOTBY", "yhtluontipvm": "2009-12-30", "yhtmuokkauspvm": "2024-04-03", "yhtdatanomistaja": "Helsinki/Kami", "paivitetty_tietopalveluun": "2025-11-21" }, "geometry": { "type": "Polygon", "coordinates": [ [ [ 25.075901194206384, 60.228571970024504 ], [ 25.07580501062122, 60.228510109491985 ], [ 25.0757003969434, 60.228451731616062 ], [ 25.075587861447829, 60.228397120010598 ], [ 25.075467950888019, 60.22834653998202 ], [ 25.075341247837866, 60.228300237256114 ], [ 25.075208367861947, 60.228258436778084 ], [ 25.075069956525031, 60.228221341615026 ], [ 25.07492668625693, 60.228189131979249 ], [ 25.074779253085911, 60.228161964345134 ], [ 25.07462837325717, 60.228139970696972 ], [ 25.074474779756009, 60.228123257877634 ], [ 25.074307651472463, 60.228110092114541 ], [ 25.074139466262515, 60.228100836828133 ], [ 25.0739705937659, 60.22809551236719 ], [ 25.073801405133569, 60.228094130425902 ], [ 25.073632272209785, 60.228096694043366 ], [ 25.073463566716388, 60.228103197589412 ], [ 25.073295659436834, 60.228113626764241 ], [ 25.071702512929228, 60.228231498999882 ], [ 25.069830446700617, 60.22839431942279 ], [ 25.068021134458981, 60.228617382245943 ], [ 25.068044202038639, 60.228665089725695 ], [ 25.065904726253141, 60.228937473033916 ], [ 25.064037337870428, 60.229159823720153 ], [ 25.063470542722552, 60.229247789753742 ], [ 25.062462502440738, 60.229497991248621 ], [ 25.061563747144685, 60.229656003255954 ], [ 25.059576126664723, 60.229901606484766 ], [ 25.058797987235021, 60.229974585697953 ], [ 25.058186565791157, 60.230080050858398 ], [ 25.05753421562542, 60.230220312257529 ], [ 25.056919303685753, 60.230404505826435 ], [ 25.055887443694406, 60.230625606214282 ], [ 25.05492769500956, 60.230754098702164 ], [ 25.054222085787224, 60.230884425622044 ], [ 25.05393523853845, 60.230918330233365 ], [ 25.053570206109139, 60.230994749760733 ], [ 25.053305847270916, 60.231060709292407 ], [ 25.052788564486818, 60.231200329364519 ], [ 25.052637939009905, 60.231243079902526 ], [ 25.052491121083392, 60.231288989974686 ], [ 25.052348378501499, 60.231337975850089 ], [ 25.052209971629473, 60.23138994817937 ], [ 25.052076152927935, 60.231444812169002 ], [ 25.051947166492312, 60.231502467758418 ], [ 25.051823247609441, 60.231562809782695 ], [ 25.051551796422405, 60.231700759912819 ], [ 25.051183982905496, 60.231903239099381 ], [ 25.050569836373267, 60.231568801448759 ], [ 25.05047696777466, 60.231518228357672 ], [ 25.050313291722496, 60.231395376591948 ], [ 25.043011129679801, 60.219368710388878 ], [ 25.042967520432544, 60.219342955326226 ], [ 25.043176648850633, 60.219203417334853 ], [ 25.043455177855574, 60.218872935868013 ], [ 25.04344841460999, 60.218551278576875 ], [ 25.043436830025733, 60.218000305328246 ], [ 25.043347388927899, 60.217830937621223 ], [ 25.043427074017792, 60.217097533859821 ], [ 25.043432402290879, 60.21704849244518 ], [ 25.043480031891587, 60.216610103272089 ], [ 25.043495214996103, 60.216501081189463 ], [ 25.043513255205497, 60.216371542754906 ], [ 25.043558480696497, 60.216338076794344 ], [ 25.043598951387061, 60.216303136243532 ], [ 25.043634473906511, 60.216266888068866 ], [ 25.04366487853067, 60.216229505476711 ], [ 25.043690019992727, 60.216191167094777 ], [ 25.043709778175618, 60.21615205611733 ], [ 25.043724058687232, 60.216112359431385 ], [ 25.043805805426754, 60.216073012474098 ], [ 25.04382998129789, 60.215881952093312 ], [ 25.043894012480514, 60.215673244445902 ], [ 25.04390011290916, 60.215652843011597 ], [ 25.043905902894434, 60.215632419191827 ], [ 25.043911382105936, 60.215611974158321 ], [ 25.043916550230026, 60.215591509081037 ], [ 25.043921406971691, 60.215571025129108 ], [ 25.04392595205346, 60.2155505234795 ], [ 25.043930185215348, 60.215530005304011 ], [ 25.043933687359139, 60.215440057864917 ], [ 25.043927483546046, 60.215385223700167 ], [ 25.043915161280747, 60.21533064601816 ], [ 25.043896758723267, 60.215276493713262 ], [ 25.043872332849386, 60.215222934352234 ], [ 25.043841959272012, 60.21517013366573 ], [ 25.043805732007243, 60.215118255047919 ], [ 25.043763763183431, 60.215067459023267 ], [ 25.043745020288782, 60.21504645503051 ], [ 25.043778166051755, 60.215024926147017 ], [ 25.044365247060274, 60.215061909614079 ], [ 25.044868538128185, 60.214816961277009 ], [ 25.044985375767439, 60.214532003071938 ], [ 25.045009671918038, 60.213803186838881 ], [ 25.045042331959628, 60.213377728370283 ], [ 25.045169594708526, 60.212690100909647 ], [ 25.04513756114223, 60.211852739182198 ], [ 25.045059889714317, 60.211344810068837 ], [ 25.045114037745883, 60.210880735611489 ], [ 25.045240853734398, 60.210553915741471 ], [ 25.046031097767465, 60.20968256842383 ], [ 25.047141518639819, 60.209071194333426 ], [ 25.04861811455411, 60.208489972711725 ], [ 25.049398251235004, 60.208297147185576 ], [ 25.049680830226478, 60.208234768258706 ], [ 25.04996639245261, 60.208175850821959 ], [ 25.050254766762333, 60.208120430187215 ], [ 25.050545780322864, 60.208068539563143 ], [ 25.050839258722114, 60.208020210051963 ], [ 25.051135026072718, 60.207975470618806 ], [ 25.051432905118581, 60.207934348069998 ], [ 25.05146564560259, 60.207930060557025 ], [ 25.051498412885437, 60.207925824062997 ], [ 25.051531206645965, 60.207921638630118 ], [ 25.051564026563618, 60.207917504297505 ], [ 25.051596872316679, 60.207913421105403 ], [ 25.051629743582808, 60.207909389099385 ], [ 25.051662640040824, 60.2079054083122 ], [ 25.051937595659719, 60.207874242255343 ], [ 25.052214089302964, 60.207846652081521 ], [ 25.052491933270222, 60.20782265652624 ], [ 25.052770938946921, 60.207802271876339 ], [ 25.053050916931067, 60.207785511970656 ], [ 25.053331677160532, 60.207772388189071 ], [ 25.053613029044275, 60.207762909435566 ], [ 25.053626972589079, 60.20776253401359 ], [ 25.053629582972029, 60.207761927119613 ], [ 25.054558460720113, 60.207546189276883 ], [ 25.056680815331621, 60.207486588717352 ], [ 25.057538071638273, 60.207497331197551 ], [ 25.057701854654056, 60.207499382737687 ], [ 25.060850504855608, 60.207538789594295 ], [ 25.063132716732117, 60.207671353193561 ], [ 25.064340345953774, 60.20774148199601 ], [ 25.064344846791499, 60.207195097557801 ], [ 25.06438431238254, 60.202406249919697 ], [ 25.06635477382671, 60.202532061702286 ], [ 25.066943543926165, 60.202569647425101 ], [ 25.069824930216097, 60.202753546067754 ], [ 25.069947201800531, 60.20215847113829 ], [ 25.070355167145156, 60.200574336209144 ], [ 25.071571431532295, 60.199173302126034 ], [ 25.07194566842233, 60.198742185201212 ], [ 25.072735696856846, 60.197832044218458 ], [ 25.072951130482377, 60.1975838493167 ], [ 25.074309659027882, 60.197746413375349 ], [ 25.076483331517622, 60.194044912684802 ], [ 25.076123784829615, 60.193490661810216 ], [ 25.083103040182223, 60.194474965404247 ], [ 25.089074903718561, 60.191574764590257 ], [ 25.09461679348561, 60.194353591674158 ], [ 25.096634858593806, 60.195641539567717 ], [ 25.097398529854907, 60.196269339475776 ], [ 25.098159663959621, 60.196895024905317 ], [ 25.098533236748796, 60.197202108052117 ], [ 25.099803437897965, 60.198246182938767 ], [ 25.100074300331954, 60.198468814850926 ], [ 25.10054314629345, 60.198852107722267 ], [ 25.104780513517881, 60.202315782393136 ], [ 25.10486562414572, 60.202370835768264 ], [ 25.106159177487026, 60.203166460733442 ], [ 25.109088152316804, 60.20505210364005 ], [ 25.111975641058162, 60.206781081511586 ], [ 25.114002884457502, 60.207994812843829 ], [ 25.114204143209321, 60.20874436255653 ], [ 25.116833917482751, 60.211362635166147 ], [ 25.11817302170309, 60.212385996273476 ], [ 25.11868023130932, 60.212771250133102 ], [ 25.119911316477015, 60.214256625533842 ], [ 25.120222464482829, 60.21458069561951 ], [ 25.122563607379817, 60.217018801334461 ], [ 25.122731032418702, 60.219210341783828 ], [ 25.122763732715661, 60.219638388755904 ], [ 25.124436531604662, 60.221341352182542 ], [ 25.124491308299461, 60.221396538875979 ], [ 25.124515269202863, 60.22142067990945 ], [ 25.124634004063662, 60.22148188374171 ], [ 25.12467127053387, 60.22151444461727 ], [ 25.124705270236507, 60.221608915329561 ], [ 25.123344854780107, 60.222306719264672 ], [ 25.123316568728324, 60.222328538668094 ], [ 25.123291573618886, 60.222349890980773 ], [ 25.122079067663353, 60.223312120453635 ], [ 25.122053228527246, 60.223376710383462 ], [ 25.121897353674843, 60.223691154259669 ], [ 25.121849057162134, 60.223832996081363 ], [ 25.121818118181565, 60.223923857975052 ], [ 25.121783739549173, 60.224024820313666 ], [ 25.121327831909838, 60.225363660941404 ], [ 25.12049628431766, 60.225531030226257 ], [ 25.120102862046767, 60.225610214871061 ], [ 25.119598869517819, 60.225338985512572 ], [ 25.118779722645694, 60.225503846682329 ], [ 25.118993869666763, 60.225767111629708 ], [ 25.119083531535512, 60.225815366273757 ], [ 25.11969270331555, 60.226143200172508 ], [ 25.119891870639023, 60.226250381091901 ], [ 25.11972126552072, 60.226303930493337 ], [ 25.119408297213933, 60.2263971865409 ], [ 25.119179297213709, 60.226469870309494 ], [ 25.119014765383579, 60.226514445154457 ], [ 25.118338519095623, 60.226719453194448 ], [ 25.110019619734373, 60.228469308365952 ], [ 25.109846177990185, 60.22850580765602 ], [ 25.109786768650491, 60.22847154220986 ], [ 25.109725552535949, 60.228438072741234 ], [ 25.109662572744405, 60.228405422811029 ], [ 25.10959787361536, 60.228373615403058 ], [ 25.109531500697898, 60.22834267290488 ], [ 25.109463500718665, 60.22831261710315 ], [ 25.109393921549685, 60.228283469149076 ], [ 25.108549118599072, 60.227938976476437 ], [ 25.108505167264322, 60.22792161326273 ], [ 25.108460151451371, 60.227904938348779 ], [ 25.108414114716822, 60.227888967877291 ], [ 25.108367101605719, 60.22787371729288 ], [ 25.108319157607202, 60.227859201354697 ], [ 25.108270329110027, 60.22784543410971 ], [ 25.108220663360388, 60.227832428872809 ], [ 25.107931412857194, 60.228315698044923 ], [ 25.107233549009845, 60.228450835018805 ], [ 25.106170741379536, 60.228294781258718 ], [ 25.10614288716005, 60.228283376999812 ], [ 25.105478626554373, 60.228016283607118 ], [ 25.104914756198063, 60.227927773011558 ], [ 25.104853773683171, 60.227788282970629 ], [ 25.104136523533104, 60.227748043904448 ], [ 25.103554543888439, 60.227957585850078 ], [ 25.103366790542296, 60.228150337302068 ], [ 25.102873950331542, 60.227938462701417 ], [ 25.102723779871095, 60.227873893555227 ], [ 25.103253701109335, 60.227569755904099 ], [ 25.103258244384293, 60.227455414268206 ], [ 25.102863752267229, 60.227100833692617 ], [ 25.102768596453743, 60.227127023938529 ], [ 25.102207142111492, 60.227172043565666 ], [ 25.102057945885537, 60.226711695985038 ], [ 25.10187979995839, 60.226725980738024 ], [ 25.102028999168208, 60.227186329411943 ], [ 25.100476236810522, 60.227301734623616 ], [ 25.100253183240763, 60.22723140180166 ], [ 25.100422526169737, 60.226841160316837 ], [ 25.100166540346098, 60.226861278194747 ], [ 25.100157595991785, 60.22685611064594 ], [ 25.09998947911166, 60.227243522728244 ], [ 25.09934092013777, 60.227381360729865 ], [ 25.098994711535209, 60.227454938305577 ], [ 25.098466730441558, 60.227207920621723 ], [ 25.098380182823732, 60.227253684684555 ], [ 25.09885336654288, 60.227475062322746 ], [ 25.098038008816197, 60.227633213558001 ], [ 25.097692892470373, 60.227568747586332 ], [ 25.097335149637193, 60.227501909711329 ], [ 25.096760795827816, 60.227394619935225 ], [ 25.096958515490584, 60.227132781759437 ], [ 25.09690157280459, 60.227120588129374 ], [ 25.09660884564914, 60.227496663872451 ], [ 25.096144871192983, 60.227398684652648 ], [ 25.095713019673941, 60.227307483077361 ], [ 25.095314399216214, 60.227223298306569 ], [ 25.094600721261635, 60.227039157843322 ], [ 25.094239456575345, 60.226833504726514 ], [ 25.093904429140569, 60.226650326269258 ], [ 25.093500426589195, 60.226488678776043 ], [ 25.093317109011238, 60.226405662569199 ], [ 25.093061583694674, 60.226291910481841 ], [ 25.092210234365119, 60.225951001517267 ], [ 25.092097559362802, 60.225984193856164 ], [ 25.091705958388619, 60.225699141686825 ], [ 25.091330918966037, 60.225426174855023 ], [ 25.09067637627113, 60.224791744711467 ], [ 25.090538222228293, 60.224677666058803 ], [ 25.09031999878669, 60.224501867902568 ], [ 25.090173798490774, 60.224360370998035 ], [ 25.08990832386349, 60.224099691871679 ], [ 25.089835698140213, 60.224028637277058 ], [ 25.089719545193173, 60.223960222115466 ], [ 25.089573249034871, 60.224002008847293 ], [ 25.089550261952613, 60.223972915440719 ], [ 25.089273570778378, 60.223622636988928 ], [ 25.088762610463256, 60.223203242040348 ], [ 25.087870766674353, 60.222743039128481 ], [ 25.08626268935561, 60.222249947945663 ], [ 25.084836951610104, 60.223400096985408 ], [ 25.084745891273226, 60.223456252132607 ], [ 25.084405966430676, 60.223665871348011 ], [ 25.08427137424054, 60.223713060527679 ], [ 25.083768874555805, 60.223813887569818 ], [ 25.080251078483506, 60.224960809702061 ], [ 25.08024134025905, 60.22496421819995 ], [ 25.080232075176362, 60.224967938756798 ], [ 25.080223323581745, 60.224971955174453 ], [ 25.080215123586129, 60.224976249958296 ], [ 25.080207510897875, 60.224980804407537 ], [ 25.080200518668047, 60.224985598689138 ], [ 25.080194177345973, 60.224990611924476 ], [ 25.080188514545796, 60.224995822286004 ], [ 25.080183554928009, 60.225001207081093 ], [ 25.08017932009065, 60.225006742859748 ], [ 25.080175828474861, 60.225012405520232 ], [ 25.080173095286771, 60.225018170397966 ], [ 25.080171132427939, 60.225024012391835 ], [ 25.080169948447441, 60.225029906060996 ], [ 25.080169548500674, 60.225035825740029 ], [ 25.080169059060054, 60.225465749724613 ], [ 25.080085116038479, 60.226994815049977 ], [ 25.078082904838659, 60.226967606549778 ], [ 25.078085521795003, 60.226919994289524 ], [ 25.077931012161191, 60.226917544185795 ], [ 25.077555020526521, 60.226911580418907 ], [ 25.07743949745511, 60.2270845591785 ], [ 25.077079824575137, 60.227079667867919 ], [ 25.077005023916275, 60.228439613514297 ], [ 25.076819703788139, 60.228526879762292 ], [ 25.076445328605853, 60.228440976433347 ], [ 25.075901194206384, 60.228571970024504 ] ] ] } },
{ "type": "Feature", "properties": { "id": 111903, "aluejako": "KAUPUNGINOSA", "kunta": "091", "tunnus": "04", "nimi_fi": "KAMPPI", "nimi_se": "KAMPEN", "yhtluontipvm": "2009-12-30", "yhtmuokkauspvm": "2020-11-25", "yhtdatanomistaja": "Helsinki/Kami", "paivitetty_tietopalveluun": "2025-11-21" }, "geometry": { "type": "Polygon", "coordinates": [ [ [ 24.920643278531649, 60.164832559901292 ], [ 24.920716144496129, 60.164309327590502 ], [ 24.920802177866413, 60.163691515275609 ], [ 24.920837090233711, 60.163440809590526 ], [ 24.920911901687585, 60.162903581008067 ], [ 24.920920005422904, 60.162845381830238 ], [ 24.921220040350779, 60.16263170779122 ], [ 24.921487256364891, 60.162441399172366 ], [ 24.921570515164198, 60.162382102773776 ], [ 24.921660225649877, 60.162373845459264 ], [ 24.921835464281941, 60.16284670396464 ], [ 24.922451318242743, 60.162464404505698 ], [ 24.922188531169525, 60.162146365069866 ], [ 24.925015044205349, 60.160733266304966 ], [ 24.927259408493807, 60.160471737380398 ], [ 24.927547691547748, 60.161239100981646 ], [ 24.928785639772183, 60.16167054705646 ], [ 24.928902061971765, 60.161711122065903 ], [ 24.9289732345622, 60.161733396912773 ], [ 24.929651492736919, 60.161945672700909 ], [ 24.929929069590951, 60.161985261476957 ], [ 24.931197185012884, 60.162417722308561 ], [ 24.931241660216237, 60.162432888772031 ], [ 24.931521741780042, 60.162530976603868 ], [ 24.932495448171117, 60.162871966155024 ], [ 24.932940758352895, 60.163027905522014 ], [ 24.933099137635903, 60.163083344348323 ], [ 24.933343623140725, 60.162908244292126 ], [ 24.934237276972642, 60.162268167509659 ], [ 24.934601965619937, 60.162394323814716 ], [ 24.935026274827521, 60.162541097142636 ], [ 24.935415804177769, 60.162675836727558 ], [ 24.9356350670278, 60.162750926106234 ], [ 24.936103400619082, 60.162915676327053 ], [ 24.936559988225085, 60.163076291455816 ], [ 24.937014359353938, 60.163236123986351 ], [ 24.937468749295228, 60.163395959450426 ], [ 24.937926673092836, 60.16355703541371 ], [ 24.938142759575118, 60.163631251216373 ], [ 24.938564561233605, 60.163778892500133 ], [ 24.938986348647699, 60.1639265423034 ], [ 24.939830978799922, 60.164222186596213 ], [ 24.940254561301366, 60.164370450675897 ], [ 24.940466228686585, 60.164445148052828 ], [ 24.940891634826738, 60.164593059968844 ], [ 24.941261849036653, 60.164721762842326 ], [ 24.942142062527637, 60.165027789126469 ], [ 24.9425824184192, 60.165180880956321 ], [ 24.942799299789019, 60.165255519410749 ], [ 24.943464835451273, 60.165487113895097 ], [ 24.943429084959703, 60.165930447097196 ], [ 24.943403155441807, 60.166252172552113 ], [ 24.943239780483964, 60.166364365768082 ], [ 24.942989301571025, 60.166532686988539 ], [ 24.942772036119297, 60.166677998264767 ], [ 24.942475553435298, 60.166876285598583 ], [ 24.942240117357183, 60.167033437491462 ], [ 24.941949316688198, 60.167227530992562 ], [ 24.941701974119059, 60.167393264412574 ], [ 24.941547515815408, 60.167495634926937 ], [ 24.94120702719043, 60.167719879411699 ], [ 24.941063946234408, 60.167814119062278 ], [ 24.940576333053844, 60.168135268007354 ], [ 24.940418283760682, 60.168244315111252 ], [ 24.939693543341576, 60.168724933771202 ], [ 24.939372264544581, 60.168937972817155 ], [ 24.939049378217053, 60.169152090085284 ], [ 24.93824700562185, 60.16968414280938 ], [ 24.938078335005372, 60.169621714424615 ], [ 24.937916934892115, 60.169739937042152 ], [ 24.937594131187851, 60.169976380783211 ], [ 24.936322518762399, 60.170821222129483 ], [ 24.936032093261485, 60.171019731220532 ], [ 24.935977592654517, 60.171056983500492 ], [ 24.935672016113365, 60.17126584482812 ], [ 24.935643784969074, 60.171288394482289 ], [ 24.935648579586683, 60.171294002687887 ], [ 24.935652599118189, 60.171299760107082 ], [ 24.935655825022305, 60.171305640184848 ], [ 24.935658242419152, 60.171311615796434 ], [ 24.935659840157424, 60.171317659381934 ], [ 24.935660610867181, 60.171323743062466 ], [ 24.935660550992932, 60.171329838776479 ], [ 24.935659660810408, 60.17133591840652 ], [ 24.935657944424825, 60.171341953909767 ], [ 24.935655409753306, 60.17134791744833 ], [ 24.935652068486988, 60.171353781509822 ], [ 24.935647936036649, 60.171359519052366 ], [ 24.935643031464121, 60.171365103606391 ], [ 24.935075706326977, 60.171955592143895 ], [ 24.934958988428836, 60.172077071339721 ], [ 24.93472087409981, 60.171978226266752 ], [ 24.93457550607733, 60.17200627913752 ], [ 24.934352271437085, 60.172049357685928 ], [ 24.934151214222567, 60.171947669424767 ], [ 24.933946140878863, 60.171847992166306 ], [ 24.933737132443408, 60.171750365285924 ], [ 24.933524271507526, 60.171654827341605 ], [ 24.933307642181251, 60.171561416068243 ], [ 24.933087330060232, 60.171470168366433 ], [ 24.932863422193616, 60.171381120269508 ], [ 24.932651421566721, 60.171300083882535 ], [ 24.931945183403393, 60.171053324921616 ], [ 24.929051904307357, 60.170164089266819 ], [ 24.928998949499771, 60.170148138479718 ], [ 24.928785434987955, 60.17008382889113 ], [ 24.928742053874554, 60.170070761568368 ], [ 24.927281065215624, 60.169612207117218 ], [ 24.926983832290876, 60.169528745332556 ], [ 24.926910437916007, 60.169505495286423 ], [ 24.927035432832508, 60.169420160119152 ], [ 24.927183556873931, 60.169319035376141 ], [ 24.925950935251013, 60.168935535503294 ], [ 24.9251645625991, 60.168682611944206 ], [ 24.925120014873297, 60.168670317432849 ], [ 24.925077321266109, 60.168656485747391 ], [ 24.925036695049901, 60.168641185985905 ], [ 24.924998339169683, 60.168624494577003 ], [ 24.924962445227962, 60.16860649490274 ], [ 24.924929192527575, 60.16858727687783 ], [ 24.924898747176794, 60.168566936509635 ], [ 24.924871261257898, 60.168545575405965 ], [ 24.924846872070276, 60.168523300271559 ], [ 24.924759151265373, 60.168535142073054 ], [ 24.923838504523442, 60.168210188070063 ], [ 24.922377609004389, 60.167755467602987 ], [ 24.921595996808527, 60.167525214623559 ], [ 24.921217867386066, 60.167512019101309 ], [ 24.920894853035055, 60.16750074653099 ], [ 24.920960203117215, 60.166982604275312 ], [ 24.920822246083571, 60.166904533382755 ], [ 24.920717180021335, 60.166901003363925 ], [ 24.92072177732538, 60.166768377729156 ], [ 24.920924271166449, 60.165583610329158 ], [ 24.920892839373508, 60.16545262631287 ], [ 24.920891337043141, 60.165407746376843 ], [ 24.920943374777934, 60.165073323470409 ], [ 24.920811983986628, 60.164864063209215 ], [ 24.920787848743121, 60.164844901460434 ], [ 24.920734141026227, 60.164835683876333 ], [ 24.920643278531649, 60.164832559901292 ] ] ] } },
{ "type": "Feature", "properties": { "id": 111941, "aluejako": "KAUPUNGINOSA", "kunta": "091", "tunnus": "06", "nimi_fi": "EIRA", "nimi_se": "EIRA", "yhtluontipvm": "2009-12-30", "yhtmuokkauspvm": "2020-12-02", "yhtdatanomistaja": "Helsinki/Kami", "paivitetty_tietopalveluun": "2025-11-21" }, "geometry": { "type": "Polygon", "coordinates": [ [ [ 24.934388908470453, 60.156320076110994 ], [ 24.934443210325043, 60.15626581380031 ], [ 24.934500122693308, 60.156212220341217 ], [ 24.934559612429908, 60.156159326934649 ], [ 24.934621644890086, 60.156107164372209 ], [ 24.93468618394882, 60.156055763020738 ], [ 24.934753192022455, 60.156005152807744 ], [ 24.934822630090615, 60.155955363190387 ], [ 24.9349659399907, 60.155860065203143 ], [ 24.935118145839464, 60.155768258547575 ], [ 24.935278905770939, 60.155680149390008 ], [ 24.935447858718657, 60.155595935583555 ], [ 24.935624625227121, 60.15551580623503 ], [ 24.93580880830293, 60.155439941285884 ], [ 24.935999994308474, 60.155368511086031 ], [ 24.936349390663587, 60.15418439769384 ], [ 24.936635613802345, 60.153214351907621 ], [ 24.943707015828082, 60.153213306467926 ], [ 24.943310826374141, 60.154035002749104 ], [ 24.942896747355448, 60.154893762285838 ], [ 24.942821003217187, 60.155050844172699 ], [ 24.942810265692994, 60.155073111247908 ], [ 24.942729379604632, 60.155240852808937 ], [ 24.942616138896437, 60.155475415178394 ], [ 24.942455625824174, 60.155807880090251 ], [ 24.942385895611693, 60.155952304433185 ], [ 24.942316182807314, 60.156096720666113 ], [ 24.942246451386499, 60.156241135953707 ], [ 24.94210835287306, 60.156527185511152 ], [ 24.942032127929991, 60.156685127446728 ], [ 24.941956513339555, 60.156841670328276 ], [ 24.941881474594037, 60.156996991855813 ], [ 24.941806433339394, 60.157152313336248 ], [ 24.941656368513996, 60.157462955269601 ], [ 24.941427175007568, 60.157937383909626 ], [ 24.941412054346124, 60.157972497795299 ], [ 24.941074785986551, 60.157957543637771 ], [ 24.940464406376407, 60.157930479090915 ], [ 24.940068227525153, 60.157912910567013 ], [ 24.939430025919858, 60.157884429396347 ], [ 24.939052745176362, 60.157867591689232 ], [ 24.938334303860746, 60.157835523906122 ], [ 24.937928908086835, 60.157817752621682 ], [ 24.93760440133503, 60.157803120124981 ], [ 24.937281587134098, 60.157788693172549 ], [ 24.936958755209595, 60.157774265425225 ], [ 24.936637364004298, 60.157759899510829 ], [ 24.936398121504002, 60.157748878827078 ], [ 24.935863742444091, 60.157725507683125 ], [ 24.93546018624744, 60.157707638186146 ], [ 24.935181004021718, 60.157694457893506 ], [ 24.934860119268485, 60.157680643496846 ], [ 24.934458959689259, 60.15766337258659 ], [ 24.934040670255978, 60.157645361334652 ], [ 24.933819548567342, 60.157635839426788 ], [ 24.933749979589734, 60.157632843662483 ], [ 24.933341240821751, 60.157569943324546 ], [ 24.933555969908547, 60.157234837529884 ], [ 24.933748251032601, 60.156935680328154 ], [ 24.933808267247986, 60.156945263797745 ], [ 24.933899303258269, 60.156847246063215 ], [ 24.934388908470453, 60.156320076110994 ] ] ] } },
{ "type": "Feature", "properties": { "id": 111998, "aluejako": "KAUPUNGINOSA", "kunta": "091", "tunnus": "23", "nimi_fi": "TOUKOLA", "nimi_se": "MAJSTAD", "yhtluontipvm": "2009-12-30", "yhtmuokkauspvm": "2020-12-04", "yhtdatanomistaja": "Helsinki/Kami", "paivitetty_tietopalveluun": "2025-11-21" }, "geometry": { "type": "Polygon", "coordinates": [ [ [ 24.963554825504598, 60.201025829772114 ], [ 24.96382996508034, 60.200980781278375 ], [ 24.964815650255161, 60.20081941296948 ], [ 24.96510702927042, 60.200771711210159 ], [ 24.965433773111968, 60.200718216334685 ], [ 24.965642628860476, 60.200684018687973 ], [ 24.96608969032668, 60.200610819101492 ], [ 24.967377955084395, 60.200399873912623 ], [ 24.96777187592394, 60.200335364402243 ], [ 24.974623070810395, 60.201228567691892 ], [ 24.980528566164669, 60.200479940962161 ], [ 24.997972872756431, 60.198266823264682 ], [ 24.985208767899252, 60.205797639317325 ], [ 24.987819886491543, 60.210173588830429 ], [ 24.985709472278259, 60.210568163966045 ], [ 24.984105524077908, 60.210868018109586 ], [ 24.98292420403882, 60.211089323440582 ], [ 24.98309459330213, 60.211138857061833 ], [ 24.983178593723142, 60.211159133255009 ], [ 24.98329060823901, 60.211193328359023 ], [ 24.983351275061597, 60.21120723077545 ], [ 24.983387430548866, 60.211210696215161 ], [ 24.983432912244545, 60.211211255683672 ], [ 24.983469071059908, 60.211215301808743 ], [ 24.983502890237371, 60.211216445892006 ], [ 24.983549557103434, 60.211227452812849 ], [ 24.983578735466274, 60.211239629738614 ], [ 24.983600937330362, 60.211262837438063 ], [ 24.983585825828452, 60.211289546306681 ], [ 24.983560205590578, 60.211306973326515 ], [ 24.983518298882473, 60.211345303779098 ], [ 24.983518323137663, 60.211358073955743 ], [ 24.98354284532461, 60.211376057382836 ], [ 24.983554527346733, 60.211387080600623 ], [ 24.983587234950683, 60.211414928081112 ], [ 24.983608278780849, 60.211442199688385 ], [ 24.983616483345664, 60.21146425501037 ], [ 24.983618909888321, 60.211513592984304 ], [ 24.983601505602927, 60.211558877918328 ], [ 24.983609807645742, 60.211631433237734 ], [ 24.983637935459203, 60.211703978436937 ], [ 24.983646219083582, 60.211766666215745 ], [ 24.983687184744607, 60.211844429476514 ], [ 24.983705932390642, 60.211890857838128 ], [ 24.983764627997381, 60.21197668942493 ], [ 24.982264951326087, 60.211984812219967 ], [ 24.981351750540362, 60.21198975001451 ], [ 24.981243539237788, 60.211990336110574 ], [ 24.981153451229094, 60.211990823272359 ], [ 24.981152470528421, 60.211945948021551 ], [ 24.981146686761679, 60.211680924826879 ], [ 24.980894115365096, 60.211682555422371 ], [ 24.979927022327526, 60.211687774517721 ], [ 24.979680120960111, 60.211734006819178 ], [ 24.979399228636201, 60.211786604113001 ], [ 24.978335723480164, 60.211985736646291 ], [ 24.978310315773779, 60.211952135847305 ], [ 24.978259505929756, 60.211884931542471 ], [ 24.978215043202713, 60.211826128319544 ], [ 24.977954627775279, 60.211481716954907 ], [ 24.977623988179982, 60.211553481710212 ], [ 24.976378721377934, 60.211823772178214 ], [ 24.976152131589544, 60.211565256800199 ], [ 24.975988257236896, 60.21160082540171 ], [ 24.975916931514721, 60.211586848574022 ], [ 24.975834356512049, 60.211604769961959 ], [ 24.975358289519789, 60.211061606239603 ], [ 24.975431759096853, 60.211045660737533 ], [ 24.975472562268987, 60.210985266654028 ], [ 24.975471799584149, 60.210926962425951 ], [ 24.975376681074646, 60.210818436913314 ], [ 24.972610686589302, 60.211382136626582 ], [ 24.972456528289921, 60.211521938474505 ], [ 24.971961949736325, 60.211970443308573 ], [ 24.970854539927107, 60.212658417132502 ], [ 24.970431853387858, 60.212235032966085 ], [ 24.969556436346927, 60.211198652248015 ], [ 24.96923167354203, 60.210814153593354 ], [ 24.969224792719189, 60.210805369138647 ], [ 24.969218848293906, 60.210796417005362 ], [ 24.969213856666176, 60.210787321891729 ], [ 24.96920983160766, 60.21077810889328 ], [ 24.96920678422261, 60.210768803425609 ], [ 24.969204722918597, 60.210759431167993 ], [ 24.969203653381953, 60.210750017977958 ], [ 24.969153212312381, 60.209919983395174 ], [ 24.969110922067365, 60.209788188880609 ], [ 24.969054048286345, 60.209610930624201 ], [ 24.968997175119554, 60.209433671441154 ], [ 24.968933780405624, 60.209236112867657 ], [ 24.96888695505983, 60.209090177383054 ], [ 24.968823496944161, 60.208892408707428 ], [ 24.968780849737708, 60.208759464235769 ], [ 24.968726822379111, 60.208591071469748 ], [ 24.968672797386024, 60.208422669702493 ], [ 24.968618754902451, 60.208254277777662 ], [ 24.968564731016546, 60.20808587595787 ], [ 24.968510705872067, 60.207917483086781 ], [ 24.968424890002197, 60.20764998806473 ], [ 24.968254073302493, 60.207278096078852 ], [ 24.968174398788516, 60.20710302550286 ], [ 24.968016315562426, 60.2067556749465 ], [ 24.967971603008063, 60.206662725801216 ], [ 24.967839563163338, 60.206373849675217 ], [ 24.967724365109195, 60.206121837634278 ], [ 24.967480213518986, 60.205730458180589 ], [ 24.967441929646064, 60.205667895704323 ], [ 24.967250056559234, 60.205360182852957 ], [ 24.96703149088528, 60.205009667514595 ], [ 24.966988692191194, 60.204941021155427 ], [ 24.96687410932941, 60.204763877686446 ], [ 24.966754306519913, 60.204587591907682 ], [ 24.966629309744306, 60.20441220193343 ], [ 24.966499146106681, 60.204237745672387 ], [ 24.966363843826048, 60.204064260836752 ], [ 24.96622343223088, 60.20389178493371 ], [ 24.966077941753351, 60.203720355235589 ], [ 24.966012892880855, 60.203645911534679 ], [ 24.965946886195056, 60.20357167703515 ], [ 24.965879924417234, 60.203497654798447 ], [ 24.965812010308522, 60.203423847862389 ], [ 24.965743146668956, 60.203350259264276 ], [ 24.965673336337307, 60.203276892034523 ], [ 24.96560258219187, 60.203203749186834 ], [ 24.965196738388006, 60.202787629317484 ], [ 24.964855743151833, 60.202437991765819 ], [ 24.964821585851006, 60.202402967003088 ], [ 24.964440254360348, 60.202047772658332 ], [ 24.963964005497537, 60.201498103974586 ], [ 24.963554825504598, 60.201025829772114 ] ] ] } },
{ "type": "Feature", "properties": { "id": 112082, "aluejako": "KAUPUNGINOSA", "kunta": "091", "tunnus": "32", "nimi_fi": "KONALA", "nimi_se": "KÅNALA", "yhtluontipvm": "2009-12-30", "yhtmuokkauspvm": "2020-12-03", "yhtdatanomistaja": "Helsinki/Kami", "paivitetty_tietopalveluun": "2025-11-21" }, "geometry": { "type": "Polygon", "coordinates": [ [ [ 24.83220367518204, 60.251603510610217 ], [ 24.832508045701765, 60.250649716775236 ], [ 24.832662611000785, 60.250163367020072 ], [ 24.832747887550028, 60.24989616166139 ], [ 24.833111815608692, 60.24875758492319 ], [ 24.833423436025704, 60.24778086571272 ], [ 24.833552858409821, 60.247365630800104 ], [ 24.833684049498032, 60.246942777879305 ], [ 24.83382991878668, 60.246476690950175 ], [ 24.834330148009791, 60.244868304367259 ], [ 24.834359463909614, 60.244783478962887 ], [ 24.834865323072783, 60.243222738215394 ], [ 24.834903670886458, 60.243057414949639 ], [ 24.834914402574039, 60.243023582221866 ], [ 24.834943671583087, 60.242933093158371 ], [ 24.835055358023371, 60.242579917007959 ], [ 24.835114869521398, 60.242391687919877 ], [ 24.83517957269267, 60.242226415238285 ], [ 24.835198252640041, 60.242177136784143 ], [ 24.835271649835473, 60.241962869385873 ], [ 24.835344353842778, 60.241749839680672 ], [ 24.835390631332729, 60.24161879399842 ], [ 24.835417669574593, 60.24153703507195 ], [ 24.835490977622932, 60.241314770377869 ], [ 24.835508202773081, 60.241263802703621 ], [ 24.835575625171312, 60.241066607817736 ], [ 24.835640560083263, 60.240872102420688 ], [ 24.835667957031465, 60.240776144858842 ], [ 24.835742139810794, 60.24051910156291 ], [ 24.835821307673932, 60.240268508691351 ], [ 24.83586393067775, 60.240159905676798 ], [ 24.835867030969151, 60.240131969210331 ], [ 24.835869582606474, 60.240109058267713 ], [ 24.836043060615349, 60.239571361268993 ], [ 24.836195576069503, 60.239098556936959 ], [ 24.83623424622267, 60.238974843373008 ], [ 24.836531411538012, 60.238036063528988 ], [ 24.836686554720384, 60.237547438202604 ], [ 24.836746486528824, 60.237358077875847 ], [ 24.836767974463733, 60.237291210906776 ], [ 24.836938390999951, 60.236760644183533 ], [ 24.835959302873416, 60.236685417963052 ], [ 24.835989965122337, 60.236578092523899 ], [ 24.836163719919981, 60.23596994778385 ], [ 24.836280567725758, 60.23556249360869 ], [ 24.836291092277374, 60.235525985819393 ], [ 24.836355287689852, 60.235302973241708 ], [ 24.83641909621436, 60.235081360306779 ], [ 24.836482922236993, 60.234859684528402 ], [ 24.836546894066867, 60.234637551148367 ], [ 24.836621499414669, 60.234378452299772 ], [ 24.836704093122751, 60.234091557533972 ], [ 24.836773057450063, 60.233852080774085 ], [ 24.836888706424638, 60.233450377683155 ], [ 24.836930127528024, 60.233305099383834 ], [ 24.836991120426273, 60.23309392998528 ], [ 24.837007165049151, 60.233038383169486 ], [ 24.837069790118818, 60.232824343612705 ], [ 24.837080478785822, 60.232782051321877 ], [ 24.837179949282771, 60.232431287525337 ], [ 24.837250622573663, 60.232182063510315 ], [ 24.837249737068966, 60.232167737730997 ], [ 24.837275128030658, 60.232077180434722 ], [ 24.837364810840686, 60.231752256230294 ], [ 24.837403245196022, 60.231611560504852 ], [ 24.837453855726949, 60.231428237682117 ], [ 24.837551694199611, 60.231073758430881 ], [ 24.83757265491667, 60.230999207707626 ], [ 24.837661137558026, 60.230678572014568 ], [ 24.837679017621788, 60.230613782709035 ], [ 24.837837013344334, 60.230041257217948 ], [ 24.837849857628949, 60.229994753544261 ], [ 24.83788240058227, 60.229876811998587 ], [ 24.837963379969612, 60.229583380226536 ], [ 24.840883838501195, 60.230344624675269 ], [ 24.844405505144866, 60.23042240079338 ], [ 24.845379266511117, 60.23044388688087 ], [ 24.845648659750541, 60.230449835193753 ], [ 24.847084818583308, 60.230481506812929 ], [ 24.847419926961212, 60.230488899562737 ], [ 24.847497780356477, 60.230490616278168 ], [ 24.848111578964865, 60.230504150966468 ], [ 24.858715252907441, 60.23390788902752 ], [ 24.859201905411403, 60.233884575974159 ], [ 24.860451385913787, 60.233824716752792 ], [ 24.860589323992048, 60.233818112232044 ], [ 24.860848125586312, 60.234060423362138 ], [ 24.861958885241979, 60.235133254231457 ], [ 24.862728599232845, 60.235876643297573 ], [ 24.862766699094145, 60.235910915702469 ], [ 24.862846568611989, 60.235882757683271 ], [ 24.862923549422156, 60.235852676045631 ], [ 24.862997454337187, 60.235820743944238 ], [ 24.863068103651003, 60.235787039026285 ], [ 24.863135325575588, 60.235751643252158 ], [ 24.863198956659041, 60.235714642696585 ], [ 24.863258842182418, 60.235676127329114 ], [ 24.863472201957968, 60.235759093509508 ], [ 24.865405942998208, 60.235315217346454 ], [ 24.866055025142067, 60.236014388606321 ], [ 24.865640369224216, 60.236574190876951 ], [ 24.864672923193407, 60.236796256544366 ], [ 24.863886454895102, 60.237104724453701 ], [ 24.863256388050814, 60.236855197318874 ], [ 24.860832898412362, 60.23836810519078 ], [ 24.860078409365521, 60.238826608047475 ], [ 24.859248965033554, 60.239186580933357 ], [ 24.85850245246797, 60.239510551631412 ], [ 24.858344570427494, 60.239448022461431 ], [ 24.858102495428387, 60.239352144045618 ], [ 24.856420964647306, 60.240401640161224 ], [ 24.855578011724113, 60.240934545840915 ], [ 24.852994865263536, 60.242560014010827 ], [ 24.850378679502722, 60.244206050351444 ], [ 24.850258571051867, 60.244356708035014 ], [ 24.849260757616317, 60.245016833410503 ], [ 24.849098050517629, 60.245124476649117 ], [ 24.848471996232949, 60.245260192503153 ], [ 24.848317868190744, 60.245185184502731 ], [ 24.847628868579008, 60.245633700716695 ], [ 24.846675737964173, 60.246204860098707 ], [ 24.846510684421911, 60.246199275194606 ], [ 24.846278108222045, 60.246353338158556 ], [ 24.845061981216077, 60.247158895531889 ], [ 24.84484002195143, 60.2473051283865 ], [ 24.84394981576904, 60.247891614106038 ], [ 24.843218613176774, 60.248373329346194 ], [ 24.843030343761541, 60.24849735892434 ], [ 24.842659877486664, 60.248743393351369 ], [ 24.841880882852692, 60.249260712579094 ], [ 24.840826834208492, 60.2499606691784 ], [ 24.840101981951097, 60.250428433384165 ], [ 24.839905265169637, 60.250558047225702 ], [ 24.838974672453986, 60.25117116214701 ], [ 24.838651006659411, 60.251387083192398 ], [ 24.83775313341987, 60.251986054613049 ], [ 24.836900130109427, 60.252548788650103 ], [ 24.835896871384577, 60.253228409542047 ], [ 24.835009322897431, 60.253794291084077 ], [ 24.834650624437494, 60.254030817285773 ], [ 24.833684429517621, 60.254667222540164 ], [ 24.832340069584578, 60.254306311777228 ], [ 24.831402421240202, 60.254055466405923 ], [ 24.83168109588566, 60.253205190702985 ], [ 24.831867709828458, 60.252633221968914 ], [ 24.832069654772393, 60.252014295357981 ], [ 24.8321200998584, 60.251857667555271 ], [ 24.83220367518204, 60.251603510610217 ] ] ] } },
{ "type": "Feature", "properties": { "id": 112141, "aluejako": "KAUPUNGINOSA", "kunta": "091", "tunnus": "57", "nimi_fi": "TALOSAARI", "nimi_se": "HUSÖ", "yhtluontipvm": "2009-12-30", "yhtmuokkauspvm": "2020-12-02", "yhtdatanomistaja": "Helsinki/Kami", "paivitetty_tietopalveluun": "2025-11-21" }, "geometry": { "type": "Polygon", "coordinates": [ [ [ 25.180194141606879, 60.243818165608204 ], [ 25.188302223976592, 60.237400933231569 ], [ 25.198443151897759, 60.229385054674225 ], [ 25.19868359943068, 60.229194940934939 ], [ 25.204551785179703, 60.230726486868335 ], [ 25.204389204631632, 60.229894536953033 ], [ 25.208325712169003, 60.231571331555728 ], [ 25.226630550874617, 60.239364691907696 ], [ 25.223101017075148, 60.242836650477756 ], [ 25.221637799348102, 60.244275756045269 ], [ 25.218701878839958, 60.245101199151208 ], [ 25.21624026699542, 60.245785890159581 ], [ 25.211908758155044, 60.246881123291516 ], [ 25.209016201866195, 60.247009183636038 ], [ 25.203214406179196, 60.246749521436811 ], [ 25.198682099109668, 60.246546493485653 ], [ 25.196051698939215, 60.246428591147911 ], [ 25.189867851098153, 60.246933347117753 ], [ 25.188554434650591, 60.247040513358655 ], [ 25.188195709243626, 60.247069782976148 ], [ 25.187500492335527, 60.247105544346738 ], [ 25.186064907948346, 60.246218109652688 ], [ 25.184885164528175, 60.24548879203337 ], [ 25.184876617623139, 60.245490143059207 ], [ 25.184592645773218, 60.24553492045402 ], [ 25.183959418417807, 60.24502957567428 ], [ 25.18377304554576, 60.244931973653003 ], [ 25.183538365238647, 60.244882241825763 ], [ 25.183314843051335, 60.244857312841482 ], [ 25.183234006907256, 60.244819257617131 ], [ 25.183081391399678, 60.244641549615054 ], [ 25.182959182065343, 60.244499245922853 ], [ 25.182920398201947, 60.244475783026203 ], [ 25.182847476418601, 60.244433454262115 ], [ 25.182668390319702, 60.244343724607432 ], [ 25.182423068387216, 60.244240271765804 ], [ 25.18230170658855, 60.244204877200083 ], [ 25.181720597795721, 60.24399555264457 ], [ 25.180447162605194, 60.243825125184713 ], [ 25.180297050198419, 60.243811856224823 ], [ 25.180194141606879, 60.243818165608204 ] ] ] } },
{ "type": "Feature", "properties": { "id": 114280, "aluejako": "KAUPUNGINOSA", "kunta": "091", "tunnus": "38", "nimi_fi": "MALMI", "nimi_se": "MALM", "yhtluontipvm": "2009-12-30", "yhtmuokkauspvm": "2024-02-01", "yhtdatanomistaja": "Helsinki/Kami", "paivitetty_tietopalveluun": "2025-11-21" }, "geometry": { "type": "Polygon", "coordinates": [ [ [ 24.994441872145405, 60.23124143720311 ], [ 24.994390665854731, 60.231161944818417 ], [ 24.994534254922073, 60.231144275986949 ], [ 24.99467724829443, 60.231125450310998 ], [ 24.994819608288054, 60.231105472755054 ], [ 24.994961297385409, 60.231084348582122 ], [ 24.995102278246957, 60.231062083356797 ], [ 24.995242513718868, 60.231038682951755 ], [ 24.995381966845624, 60.231014153530182 ], [ 24.995785014602667, 60.230950843309692 ], [ 24.996179919189096, 60.230875908757021 ], [ 24.996565326361079, 60.230789606860135 ], [ 24.996939914476791, 60.230692233574942 ], [ 24.997302399028897, 60.230584122834941 ], [ 24.997651537052406, 60.230465645386936 ], [ 24.997986131390864, 60.230337207522879 ], [ 24.998385333274463, 60.230176312667993 ], [ 24.998809518978852, 60.229953033619516 ], [ 24.999142254446092, 60.229787331357251 ], [ 24.999150160940612, 60.229783624316184 ], [ 24.999158501637215, 60.229780160620734 ], [ 24.999167246304904, 60.229776952830022 ], [ 24.999176363249219, 60.229774012565983 ], [ 24.999185819425946, 60.229771350487994 ], [ 24.999195580561778, 60.229768976242234 ], [ 24.999205611277315, 60.229766898435642 ], [ 24.999215875216848, 60.229765124602586 ], [ 24.999226335178935, 60.229763661165549 ], [ 24.999321253463972, 60.229701247053406 ], [ 24.999252403451234, 60.229675347393545 ], [ 24.999384262748041, 60.229589076939448 ], [ 24.999773189820839, 60.229366137481506 ], [ 25.001255090010382, 60.228505388631845 ], [ 25.0013083543896, 60.228474730985269 ], [ 25.001959294088849, 60.228624352967699 ], [ 25.004242347002023, 60.229483118403145 ], [ 25.005336277964073, 60.229894568525978 ], [ 25.005556602433156, 60.230151398285258 ], [ 25.00557414902708, 60.230139853446197 ], [ 25.00560396774425, 60.230120243729516 ], [ 25.006426895641546, 60.229908321599829 ], [ 25.006498816332211, 60.229889799244191 ], [ 25.006552310620737, 60.229876023929158 ], [ 25.007397678409092, 60.230043340282535 ], [ 25.007423622312491, 60.230048190238726 ], [ 25.00744992145804, 60.230052541275327 ], [ 25.007476537073131, 60.230056386983684 ], [ 25.007503429917847, 60.230059721691632 ], [ 25.007530560344513, 60.230062540480105 ], [ 25.007557888353542, 60.230064839198796 ], [ 25.007585373655616, 60.230066614455033 ], [ 25.007914298858857, 60.230084673411106 ], [ 25.008170638142449, 60.230098746494477 ], [ 25.008402619488773, 60.230089192103875 ], [ 25.008781192467644, 60.23011044816603 ], [ 25.009148666264252, 60.230134610134229 ], [ 25.009150837356355, 60.230134834837735 ], [ 25.009153018883428, 60.23013503296928 ], [ 25.009155209530633, 60.23013520441657 ], [ 25.009157407978801, 60.230135349070949 ], [ 25.009159612902966, 60.230135466846157 ], [ 25.009161822974924, 60.230135557671936 ], [ 25.009164036863396, 60.230135621494014 ], [ 25.009653100260493, 60.23014668485208 ], [ 25.009665186701852, 60.230146746059795 ], [ 25.009677251776264, 60.230146383582117 ], [ 25.009689235513186, 60.230145599223775 ], [ 25.009701078346964, 60.230144396880419 ], [ 25.009712721411873, 60.230142782528986 ], [ 25.009724106835055, 60.230140764194523 ], [ 25.009735178024975, 60.230138351910725 ], [ 25.009745879951751, 60.230135557664148 ], [ 25.009756159420188, 60.230132395346857 ], [ 25.009765965336459, 60.230128880676972 ], [ 25.009775248959052, 60.230125031125318 ], [ 25.009783964143899, 60.23012086582272 ], [ 25.009792067571791, 60.230116405475655 ], [ 25.009799518964538, 60.230111672253805 ], [ 25.009806281284241, 60.230106689685989 ], [ 25.0098123209196, 60.230101482534522 ], [ 25.009817607850277, 60.230096076685179 ], [ 25.009822115797718, 60.230090499007119 ], [ 25.0098258223552, 60.23008477722184 ], [ 25.009852425170962, 60.230040107454315 ], [ 25.00988109278336, 60.229995754782621 ], [ 25.009911809926972, 60.229951742813654 ], [ 25.009944560245863, 60.229908094968579 ], [ 25.00997932630246, 60.229864834475599 ], [ 25.010016089586163, 60.229821984361443 ], [ 25.010054830524236, 60.229779567427492 ], [ 25.010086786013229, 60.22974641371038 ], [ 25.010119949764626, 60.229713554822681 ], [ 25.010154310781918, 60.229681001661767 ], [ 25.010189857673147, 60.229648765014517 ], [ 25.010226578652496, 60.229616855566526 ], [ 25.010264461545351, 60.229585283893762 ], [ 25.010303493791785, 60.229554060461417 ], [ 25.010313256676834, 60.229545906161775 ], [ 25.010323096560015, 60.229537774784703 ], [ 25.010333013223775, 60.229529666516441 ], [ 25.010343006448622, 60.22952158153241 ], [ 25.010353076013512, 60.229513520011395 ], [ 25.010363221695869, 60.229505482135217 ], [ 25.010373443270694, 60.229497468077881 ], [ 25.010408742572697, 60.22947041275274 ], [ 25.01044490605188, 60.229443641233622 ], [ 25.010481924483404, 60.229417160354309 ], [ 25.010519788424652, 60.229390976864558 ], [ 25.010558488218059, 60.229365097439235 ], [ 25.010598013991512, 60.229339528684612 ], [ 25.010638355663602, 60.229314277116657 ], [ 25.010681630398089, 60.229285551906706 ], [ 25.010724242339428, 60.229256582644048 ], [ 25.010766185925238, 60.229227373115947 ], [ 25.01080745568072, 60.229197927132837 ], [ 25.010848046219174, 60.229168248539843 ], [ 25.010887952242815, 60.229138341216469 ], [ 25.010927168542729, 60.229108209058921 ], [ 25.011032043494417, 60.229118654731984 ], [ 25.011136769488825, 60.229129463847535 ], [ 25.011241341434218, 60.229140635889294 ], [ 25.011345754247891, 60.229152170309121 ], [ 25.011450002853934, 60.229164066547391 ], [ 25.011554082184983, 60.229176324026291 ], [ 25.011657987181742, 60.229188942147843 ], [ 25.012037656717546, 60.229238317402405 ], [ 25.012414663570731, 60.229292506108699 ], [ 25.012788761122593, 60.229351472828114 ], [ 25.01315970465366, 60.229415178987018 ], [ 25.013527251503849, 60.229483582913424 ], [ 25.013891161230056, 60.229556639867091 ], [ 25.014251195764039, 60.229634302055736 ], [ 25.014891397102758, 60.229780590221665 ], [ 25.015791478781217, 60.230000567311791 ], [ 25.016657304779031, 60.230176466414775 ], [ 25.017788760652547, 60.230494592898232 ], [ 25.018256856974432, 60.230646088988301 ], [ 25.018624303663419, 60.230765006274879 ], [ 25.01885434253813, 60.230839448603412 ], [ 25.02031572897851, 60.231177874010207 ], [ 25.021717408546134, 60.23150244322489 ], [ 25.024398843334552, 60.232404941991376 ], [ 25.025640521077118, 60.23282282027585 ], [ 25.0256648025129, 60.232831422946504 ], [ 25.026371482708516, 60.23308177754253 ], [ 25.027937063201986, 60.233636384438931 ], [ 25.028752307063648, 60.233942802976351 ], [ 25.032961315107222, 60.235479178207463 ], [ 25.034650972973562, 60.236095859684667 ], [ 25.035176448460799, 60.236275343330519 ], [ 25.035856404276135, 60.236542334186716 ], [ 25.03601706612908, 60.236609967376388 ], [ 25.036168084104997, 60.236682888312416 ], [ 25.036308755783306, 60.236760757860843 ], [ 25.036438426848829, 60.236843213860269 ], [ 25.036556494134381, 60.236929872822245 ], [ 25.03666240842692, 60.237020331705423 ], [ 25.036755677023969, 60.23711416978896 ], [ 25.036835866025207, 60.237210950637163 ], [ 25.036902602352612, 60.237310224122474 ], [ 25.036955575489213, 60.23741152851477 ], [ 25.036994538922631, 60.237514392641621 ], [ 25.037019311295985, 60.237618338067534 ], [ 25.037029777253121, 60.237722881319428 ], [ 25.03702588797757, 60.237827536148103 ], [ 25.037007661422681, 60.237931815770921 ], [ 25.036952024887682, 60.238110373649107 ], [ 25.036872895058764, 60.238286726062171 ], [ 25.036770614073827, 60.238460109671031 ], [ 25.036645624300174, 60.238629773976292 ], [ 25.036498466425549, 60.238794984560585 ], [ 25.036329777123239, 60.238955026284316 ], [ 25.036140286300455, 60.239109206361249 ], [ 25.037311549978032, 60.240152503037578 ], [ 25.037748135288641, 60.240541370988964 ], [ 25.040115774141697, 60.240279973403332 ], [ 25.040928347626021, 60.240190250157696 ], [ 25.043504984710559, 60.240103919033153 ], [ 25.043704463051863, 60.24013963999996 ], [ 25.04412078059341, 60.240214200479727 ], [ 25.044185631650397, 60.240230982616069 ], [ 25.044250148684199, 60.24024808007271 ], [ 25.044314325492692, 60.240265491207701 ], [ 25.044378155906742, 60.240283214344913 ], [ 25.044441633790171, 60.240301247781943 ], [ 25.044504753041004, 60.240319589788008 ], [ 25.044567507591655, 60.240338238595704 ], [ 25.044779472661347, 60.24040437160275 ], [ 25.044986855213715, 60.240474003815045 ], [ 25.04518942164508, 60.240547056810207 ], [ 25.045386943771511, 60.24062344830584 ], [ 25.045579199086529, 60.240703092261342 ], [ 25.045765971009917, 60.240785898977769 ], [ 25.045947049133972, 60.240871775180516 ], [ 25.04596477459566, 60.240880497371499 ], [ 25.045982441177422, 60.240889249042581 ], [ 25.046000048680785, 60.240898030098919 ], [ 25.046017596907834, 60.240906840438029 ], [ 25.046035085661771, 60.240915679960658 ], [ 25.046052514746012, 60.24092454857297 ], [ 25.046069883965004, 60.240933446169642 ], [ 25.046760586187762, 60.241257686648716 ], [ 25.052492765862564, 60.243523133268248 ], [ 25.055248766228356, 60.244612147078264 ], [ 25.057162041332539, 60.245688991551425 ], [ 25.059255321974227, 60.247014256940744 ], [ 25.059635742556779, 60.247253346959788 ], [ 25.059982638026668, 60.247504722019791 ], [ 25.060294407374247, 60.24776722253899 ], [ 25.060569611520183, 60.248039637585045 ], [ 25.060806979967271, 60.248320710453797 ], [ 25.061005416673687, 60.248609144472375 ], [ 25.061164005125566, 60.248903608969961 ], [ 25.061282012583082, 60.249202745426835 ], [ 25.061358893480886, 60.249505173719221 ], [ 25.06139244650624, 60.249698230338232 ], [ 25.06144273614564, 60.249890387008179 ], [ 25.061509668924227, 60.250081285442491 ], [ 25.061593120329277, 60.250270569691416 ], [ 25.061692935040142, 60.250457886806934 ], [ 25.061808927214383, 60.250642887512896 ], [ 25.061940880835699, 60.250825226831843 ], [ 25.061662865243733, 60.250836897614732 ], [ 25.061406722421339, 60.25085203743717 ], [ 25.061058274994739, 60.250872632266386 ], [ 25.060259607376931, 60.250919833106202 ], [ 25.059428954924677, 60.250967119750989 ], [ 25.059600162681186, 60.251739709411638 ], [ 25.053795732066142, 60.252274449184895 ], [ 25.053206284640847, 60.252328737911562 ], [ 25.045710632222626, 60.255301429223955 ], [ 25.04450841922575, 60.264068653933805 ], [ 25.041934600932397, 60.265259905816485 ], [ 25.041722700271713, 60.265357969797904 ], [ 25.041808183368857, 60.265516968916046 ], [ 25.04121539131388, 60.265714120045217 ], [ 25.040812626422483, 60.265774882504296 ], [ 25.040371603822397, 60.265812945151701 ], [ 25.039477432950271, 60.265839477485912 ], [ 25.038390477462467, 60.265829438609174 ], [ 25.037378336693955, 60.265795449708122 ], [ 25.037104557362419, 60.26578625408348 ], [ 25.036370219915526, 60.265765023267683 ], [ 25.036512451106415, 60.26569460346235 ], [ 25.036512336939371, 60.265592104569109 ], [ 25.036510336773393, 60.265561208529626 ], [ 25.036504412502794, 60.265530436946129 ], [ 25.036494587797197, 60.265499912709508 ], [ 25.036480901903129, 60.265469757717703 ], [ 25.036463409486615, 60.265440092398421 ], [ 25.036442180414252, 60.265411035218477 ], [ 25.036417299474987, 60.265382702221679 ], [ 25.036388866040113, 60.265355206553679 ], [ 25.03635699366798, 60.265328658018802 ], [ 25.036177012917843, 60.265202591939868 ], [ 25.036010581271221, 60.265096312641276 ], [ 25.035432927382899, 60.264774415941197 ], [ 25.035215405587607, 60.264641627537891 ], [ 25.035146723331806, 60.264631185904676 ], [ 25.035105370230138, 60.26463372428892 ], [ 25.035050302564542, 60.264550898514798 ], [ 25.034963093152399, 60.264419108298306 ], [ 25.034100946844347, 60.263101885108192 ], [ 25.034064568047373, 60.263046302257592 ], [ 25.033400796976899, 60.262032086368613 ], [ 25.033371793166136, 60.261987769073428 ], [ 25.032736922522606, 60.261052290063866 ], [ 25.032128670271078, 60.260155977812857 ], [ 25.032021693759969, 60.259986555065375 ], [ 25.031981139148133, 60.259922327601053 ], [ 25.031903317498543, 60.259799071244515 ], [ 25.02972773433094, 60.256353278020335 ], [ 25.028994958869696, 60.256448920407109 ], [ 25.028901871781311, 60.256461087899481 ], [ 25.028640825072415, 60.25649491034892 ], [ 25.028378164548183, 60.256525492622011 ], [ 25.028114053061014, 60.256552815760891 ], [ 25.027848654365275, 60.256576862825696 ], [ 25.027582133013723, 60.256597618903612 ], [ 25.027314654256433, 60.256615071128834 ], [ 25.027046383938622, 60.256629208678568 ], [ 25.02700875962276, 60.256629799463852 ], [ 25.026971308645937, 60.256631686972689 ], [ 25.026934211763816, 60.256634862104207 ], [ 25.026897648023667, 60.256639309527216 ], [ 25.026861793900064, 60.256645007778083 ], [ 25.026826822442114, 60.256651929354014 ], [ 25.026792902439329, 60.25666004084961 ], [ 25.026760197607494, 60.256669303113718 ], [ 25.026728865796482, 60.256679671441205 ], [ 25.026699058230587, 60.256691095790657 ], [ 25.026670918777359, 60.256703521022004 ], [ 25.026644583254008, 60.256716887166654 ], [ 25.026620178771264, 60.256731129711042 ], [ 25.026597823120571, 60.256746179910877 ], [ 25.026577624204172, 60.256761965131709 ], [ 25.02655967951625, 60.256778409181642 ], [ 25.026544075670692, 60.25679543269294 ], [ 25.026530887983643, 60.256812953504578 ], [ 25.02652018011019, 60.256830887047222 ], [ 25.026411789840548, 60.257038619101671 ], [ 25.026253368596301, 60.257342222761871 ], [ 25.026327761456184, 60.257545587877622 ], [ 25.026001210624177, 60.257793352181238 ], [ 25.025554526962964, 60.258132263459402 ], [ 25.025456564399889, 60.258251591183807 ], [ 25.024934760685262, 60.258450684660865 ], [ 25.024735252307746, 60.258526809333567 ], [ 25.0242982164763, 60.258727148208607 ], [ 25.023785249947451, 60.258902954459423 ], [ 25.02357404125679, 60.258773871406881 ], [ 25.022873117882934, 60.259025653808052 ], [ 25.022727786159294, 60.258930984674521 ], [ 25.022399139406655, 60.258716900207482 ], [ 25.022067956280555, 60.258501160293548 ], [ 25.021703989651694, 60.258264060959071 ], [ 25.020655187322095, 60.257580812459146 ], [ 25.020633273066039, 60.257566536133034 ], [ 25.019860706542552, 60.257063219276581 ], [ 25.019733461396598, 60.256984484301803 ], [ 25.018454406961666, 60.256137615157947 ], [ 25.017364046242811, 60.255428021606953 ], [ 25.016857316225465, 60.255098230346277 ], [ 25.016000364998686, 60.254540500309808 ], [ 25.01588067034228, 60.254462598999822 ], [ 25.015578963692906, 60.254600309018073 ], [ 25.015510785553555, 60.254633773065393 ], [ 25.015443895349886, 60.254667873048795 ], [ 25.015378317097642, 60.254702596730425 ], [ 25.015314074341983, 60.254737931642744 ], [ 25.015251190148359, 60.254773865102166 ], [ 25.015189687095496, 60.254810384209101 ], [ 25.015129587266156, 60.254847475854525 ], [ 25.015055234827642, 60.254895441012557 ], [ 25.014983229133382, 60.254944282461629 ], [ 25.014913611992242, 60.254993971855193 ], [ 25.014846423827031, 60.2550444803434 ], [ 25.014781703651309, 60.255095778608819 ], [ 25.014719489045696, 60.255147836874663 ], [ 25.014659816138057, 60.255200624917734 ], [ 25.014521328626635, 60.255326666223866 ], [ 25.014374024166045, 60.25528669180553 ], [ 25.014218223769028, 60.255428484561776 ], [ 25.013911086943995, 60.255758413121697 ], [ 25.013981077206346, 60.255867405664873 ], [ 25.013100147294004, 60.25682048876407 ], [ 25.013054917759508, 60.256869424868064 ], [ 25.012984770524678, 60.257050389452402 ], [ 25.012970091869956, 60.257086617969904 ], [ 25.013001330301684, 60.257107693453392 ], [ 25.01286983227293, 60.257334069206145 ], [ 25.012715308572773, 60.25771732842238 ], [ 25.012695177726165, 60.257752174331124 ], [ 25.012600009741579, 60.258118285740608 ], [ 25.012530156377263, 60.258387017861764 ], [ 25.012434824975319, 60.258851083053777 ], [ 25.012263158894964, 60.258902341795917 ], [ 25.0120388540068, 60.258838928367553 ], [ 25.011762078831069, 60.258760680325288 ], [ 25.01138401406287, 60.25865379300847 ], [ 25.011313370831452, 60.258633817296101 ], [ 25.011030569357871, 60.258553862032322 ], [ 25.009925818809148, 60.258241499538222 ], [ 25.008760501415679, 60.257911998863733 ], [ 25.008576041278005, 60.257859840070324 ], [ 25.007604099815044, 60.257584994244134 ], [ 25.007201063238693, 60.257471021184408 ], [ 25.006988972077679, 60.257411043278147 ], [ 25.006458268783273, 60.257319920396704 ], [ 25.006017231276818, 60.257307154873779 ], [ 25.005545663507068, 60.257341150578043 ], [ 25.005353002652893, 60.257355032532573 ], [ 25.004914570819103, 60.257386634528061 ], [ 25.004578615274536, 60.257410856562437 ], [ 25.004462877411356, 60.257419199471542 ], [ 25.00421883583935, 60.257911838464821 ], [ 25.003913739017197, 60.257893926788682 ], [ 25.003822523244629, 60.257913478586836 ], [ 25.00359214346641, 60.25796285106496 ], [ 25.00287246250355, 60.258117097759197 ], [ 25.00244695496362, 60.258208288333329 ], [ 25.001831372303634, 60.258340215677926 ], [ 25.001212100025057, 60.258472922847716 ], [ 25.000775445880695, 60.258175039801998 ], [ 25.000498965215474, 60.257986421226001 ], [ 25.000222469669083, 60.257797793991145 ], [ 25.000100170790652, 60.257714361372436 ], [ 24.999957683114012, 60.257617146135502 ], [ 24.999165326614897, 60.257189310698386 ], [ 24.99910418385522, 60.257156290997209 ], [ 24.998297086700006, 60.256686903492422 ], [ 24.998175567350366, 60.25661651921272 ], [ 24.997901544161603, 60.256453556556551 ], [ 24.997441828857898, 60.25618015753691 ], [ 24.997363155450955, 60.256133361367681 ], [ 24.997226494222325, 60.2560423865256 ], [ 24.9971885526036, 60.256013221319535 ], [ 24.996732684151585, 60.255662857423729 ], [ 24.996293957937212, 60.25532563947533 ], [ 24.996242908661671, 60.25528962366365 ], [ 24.995967329509593, 60.255141205038733 ], [ 24.995799735477576, 60.255048926349687 ], [ 24.99576802010667, 60.255031883000555 ], [ 24.995578896991688, 60.254930228618981 ], [ 24.995504432775991, 60.254889935895861 ], [ 24.994882714099468, 60.254553525472737 ], [ 24.994835066671492, 60.25452773931984 ], [ 24.994723585839221, 60.254425053649783 ], [ 24.994477204873867, 60.254291971897324 ], [ 24.994440515885731, 60.254272156442262 ], [ 24.99428128005567, 60.254125850111151 ], [ 24.994207787503683, 60.254073987505492 ], [ 24.994199439550265, 60.254047380691446 ], [ 24.994082046135588, 60.253673564037086 ], [ 24.994077443584715, 60.253658928668131 ], [ 24.993991809885824, 60.253386236513194 ], [ 24.993976932198088, 60.253338882923707 ], [ 24.993754594157444, 60.253034090363634 ], [ 24.993735963034723, 60.253012110709797 ], [ 24.993567807399501, 60.252813752469145 ], [ 24.993318322966122, 60.252519439221743 ], [ 24.99328740387724, 60.252485924693012 ], [ 24.992877376689709, 60.252041488260225 ], [ 24.992779285459161, 60.251935156755998 ], [ 24.992671078078416, 60.251959818615127 ], [ 24.99260874542605, 60.251886124137982 ], [ 24.992681443931197, 60.251869925905133 ], [ 24.992712815021523, 60.25186311446005 ], [ 24.992924119410485, 60.251817232350398 ], [ 24.992941180130384, 60.251813528243581 ], [ 24.995067905180292, 60.251338197606323 ], [ 24.995158909360637, 60.251317856580798 ], [ 24.995342218549656, 60.251079580755011 ], [ 24.995697605362132, 60.250841607438325 ], [ 24.996614607543698, 60.250041905277833 ], [ 24.997516867502178, 60.249395906122238 ], [ 24.998108489471303, 60.249076429114666 ], [ 24.998165668946037, 60.24907619386574 ], [ 24.998253663502567, 60.249028451679095 ], [ 24.998564614675114, 60.248859743421612 ], [ 24.999341587681368, 60.248438183632629 ], [ 25.000069755806763, 60.24804309025091 ], [ 25.000497167310915, 60.247811174835803 ], [ 25.000778492247381, 60.247645986980395 ], [ 25.000998919876352, 60.247539182638128 ], [ 25.002054350736682, 60.247027782957304 ], [ 25.002177022355369, 60.246968349037786 ], [ 25.002678600603581, 60.246725303091601 ], [ 25.002279092341276, 60.246526938619937 ], [ 25.00160654075632, 60.246188382700197 ], [ 24.998466159083563, 60.244576684354527 ], [ 24.998369263880996, 60.244502146618743 ], [ 24.996478608546859, 60.243465896454509 ], [ 24.995596870015643, 60.242921497008439 ], [ 24.995583230056539, 60.242925905383608 ], [ 24.995569684907554, 60.242930385427833 ], [ 24.995556236091829, 60.242934936641504 ], [ 24.995542885122969, 60.242939558506841 ], [ 24.995529633502152, 60.242944250506902 ], [ 24.995516482720127, 60.242949012114963 ], [ 24.995503434256403, 60.242953842792872 ], [ 24.995174521559033, 60.242781128669819 ], [ 24.995186979688828, 60.242776434557612 ], [ 24.995199546037256, 60.242771812289043 ], [ 24.995212218927353, 60.242767262485991 ], [ 24.995224996669208, 60.24276278574925 ], [ 24.995237877558193, 60.242758382678332 ], [ 24.995250859875611, 60.242754053865049 ], [ 24.995263941889998, 60.242749799878773 ], [ 24.994086386357022, 60.242141936369215 ], [ 24.99319723508215, 60.241682927192215 ], [ 24.993684777519352, 60.241645635404687 ], [ 24.993735297580692, 60.241641159905662 ], [ 24.99378533457309, 60.241635499807956 ], [ 24.993834776184812, 60.241628667816912 ], [ 24.993883511440913, 60.241620679270056 ], [ 24.993931430952056, 60.24161155209346 ], [ 24.993978427160091, 60.24160130677955 ], [ 24.994024394579615, 60.241589966317896 ], [ 24.994912986850835, 60.241451096480809 ], [ 24.995555512420175, 60.241284065115487 ], [ 24.996101272931835, 60.241191356220959 ], [ 24.996119158603523, 60.24118796240878 ], [ 24.996136517276138, 60.2411839488 ], [ 24.996153262186823, 60.241179335461361 ], [ 24.996169309641001, 60.24117414544601 ], [ 24.996184579429986, 60.241168404694939 ], [ 24.996198995231833, 60.241162141905022 ], [ 24.996212484993318, 60.241155388379411 ], [ 24.996224981290322, 60.241148177870301 ], [ 24.996236421663717, 60.241140546421228 ], [ 24.996246748933036, 60.2411325321726 ], [ 24.996255911480791, 60.241124175184062 ], [ 24.996263863511377, 60.241115517224145 ], [ 24.996270565280227, 60.241106601566081 ], [ 24.996275983290822, 60.241097472776609 ], [ 24.996280090464499, 60.241088176478748 ], [ 24.996282866273447, 60.241078759139505 ], [ 24.996284296844987, 60.24106926782963 ], [ 24.996284375029877, 60.241059749986938 ], [ 24.996283100438621, 60.241050253182223 ], [ 24.996280479442838, 60.241040824885019 ], [ 24.996276525143983, 60.241031512217823 ], [ 24.996190497302589, 60.240859277459698 ], [ 24.996186367508596, 60.240852086461331 ], [ 24.996181243997558, 60.240845055276843 ], [ 24.99617515147094, 60.240838217807358 ], [ 24.996168119303114, 60.240831607018947 ], [ 24.996160181397791, 60.240825254781114 ], [ 24.996151376026024, 60.240819191719957 ], [ 24.996141745640607, 60.240813447066301 ], [ 24.996131336672097, 60.240808048517856 ], [ 24.996120199304251, 60.24080302209881 ], [ 24.996108387232475, 60.240798392046841 ], [ 24.996095957405672, 60.240794180680865 ], [ 24.996082969750407, 60.240790408306864 ], [ 24.99606948688271, 60.240787093110789 ], [ 24.996055573806178, 60.240784251076882 ], [ 24.996041297597991, 60.240781895905862 ], [ 24.996026727086772, 60.240780038952224 ], [ 24.996011932519462, 60.240778689168991 ], [ 24.995996985223417, 60.240777853064927 ], [ 24.995981957261638, 60.240777534669128 ], [ 24.99584122504077, 60.240596004044185 ], [ 24.996212186005728, 60.24041798115757 ], [ 24.99630240674864, 60.24032229880747 ], [ 24.996373528362817, 60.240340554883247 ], [ 24.996890375395058, 60.240092521011 ], [ 24.99674871151241, 60.240045547946451 ], [ 24.993043051394036, 60.238133996770003 ], [ 24.992457702594844, 60.23783113035649 ], [ 24.991176658564932, 60.237171096864053 ], [ 24.990023049643717, 60.236575891310601 ], [ 24.991216805747751, 60.234907652210964 ], [ 24.989454071440225, 60.233499463642964 ], [ 24.989684031744087, 60.232996730058133 ], [ 24.989852145871144, 60.2325631006441 ], [ 24.989888802727023, 60.232447123928431 ], [ 24.989916293320615, 60.232235535654432 ], [ 24.989921093972502, 60.232176951193871 ], [ 24.989923325152834, 60.231787369846487 ], [ 24.989892775347794, 60.231508400048568 ], [ 24.989843369952546, 60.231259754719197 ], [ 24.990698396475402, 60.231278477158959 ], [ 24.990929628967947, 60.231343237782106 ], [ 24.991432625466548, 60.231366257490293 ], [ 24.991937306895036, 60.231376747755228 ], [ 24.992442411967623, 60.231374682361498 ], [ 24.992946678337347, 60.231360066463338 ], [ 24.993448845755591, 60.231332936587279 ], [ 24.993947659226151, 60.231293360533726 ], [ 24.994441872145405, 60.23124143720311 ] ] ] } },
{ "type": "Feature", "properties": { "id": 114281, "aluejako": "KAUPUNGINOSA", "kunta": "091", "tunnus": "41", "nimi_fi": "SUURMETSÄ", "nimi_se": "STORSKOG", "yhtluontipvm": "2009-12-30", "yhtmuokkauspvm": "2023-03-23", "yhtdatanomistaja": "Helsinki/Kami", "paivitetty_tietopalveluun": "2025-11-21" }, "geometry": { "type": "Polygon", "coordinates": [ [ [ 25.035486804936507, 60.265770924763714 ], [ 25.03597817268653, 60.265764426381942 ], [ 25.036370219915526, 60.265765023267683 ], [ 25.037104557362419, 60.26578625408348 ], [ 25.037378336693955, 60.265795449708122 ], [ 25.038390477462467, 60.265829438609174 ], [ 25.039477432950271, 60.265839477485912 ], [ 25.040371603822397, 60.265812945151701 ], [ 25.040812626422483, 60.265774882504296 ], [ 25.04121539131388, 60.265714120045217 ], [ 25.041808183368857, 60.265516968916046 ], [ 25.041722700271713, 60.265357969797904 ], [ 25.041934600932397, 60.265259905816485 ], [ 25.04450841922575, 60.264068653933805 ], [ 25.045710632222626, 60.255301429223955 ], [ 25.053206284640847, 60.252328737911562 ], [ 25.053795732066142, 60.252274449184895 ], [ 25.059600162681186, 60.251739709411638 ], [ 25.059428954924677, 60.250967119750989 ], [ 25.060259607376931, 60.250919833106202 ], [ 25.061058274994739, 60.250872632266386 ], [ 25.061406722421339, 60.25085203743717 ], [ 25.061662865243733, 60.250836897614732 ], [ 25.061940880835699, 60.250825226831843 ], [ 25.062469379845457, 60.250795067146512 ], [ 25.063919571451205, 60.250713656392684 ], [ 25.065743735007889, 60.250610481019599 ], [ 25.066478564175164, 60.250568966830585 ], [ 25.066603082447806, 60.250561931492697 ], [ 25.069884877859799, 60.25037644696512 ], [ 25.07646726014174, 60.250003835199998 ], [ 25.078548309778167, 60.249885962573167 ], [ 25.082401435519984, 60.249667630361841 ], [ 25.082435196411364, 60.249697408412523 ], [ 25.08318274838188, 60.251111858619026 ], [ 25.083197373441049, 60.2511395204059 ], [ 25.083400570103674, 60.251518214776375 ], [ 25.083408408913833, 60.251532992224192 ], [ 25.083481045708634, 60.251670098621858 ], [ 25.083492990846061, 60.251694710446188 ], [ 25.083706501884727, 60.252134810639681 ], [ 25.083723474299017, 60.252169791164953 ], [ 25.08391315253234, 60.25252546252181 ], [ 25.084099104099813, 60.252884043957692 ], [ 25.084283879768019, 60.253240247399361 ], [ 25.084332801413339, 60.253338128208782 ], [ 25.084382013733517, 60.253436565284595 ], [ 25.084463118353632, 60.253590673976539 ], [ 25.084755366752351, 60.254132175785209 ], [ 25.084758897379981, 60.254142629789399 ], [ 25.0861229774811, 60.25668773820189 ], [ 25.08752399309925, 60.25930133395665 ], [ 25.086954286207959, 60.25992436215747 ], [ 25.086423346698751, 60.260543171148498 ], [ 25.086419512786176, 60.260547640660214 ], [ 25.086374483559634, 60.260600121724863 ], [ 25.086357220965549, 60.260620240360574 ], [ 25.086400972376918, 60.26073745650671 ], [ 25.086835010424693, 60.261900186281729 ], [ 25.086842469813611, 60.261920232265162 ], [ 25.087020953954923, 60.262400582153084 ], [ 25.087101735735519, 60.262617327990306 ], [ 25.087298980028926, 60.263138870830929 ], [ 25.087371408515288, 60.263344725937927 ], [ 25.087481356456355, 60.26362410003059 ], [ 25.087532118420569, 60.263759082261608 ], [ 25.087556292121711, 60.263820906252867 ], [ 25.087795504397139, 60.264432182718643 ], [ 25.087916068853861, 60.264740252446117 ], [ 25.088036526388731, 60.265048025936203 ], [ 25.088157277150682, 60.265356508158874 ], [ 25.088239024648452, 60.265564088777701 ], [ 25.088277884812399, 60.265664676217476 ], [ 25.088420542988342, 60.266029122637633 ], [ 25.088429154261739, 60.266053538730716 ], [ 25.08843951697127, 60.26607757669386 ], [ 25.088544539231268, 60.266345895493572 ], [ 25.088682909991505, 60.266699403549801 ], [ 25.08882947067692, 60.267073872294695 ], [ 25.088838148765248, 60.267096062435826 ], [ 25.08884679024478, 60.267118073094508 ], [ 25.088883326889825, 60.267213258751944 ], [ 25.088944523681683, 60.267367754692955 ], [ 25.089068657436641, 60.267684858994265 ], [ 25.089079246135096, 60.267711912454793 ], [ 25.089113322577493, 60.267798842405234 ], [ 25.089088355704391, 60.267872788785844 ], [ 25.08891540852369, 60.268368155102273 ], [ 25.088908728299209, 60.268405234783209 ], [ 25.088896110064127, 60.26844263436881 ], [ 25.088796274553538, 60.268738581198079 ], [ 25.088744508223169, 60.268878047221463 ], [ 25.088696060014701, 60.269008634425461 ], [ 25.088373540077569, 60.27001850873225 ], [ 25.088053946112158, 60.27090080515233 ], [ 25.087993006778159, 60.271253628909001 ], [ 25.086865925881341, 60.27167952198274 ], [ 25.085262820625285, 60.272285325637789 ], [ 25.084848089684698, 60.272442048689548 ], [ 25.084773118525256, 60.272470377737726 ], [ 25.084220945429305, 60.272695856512229 ], [ 25.084000894312528, 60.272785712977679 ], [ 25.083671839743612, 60.272885734997132 ], [ 25.082110071962006, 60.273477787062923 ], [ 25.081351372940272, 60.273765391714996 ], [ 25.080920321233254, 60.27392878109557 ], [ 25.08036081059219, 60.274140866049173 ], [ 25.0793432557379, 60.274526563880258 ], [ 25.079317054849547, 60.274536424533707 ], [ 25.079241694775337, 60.274564813506409 ], [ 25.079184985961174, 60.274586549597657 ], [ 25.078311279911919, 60.274917708598558 ], [ 25.078163409668171, 60.274973756679138 ], [ 25.076928772351536, 60.275441569904629 ], [ 25.076644758043017, 60.275549204297143 ], [ 25.076386208929641, 60.275519025682748 ], [ 25.0760987893131, 60.275499839896774 ], [ 25.075831034970339, 60.275481961633872 ], [ 25.075377337236883, 60.275454055356334 ], [ 25.074842144419286, 60.275421283979405 ], [ 25.074409991941248, 60.275394376467219 ], [ 25.073890000122166, 60.275361996627744 ], [ 25.073599901390569, 60.275347572809437 ], [ 25.073515884038883, 60.275338276045765 ], [ 25.07314312674357, 60.27531584610518 ], [ 25.072465064845442, 60.27527476081039 ], [ 25.071733597222323, 60.275230828808645 ], [ 25.071106957994132, 60.275192446270971 ], [ 25.070570671430396, 60.275159694173801 ], [ 25.070032288811813, 60.275126546103763 ], [ 25.069475020621137, 60.27509242742272 ], [ 25.068955328921909, 60.275060656383232 ], [ 25.068489408584323, 60.275032741903125 ], [ 25.06832301789472, 60.275043794501869 ], [ 25.067743037401907, 60.27508231822204 ], [ 25.067057663421725, 60.275127183439253 ], [ 25.066432006849453, 60.275168685433869 ], [ 25.065931205777854, 60.275201892224473 ], [ 25.065405125058707, 60.275236778980847 ], [ 25.064739405416148, 60.275281119939386 ], [ 25.064081453101604, 60.275324628086921 ], [ 25.063603721491692, 60.27535621736758 ], [ 25.062388906894252, 60.275436547943286 ], [ 25.06181447112959, 60.276090936111338 ], [ 25.061564853568647, 60.276375290680249 ], [ 25.061195379448389, 60.2763322363665 ], [ 25.060843494223136, 60.276291237288696 ], [ 25.06049160986138, 60.276250228303127 ], [ 25.060139744468405, 60.276209227352219 ], [ 25.059787861883482, 60.276168225477072 ], [ 25.05946873348687, 60.276131031487552 ], [ 25.056623825074713, 60.275805825088995 ], [ 25.056374701127158, 60.275824276547922 ], [ 25.055937816506493, 60.275856628690022 ], [ 25.055915915691138, 60.275857930352771 ], [ 25.054087118372689, 60.275966121820062 ], [ 25.053392461294454, 60.276015165611874 ], [ 25.052956510861961, 60.276382932314213 ], [ 25.052790021981906, 60.276523372193452 ], [ 25.052468103356642, 60.2767949305927 ], [ 25.052146179396157, 60.27706648820137 ], [ 25.051823868587807, 60.277336788627075 ], [ 25.051739057636972, 60.277407923962095 ], [ 25.051425945113881, 60.277670492096391 ], [ 25.051094435315012, 60.27794850406179 ], [ 25.050651137962316, 60.278320241957431 ], [ 25.05021140581901, 60.278265300586867 ], [ 25.049691755981303, 60.278198522340489 ], [ 25.049162041932156, 60.278107898433554 ], [ 25.048630984818473, 60.278011483841816 ], [ 25.048114646130603, 60.277905431307595 ], [ 25.047596565147664, 60.277804493306881 ], [ 25.047520818343568, 60.277789729140522 ], [ 25.047078505428843, 60.277703553277469 ], [ 25.047045799490625, 60.277732824318825 ], [ 25.047038564086073, 60.277741048249297 ], [ 25.046689656103165, 60.27813874987072 ], [ 25.046654381675491, 60.27817977934928 ], [ 25.046393980068643, 60.278482930256018 ], [ 25.046042913364502, 60.2788732801206 ], [ 25.045735824548334, 60.278418410707886 ], [ 25.045157202972653, 60.278544235805491 ], [ 25.045155631185544, 60.278636457462135 ], [ 25.045151759841787, 60.278856757307864 ], [ 25.045149689603839, 60.278875830505541 ], [ 25.045141282740921, 60.279162459284613 ], [ 25.045139435572377, 60.279225394651959 ], [ 25.045048463573128, 60.279338442391477 ], [ 25.044867605396938, 60.279461348396453 ], [ 25.044632955153602, 60.279653779575639 ], [ 25.044350419407518, 60.279885469885791 ], [ 25.044329763866379, 60.279901102759197 ], [ 25.044311293018907, 60.279915074472086 ], [ 25.044180100801814, 60.280014313066417 ], [ 25.043733162342999, 60.27987740826493 ], [ 25.043503042125487, 60.280175589086838 ], [ 25.043107061592284, 60.280620443734399 ], [ 25.043068872568469, 60.280663411851862 ], [ 25.042840364305658, 60.280935649689333 ], [ 25.042659398254489, 60.281151243182691 ], [ 25.042490552411621, 60.281101897303905 ], [ 25.042263121534745, 60.281510623676198 ], [ 25.042295417714488, 60.281521742755366 ], [ 25.042471311130345, 60.281582305736059 ], [ 25.042885396925222, 60.281725211876001 ], [ 25.043357172345384, 60.281888032022167 ], [ 25.043406540045993, 60.281905068948149 ], [ 25.043291657221548, 60.282043972071719 ], [ 25.043177803135087, 60.282182434969442 ], [ 25.043151519359316, 60.282221862967667 ], [ 25.043064585751942, 60.282352221309957 ], [ 25.042769155598556, 60.282596893290084 ], [ 25.04272320353175, 60.282635349224591 ], [ 25.042554582298589, 60.282778783532095 ], [ 25.042518182024278, 60.282809750946484 ], [ 25.042363179741695, 60.282946727417652 ], [ 25.042223917948345, 60.283067947077555 ], [ 25.042255719064986, 60.283156523034194 ], [ 25.042068875381485, 60.283189539573321 ], [ 25.041556367900785, 60.283287118604818 ], [ 25.041237432587877, 60.283585502593574 ], [ 25.041199246543652, 60.283621164270478 ], [ 25.040731761948294, 60.28405674432431 ], [ 25.040645836015589, 60.284136803244948 ], [ 25.04087772678206, 60.284736281042264 ], [ 25.040465203661029, 60.285194308292063 ], [ 25.039932208136072, 60.284052631324251 ], [ 25.039725083364523, 60.283586977579269 ], [ 25.038953559311228, 60.281912520022402 ], [ 25.038722691596782, 60.281411606726145 ], [ 25.038665155444459, 60.281285850085382 ], [ 25.038468475812341, 60.280856014220937 ], [ 25.038208189612444, 60.280287450944861 ], [ 25.037560488646623, 60.278889776416428 ], [ 25.037554693615078, 60.278835579863006 ], [ 25.037402989259782, 60.278511556309759 ], [ 25.036936600533991, 60.277515423099253 ], [ 25.036852262767578, 60.277334217408416 ], [ 25.03676334828825, 60.277128961832616 ], [ 25.036757384120701, 60.277130360038562 ], [ 25.036656339986262, 60.276913252275413 ], [ 25.036705656882141, 60.276907647948008 ], [ 25.03603440066945, 60.275446124234605 ], [ 25.035835448584702, 60.275012983606977 ], [ 25.035888304323421, 60.275006995381077 ], [ 25.035729546598716, 60.274661354638702 ], [ 25.035624414366488, 60.274673267064024 ], [ 25.035568986588945, 60.274553467989826 ], [ 25.034699580572212, 60.272674145794049 ], [ 25.034258224880922, 60.271719940058325 ], [ 25.034002109437875, 60.271166342891895 ], [ 25.033067539759841, 60.269145708688875 ], [ 25.032332687099338, 60.267556717615037 ], [ 25.031899552071831, 60.266713651528008 ], [ 25.033284953875974, 60.266173191019014 ], [ 25.033686611768143, 60.266057647546504 ], [ 25.034215126982545, 60.265930079225704 ], [ 25.034597674226429, 60.265857983792721 ], [ 25.034720350819846, 60.265836521971252 ], [ 25.034844958730734, 60.265818008914749 ], [ 25.034971210966653, 60.265802487269013 ], [ 25.035098816750722, 60.265789992776881 ], [ 25.035227482188958, 60.265780554218281 ], [ 25.035356910947876, 60.26577419333055 ], [ 25.035486804936507, 60.265770924763714 ] ] ] } },
{ "type": "Feature", "properties": { "id": 114282, "aluejako": "KAUPUNGINOSA", "kunta": "091", "tunnus": "39", "nimi_fi": "TAPANINKYLÄ", "nimi_se": "STAFFANSBY", "yhtluontipvm": "2009-12-30", "yhtmuokkauspvm": "2020-12-04", "yhtdatanomistaja": "Helsinki/Kami", "paivitetty_tietopalveluun": "2025-11-21" }, "geometry": { "type": "Polygon", "coordinates": [ [ [ 24.973200027644019, 60.264438194990227 ], [ 24.97286928050417, 60.262844797391246 ], [ 24.975037741406844, 60.260018979731235 ], [ 24.975465819885279, 60.259471315693091 ], [ 24.975628783619239, 60.25917057923877 ], [ 24.976046347337302, 60.258293527029387 ], [ 24.976532500752022, 60.257402084631813 ], [ 24.976609833649491, 60.257206841991419 ], [ 24.97673534208813, 60.256668725383058 ], [ 24.976825096918301, 60.256347373435489 ], [ 24.976873683525049, 60.256244138788183 ], [ 24.976981816200041, 60.256028477016514 ], [ 24.977176223675684, 60.255732422791908 ], [ 24.977347290186614, 60.255438411561059 ], [ 24.977570801074773, 60.255186561568166 ], [ 24.977720367694527, 60.254996221948979 ], [ 24.977823003647103, 60.254818469397186 ], [ 24.977940860294499, 60.25456980436384 ], [ 24.978211712338648, 60.254029379322681 ], [ 24.978326854847673, 60.253779817734831 ], [ 24.978350062888019, 60.253627229336153 ], [ 24.978335890524193, 60.252756639327238 ], [ 24.978176193493628, 60.252312435056673 ], [ 24.978121871900445, 60.252229437556075 ], [ 24.977797905727588, 60.251816717101924 ], [ 24.977638683201896, 60.251639524603448 ], [ 24.978073580198465, 60.251646990109805 ], [ 24.978346194599723, 60.251652224382532 ], [ 24.97919355302577, 60.251579799731722 ], [ 24.980095506227212, 60.251598337426259 ], [ 24.980763469078195, 60.251612064913587 ], [ 24.980889770161987, 60.251614659968112 ], [ 24.981296044412577, 60.251623005637185 ], [ 24.981809424177413, 60.25163355027194 ], [ 24.981909885866799, 60.25163561306438 ], [ 24.982234448291354, 60.251626532569375 ], [ 24.98229760263585, 60.251629303610073 ], [ 24.982821554596338, 60.251652968566404 ], [ 24.983339185177332, 60.251676356914523 ], [ 24.983801372735584, 60.251697229683344 ], [ 24.984265585198163, 60.251718189938899 ], [ 24.985002548483308, 60.251751468676723 ], [ 24.985053988939161, 60.25175379280401 ], [ 24.985560623467368, 60.25177667402 ], [ 24.986120571949801, 60.251801951708536 ], [ 24.986371702116962, 60.251813290223858 ], [ 24.986463702192111, 60.251750224627216 ], [ 24.986526785531183, 60.25175145258536 ], [ 24.986905719066193, 60.251758828722856 ], [ 24.98692381218746, 60.251821539320005 ], [ 24.987649533531176, 60.251835824826756 ], [ 24.988722532278764, 60.251856944999645 ], [ 24.989184466033088, 60.251866032354592 ], [ 24.989293255686018, 60.251868175504214 ], [ 24.990114457943449, 60.25188432566128 ], [ 24.990818186805125, 60.251898164086718 ], [ 24.991344814552267, 60.251908517494826 ], [ 24.991504453670448, 60.251911656603838 ], [ 24.992413933666356, 60.251929530395962 ], [ 24.99260874542605, 60.251886124137982 ], [ 24.992671078078416, 60.251959818615127 ], [ 24.992779285459161, 60.251935156755998 ], [ 24.992877376689709, 60.252041488260225 ], [ 24.99328740387724, 60.252485924693012 ], [ 24.993318322966122, 60.252519439221743 ], [ 24.993567807399501, 60.252813752469145 ], [ 24.993735963034723, 60.253012110709797 ], [ 24.993754594157444, 60.253034090363634 ], [ 24.993976932198088, 60.253338882923707 ], [ 24.993991809885824, 60.253386236513194 ], [ 24.994077443584715, 60.253658928668131 ], [ 24.994082046135588, 60.253673564037086 ], [ 24.994199439550265, 60.254047380691446 ], [ 24.994207787503683, 60.254073987505492 ], [ 24.99428128005567, 60.254125850111151 ], [ 24.994440515885731, 60.254272156442262 ], [ 24.994477204873867, 60.254291971897324 ], [ 24.994723585839221, 60.254425053649783 ], [ 24.994835066671492, 60.25452773931984 ], [ 24.994882714099468, 60.254553525472737 ], [ 24.995504432775991, 60.254889935895861 ], [ 24.995578896991688, 60.254930228618981 ], [ 24.99576802010667, 60.255031883000555 ], [ 24.995799735477576, 60.255048926349687 ], [ 24.995967329509593, 60.255141205038733 ], [ 24.996242908661671, 60.25528962366365 ], [ 24.996293957937212, 60.25532563947533 ], [ 24.996732684151585, 60.255662857423729 ], [ 24.9971885526036, 60.256013221319535 ], [ 24.997226494222325, 60.2560423865256 ], [ 24.997363155450955, 60.256133361367681 ], [ 24.997441828857898, 60.25618015753691 ], [ 24.997901544161603, 60.256453556556551 ], [ 24.998175567350366, 60.25661651921272 ], [ 24.998297086700006, 60.256686903492422 ], [ 24.99910418385522, 60.257156290997209 ], [ 24.999165326614897, 60.257189310698386 ], [ 24.999957683114012, 60.257617146135502 ], [ 25.000100170790652, 60.257714361372436 ], [ 25.000222469669083, 60.257797793991145 ], [ 25.000498965215474, 60.257986421226001 ], [ 25.000775445880695, 60.258175039801998 ], [ 25.001212100025057, 60.258472922847716 ], [ 25.001831372303634, 60.258340215677926 ], [ 25.00244695496362, 60.258208288333329 ], [ 25.00287246250355, 60.258117097759197 ], [ 25.00359214346641, 60.25796285106496 ], [ 25.003822523244629, 60.257913478586836 ], [ 25.003913739017197, 60.257893926788682 ], [ 25.00421883583935, 60.257911838464821 ], [ 25.004462877411356, 60.257419199471542 ], [ 25.004578615274536, 60.257410856562437 ], [ 25.004914570819103, 60.257386634528061 ], [ 25.005353002652893, 60.257355032532573 ], [ 25.005545663507068, 60.257341150578043 ], [ 25.006017231276818, 60.257307154873779 ], [ 25.006458268783273, 60.257319920396704 ], [ 25.006988972077679, 60.257411043278147 ], [ 25.007201063238693, 60.257471021184408 ], [ 25.007604099815044, 60.257584994244134 ], [ 25.008576041278005, 60.257859840070324 ], [ 25.008760501415679, 60.257911998863733 ], [ 25.009925818809148, 60.258241499538222 ], [ 25.011030569357871, 60.258553862032322 ], [ 25.011313370831452, 60.258633817296101 ], [ 25.01138401406287, 60.25865379300847 ], [ 25.011762078831069, 60.258760680325288 ], [ 25.0120388540068, 60.258838928367553 ], [ 25.012263158894964, 60.258902341795917 ], [ 25.012434824975319, 60.258851083053777 ], [ 25.012530156377263, 60.258387017861764 ], [ 25.012600009741579, 60.258118285740608 ], [ 25.012695177726165, 60.257752174331124 ], [ 25.012715308572773, 60.25771732842238 ], [ 25.01286983227293, 60.257334069206145 ], [ 25.013001330301684, 60.257107693453392 ], [ 25.012970091869956, 60.257086617969904 ], [ 25.012984770524678, 60.257050389452402 ], [ 25.013054917759508, 60.256869424868064 ], [ 25.013100147294004, 60.25682048876407 ], [ 25.013981077206346, 60.255867405664873 ], [ 25.013911086943995, 60.255758413121697 ], [ 25.014218223769028, 60.255428484561776 ], [ 25.014374024166045, 60.25528669180553 ], [ 25.014521328626635, 60.255326666223866 ], [ 25.014659816138057, 60.255200624917734 ], [ 25.014719489045696, 60.255147836874663 ], [ 25.014781703651309, 60.255095778608819 ], [ 25.014846423827301, 60.2550444803434 ], [ 25.014913611992512, 60.2549939718552 ], [ 25.014983229133652, 60.254944282461629 ], [ 25.015055234827642, 60.254895441012557 ], [ 25.015129587266156, 60.254847475854525 ], [ 25.015189687095496, 60.254810384209101 ], [ 25.015251190148359, 60.254773865102166 ], [ 25.015314074341983, 60.254737931642744 ], [ 25.015378317097642, 60.254702596730425 ], [ 25.015443895349886, 60.254667873048795 ], [ 25.015510785553555, 60.254633773065393 ], [ 25.015578963692906, 60.254600309018073 ], [ 25.01588067034228, 60.254462598999822 ], [ 25.016000364998686, 60.254540500309808 ], [ 25.016857316225465, 60.255098230346277 ], [ 25.017364046242811, 60.255428021606953 ], [ 25.018454406961666, 60.256137615157947 ], [ 25.019733461396598, 60.256984484301803 ], [ 25.019860706542552, 60.257063219276581 ], [ 25.020633273066039, 60.257566536133034 ], [ 25.020655187322095, 60.257580812459146 ], [ 25.021703989651694, 60.258264060959071 ], [ 25.022067956280555, 60.258501160293548 ], [ 25.022399139406655, 60.258716900207482 ], [ 25.022727786159294, 60.258930984674521 ], [ 25.022873117882934, 60.259025653808052 ], [ 25.02357404125679, 60.258773871406881 ], [ 25.023785249947451, 60.258902954459423 ], [ 25.0242982164763, 60.258727148208607 ], [ 25.024735252307746, 60.258526809333567 ], [ 25.024934760685262, 60.258450684660865 ], [ 25.025456564399889, 60.258251591183807 ], [ 25.025554526962964, 60.258132263459402 ], [ 25.026001210624177, 60.257793352181238 ], [ 25.026327761456184, 60.257545587877622 ], [ 25.026253368596301, 60.257342222761871 ], [ 25.026411789840548, 60.257038619101671 ], [ 25.02652018011019, 60.256830887047222 ], [ 25.026530887983643, 60.256812953504578 ], [ 25.026544075670692, 60.25679543269294 ], [ 25.02655967951625, 60.256778409181642 ], [ 25.026577624204172, 60.256761965131709 ], [ 25.026597823120571, 60.256746179910877 ], [ 25.026620178771264, 60.256731129711042 ], [ 25.026644583254008, 60.256716887166654 ], [ 25.026670918777359, 60.256703521022004 ], [ 25.026699058230317, 60.256691095790657 ], [ 25.026728865796212, 60.256679671441191 ], [ 25.026760197607228, 60.256669303113718 ], [ 25.026792902439329, 60.25666004084961 ], [ 25.026826822441844, 60.256651929354014 ], [ 25.026861793899794, 60.256645007778069 ], [ 25.026897648023667, 60.256639309527216 ], [ 25.026934211763542, 60.2566348621042 ], [ 25.026971308645937, 60.256631686972689 ], [ 25.02700875962276, 60.256629799463852 ], [ 25.027046383938622, 60.256629208678568 ], [ 25.027314654256433, 60.256615071128834 ], [ 25.027582133013723, 60.256597618903612 ], [ 25.027848654365275, 60.256576862825696 ], [ 25.028114053061156, 60.256552815763037 ], [ 25.028378164548183, 60.256525492622011 ], [ 25.028640825072415, 60.25649491034892 ], [ 25.028901871781311, 60.256461087899481 ], [ 25.028994958869696, 60.256448920407109 ], [ 25.02972773433094, 60.256353278020335 ], [ 25.031903317498543, 60.259799071244515 ], [ 25.031981139148133, 60.259922327601053 ], [ 25.032021693759969, 60.259986555065375 ], [ 25.032128670271078, 60.260155977812857 ], [ 25.032736922522606, 60.261052290063866 ], [ 25.033371793166136, 60.261987769073428 ], [ 25.033400796976899, 60.262032086368613 ], [ 25.034064568047373, 60.263046302257592 ], [ 25.034100946844347, 60.263101885108192 ], [ 25.034963093152399, 60.264419108298306 ], [ 25.035105370230138, 60.26463372428892 ], [ 25.035146723331806, 60.264631185904676 ], [ 25.035215405587607, 60.264641627537891 ], [ 25.035432927382899, 60.264774415941197 ], [ 25.036010581271221, 60.265096312641276 ], [ 25.036177012917843, 60.265202591939868 ], [ 25.03635699366798, 60.265328658018802 ], [ 25.036388866040113, 60.265355206553679 ], [ 25.036417299474987, 60.265382702221679 ], [ 25.036442180414252, 60.265411035218477 ], [ 25.036463409486615, 60.265440092398421 ], [ 25.036480901903129, 60.265469757717703 ], [ 25.036494587797197, 60.265499912709508 ], [ 25.036504412502794, 60.265530436946129 ], [ 25.036510336773393, 60.265561208529626 ], [ 25.036512336939371, 60.265592104569109 ], [ 25.036512451106415, 60.26569460346235 ], [ 25.036370219915526, 60.265765023267683 ], [ 25.03597817268653, 60.265764426381942 ], [ 25.035486804936507, 60.265770924763714 ], [ 25.035356910947876, 60.26577419333055 ], [ 25.035227482188958, 60.265780554218281 ], [ 25.035098816750722, 60.265789992776881 ], [ 25.034971210966653, 60.265802487269013 ], [ 25.034844958730734, 60.265818008914749 ], [ 25.034720350819846, 60.265836521971252 ], [ 25.034597674226429, 60.265857983792721 ], [ 25.034215126982545, 60.265930079225704 ], [ 25.033686611768143, 60.266057647546504 ], [ 25.033284953875974, 60.266173191019014 ], [ 25.031899552071831, 60.266713651528008 ], [ 25.032332687099338, 60.267556717615037 ], [ 25.033067539759841, 60.269145708688875 ], [ 25.032188184336242, 60.269246466049772 ], [ 25.029828443219536, 60.269362636790923 ], [ 25.029796947325462, 60.269713133939341 ], [ 25.029671339827093, 60.269719735569097 ], [ 25.029631507238619, 60.270266510921019 ], [ 25.029500632467187, 60.27043382532311 ], [ 25.029415680165837, 60.271430414951141 ], [ 25.029416528184111, 60.27155787031402 ], [ 25.029239057486794, 60.272297227393629 ], [ 25.029159855405368, 60.272591540378656 ], [ 25.029016433006298, 60.272582540839146 ], [ 25.028956579289712, 60.272804951036662 ], [ 25.028635437466519, 60.27278479930505 ], [ 25.028276982866572, 60.272762305011874 ], [ 25.027918528759219, 60.272739810648844 ], [ 25.02756007514288, 60.27271731442093 ], [ 25.027465744374496, 60.272711394105897 ], [ 25.027107291379547, 60.272688896655964 ], [ 25.026748838877239, 60.272666399136241 ], [ 25.026390386866122, 60.272643899751579 ], [ 25.026031935346957, 60.272621399399554 ], [ 25.025673484320404, 60.27259889897767 ], [ 25.025219126240533, 60.272570375455132 ], [ 25.025192438719493, 60.272695033059705 ], [ 25.025606928060419, 60.272854583979424 ], [ 25.025560282699299, 60.273036489951366 ], [ 25.025513636820513, 60.273218395901928 ], [ 25.025294492200025, 60.273358842885173 ], [ 25.025073106057114, 60.273500725974429 ], [ 25.024851717996537, 60.27364260779423 ], [ 25.024630328019644, 60.273784490139661 ], [ 25.024273247424855, 60.273647037259359 ], [ 25.024202908418665, 60.273692115959406 ], [ 25.024004032325532, 60.273679865760698 ], [ 25.023948543009531, 60.27390254661767 ], [ 25.023607813290415, 60.273881561433988 ], [ 25.02326708581262, 60.273860572683361 ], [ 25.022926356964064, 60.273839583058972 ], [ 25.022585628551806, 60.273818592560531 ], [ 25.022244900575867, 60.273797601188058 ], [ 25.021904173036198, 60.273776608941546 ], [ 25.02156344774005, 60.27375561582064 ], [ 25.021222721073183, 60.273734621826058 ], [ 25.020881994842647, 60.273713626957417 ], [ 25.020937504675409, 60.273490944681505 ], [ 25.020864744556224, 60.273486470276076 ], [ 25.021259862666714, 60.271805871800311 ], [ 25.020237652503393, 60.27173880198702 ], [ 25.019550348070343, 60.271695306505286 ], [ 25.01953482158455, 60.271766115828044 ], [ 25.019067003514873, 60.271736514153993 ], [ 25.019083080575097, 60.271666159854313 ], [ 25.018365714401497, 60.271621222022567 ], [ 25.017461811975206, 60.27156256737473 ], [ 25.017256559614367, 60.272390015392133 ], [ 25.01720195602012, 60.272600047159045 ], [ 25.017201077793793, 60.272604882502129 ], [ 25.017200859402202, 60.272609736268741 ], [ 25.017201301844462, 60.27261458627131 ], [ 25.017202403097908, 60.272619410338734 ], [ 25.017204158128852, 60.27262418641773 ], [ 25.017206558914697, 60.272628892674831 ], [ 25.017209594480743, 60.272633507596488 ], [ 25.017213250950039, 60.27263801008624 ], [ 25.017217511608589, 60.272642379558761 ], [ 25.01722235697871, 60.272646596044886 ], [ 25.017227764910594, 60.272650640265262 ], [ 25.017352159691477, 60.272737133386507 ], [ 25.017307349065817, 60.272897149056732 ], [ 25.016913596727697, 60.272869952564868 ], [ 25.01620864298944, 60.272821239064037 ], [ 25.015481789660711, 60.272771007550617 ], [ 25.015514964793844, 60.272664609594464 ], [ 25.015588496977347, 60.272572884204386 ], [ 25.015774144174262, 60.272354430441425 ], [ 25.015977481796352, 60.27211167545714 ], [ 25.01621200672081, 60.271833123752252 ], [ 25.016424829606748, 60.271586475215365 ], [ 25.016679767842994, 60.271277454376346 ], [ 25.016875047717456, 60.271052295963592 ], [ 25.016881729351251, 60.271044617642346 ], [ 25.017063711961377, 60.270740988677986 ], [ 25.017170915907307, 60.270711175965531 ], [ 25.017314301621813, 60.27072028972178 ], [ 25.017440323720386, 60.270822201242765 ], [ 25.017505372738821, 60.270569422174169 ], [ 25.017508575842381, 60.270345233078878 ], [ 25.017548768428316, 60.270241396995921 ], [ 25.017610403928131, 60.270005089779005 ], [ 25.01766961153276, 60.269778069593478 ], [ 25.017731142508463, 60.269542145563122 ], [ 25.017641860699978, 60.269537328738423 ], [ 25.017246879537051, 60.269516018493448 ], [ 25.016914156757945, 60.269498067591726 ], [ 25.016474490637641, 60.269474340093325 ], [ 25.01601559643175, 60.269449664769887 ], [ 25.015943825377644, 60.2694454370613 ], [ 25.015551288393606, 60.269422307572015 ], [ 25.015479517458772, 60.269418078714956 ], [ 25.015072032865536, 60.269394067278121 ], [ 25.014615449368346, 60.269368062997891 ], [ 25.014155538349165, 60.269341869918946 ], [ 25.013740263008884, 60.269318216931147 ], [ 25.013668461878375, 60.269314128010905 ], [ 25.013269161937774, 60.269283059202472 ], [ 25.013197752432347, 60.269277504321636 ], [ 25.013108370155503, 60.269271000692711 ], [ 25.012722623556858, 60.269242933834413 ], [ 25.012258864467753, 60.2692091881216 ], [ 25.012150149114699, 60.269201228041496 ], [ 25.011597634610478, 60.269160765606919 ], [ 25.011151700597011, 60.269128143563776 ], [ 25.010695195586145, 60.269094749896425 ], [ 25.010284525352702, 60.269063254780853 ], [ 25.009754308710281, 60.269001475579408 ], [ 25.009745505329711, 60.268998661467883 ], [ 25.009736388601997, 60.268996105377113 ], [ 25.009726989139111, 60.268993815888535 ], [ 25.009717338501147, 60.268991800690607 ], [ 25.009707469091982, 60.268990066545456 ], [ 25.009697414050546, 60.268988619282901 ], [ 25.009687207139059, 60.268987463758812 ], [ 25.009620545747651, 60.268964785319376 ], [ 25.009001739164749, 60.268922420388968 ], [ 25.008622788881649, 60.26889647369444 ], [ 25.00823439672369, 60.268869885667677 ], [ 25.007799470453847, 60.268840104037707 ], [ 25.007471084145553, 60.268817620930768 ], [ 25.007350121127974, 60.268809324626154 ], [ 25.007278512085364, 60.268807316306372 ], [ 25.007164420489072, 60.268791237867624 ], [ 25.006904802470331, 60.268754599035709 ], [ 25.006854120291521, 60.268743964428005 ], [ 25.006803181151522, 60.268733637239229 ], [ 25.006751992606578, 60.268723619006899 ], [ 25.006700562249474, 60.268713911214178 ], [ 25.006648897709503, 60.268704515300854 ], [ 25.006597006650342, 60.268695432663357 ], [ 25.006544896768979, 60.268686664645855 ], [ 25.006435632170412, 60.268669409746948 ], [ 25.006325521277816, 60.268653537922873 ], [ 25.006214635020768, 60.268639059400108 ], [ 25.006103044828489, 60.268625983503512 ], [ 25.005990822582927, 60.268614318653839 ], [ 25.005878040573343, 60.268604072371389 ], [ 25.005764771449325, 60.268595251247291 ], [ 25.005631781559046, 60.268586749921589 ], [ 25.005498342362657, 60.268580213080256 ], [ 25.005364571421509, 60.268575646486283 ], [ 25.005230586589935, 60.268573054161216 ], [ 25.005096505909894, 60.268572438385796 ], [ 25.004962447507893, 60.268573799708975 ], [ 25.004828529490783, 60.268577136927107 ], [ 25.004560259725057, 60.268596190208392 ], [ 25.004536309642013, 60.268626628079097 ], [ 25.004453428869319, 60.268626174938383 ], [ 25.004390008961501, 60.268625815344883 ], [ 25.004209345076962, 60.268624823139369 ], [ 25.004050234321916, 60.268623960174565 ], [ 25.003920041138468, 60.268623246953943 ], [ 25.003408335118831, 60.268587819390149 ], [ 25.003382864641672, 60.268585952266655 ], [ 25.003357426577118, 60.268583979116521 ], [ 25.003332022713206, 60.268581900082665 ], [ 25.003306654836752, 60.268579715306579 ], [ 25.003281324731255, 60.26857742494358 ], [ 25.003256034176921, 60.268575029158541 ], [ 25.003230784952784, 60.268572528114511 ], [ 25.003192482651869, 60.268568524102029 ], [ 25.003154286181033, 60.26856427794619 ], [ 25.003116201743175, 60.268559790340888 ], [ 25.003078235523361, 60.268555062011913 ], [ 25.003040393687673, 60.268550093730994 ], [ 25.003002682381563, 60.268544886302678 ], [ 25.002965107729409, 60.268539440570244 ], [ 25.002457874640346, 60.268464192103018 ], [ 25.001983459574852, 60.268408028093809 ], [ 25.001236822947035, 60.268319630398175 ], [ 25.001229703441197, 60.268318912069823 ], [ 25.0012225030694, 60.268318432237514 ], [ 25.001215254170479, 60.268318193061155 ], [ 25.001207989301118, 60.268318195612252 ], [ 25.001200741089939, 60.268318439879842 ], [ 25.001193542090885, 60.26831892476725 ], [ 25.001186424636206, 60.268319648095215 ], [ 25.001179420692782, 60.268320606616804 ], [ 25.001172561716878, 60.268321796026015 ], [ 25.001165878514538, 60.268323210981322 ], [ 25.001159401101507, 60.268324845127147 ], [ 25.001153158569533, 60.268326691126084 ], [ 25.001147178955986, 60.268328740684744 ], [ 25.001141489116932, 60.268330984599061 ], [ 25.001136114607121, 60.268333412790952 ], [ 25.00113107956517, 60.268336014353658 ], [ 25.001126406604364, 60.268338777605834 ], [ 25.001122116713159, 60.268341690132985 ], [ 25.001118229158063, 60.268344738855291 ], [ 25.001114761399805, 60.268347910085616 ], [ 25.001111729012987, 60.268351189571447 ], [ 25.00071089179729, 60.268826002951954 ], [ 25.00049712498766, 60.269084553694555 ], [ 25.000314273338567, 60.269304140985589 ], [ 25.000283466811819, 60.269341177085224 ], [ 25.000255816847119, 60.269374368382373 ], [ 25.000067581077534, 60.269600600460748 ], [ 24.999859761325844, 60.269859997369565 ], [ 24.999671006443236, 60.270087338744055 ], [ 24.999710617871546, 60.270135157449431 ], [ 25.000128838837483, 60.270213029215313 ], [ 25.000036137437885, 60.270254477216014 ], [ 24.999056827500326, 60.270687937846375 ], [ 24.999125903765993, 60.270603448424318 ], [ 24.999026257938375, 60.270583098030798 ], [ 24.998996515428807, 60.270619025042514 ], [ 24.998569832817743, 60.270815112612979 ], [ 24.998658504624114, 60.270862720328857 ], [ 24.998540654152514, 60.270914208591975 ], [ 24.998497313992345, 60.27098557880241 ], [ 24.99807285714299, 60.271178877960011 ], [ 24.9977585782961, 60.271322003937506 ], [ 24.996888555924983, 60.271718214485972 ], [ 24.996552730347069, 60.27187114709475 ], [ 24.996551377529478, 60.271875213020998 ], [ 24.996550564280515, 60.27187931424919 ], [ 24.996550294098839, 60.271883433140729 ], [ 24.996550568147768, 60.271887551968497 ], [ 24.996551385247944, 60.271891653010613 ], [ 24.9965527418844, 60.271895718620328 ], [ 24.996554632219432, 60.271899731306398 ], [ 24.996557048119765, 60.271903673804147 ], [ 24.996559979190717, 60.271907529146745 ], [ 24.996563412820912, 60.271911280749272 ], [ 24.996567334236342, 60.27191491246753 ], [ 24.99657172656444, 60.271918408673727 ], [ 24.996576570905926, 60.271921754328481 ], [ 24.996581846417559, 60.271924935033212 ], [ 24.996587530399882, 60.27192793710234 ], [ 24.99659359839611, 60.271930747620317 ], [ 24.996600024297603, 60.271933354492575 ], [ 24.996606780455163, 60.271935746502848 ], [ 24.996613837799018, 60.271937913359814 ], [ 24.996621165963028, 60.271939845737833 ], [ 24.996628733415896, 60.271941535324544 ], [ 24.99663650759657, 60.271942974850162 ], [ 24.996644455055094, 60.271944158119005 ], [ 24.99750046726782, 60.272056521703313 ], [ 24.998228849846406, 60.272162447327069 ], [ 24.998576909491913, 60.272210537573955 ], [ 24.998915947979665, 60.272256091313224 ], [ 24.999613666089598, 60.272349829606014 ], [ 24.999904889089127, 60.272393932059302 ], [ 25.000278540709449, 60.272447082622691 ], [ 25.00068186460533, 60.272509552833199 ], [ 25.000871614482758, 60.27254029481383 ], [ 25.00108670134907, 60.272591882346653 ], [ 25.001241924125857, 60.272629113216645 ], [ 25.001548908065473, 60.272694121668067 ], [ 25.001632562502795, 60.272711843290345 ], [ 25.002311635817723, 60.272839091269624 ], [ 25.002614535354635, 60.272936650733328 ], [ 25.002602009569934, 60.272948353523901 ], [ 25.002590426815544, 60.272960293543697 ], [ 25.002579805270042, 60.272972452056081 ], [ 25.00257016160278, 60.272984809982688 ], [ 25.002561510949651, 60.272997347923365 ], [ 25.002553866887087, 60.273010046211475 ], [ 25.002547241412891, 60.273022884908357 ], [ 25.002486733852006, 60.273150591977121 ], [ 25.002086053137045, 60.273996310606485 ], [ 25.001970091378947, 60.274241062426775 ], [ 25.0019370349907, 60.274307286351281 ], [ 25.001901282379542, 60.274373163840096 ], [ 25.00186284822308, 60.274438667823681 ], [ 25.001821748302568, 60.274503771374825 ], [ 25.001777999493761, 60.274568447737877 ], [ 25.00173161976215, 60.274632670332977 ], [ 25.001682628154697, 60.274696412759127 ], [ 25.001646709092793, 60.274740831468051 ], [ 25.001609521768223, 60.274784991986941 ], [ 25.001571073697303, 60.274828885383791 ], [ 25.001531372651385, 60.274872502779523 ], [ 25.0014904266556, 60.274915835351401 ], [ 25.0014482439863, 60.274958874339319 ], [ 25.001404833170472, 60.275001611034448 ], [ 25.001131825961405, 60.275265687463303 ], [ 25.000836554687066, 60.275213676919613 ], [ 25.000454696713852, 60.275146411632448 ], [ 25.000290735028489, 60.275115388343984 ], [ 25.000127457046361, 60.275083488191214 ], [ 24.9999648817797, 60.275050714889026 ], [ 24.999803028159512, 60.275017072257235 ], [ 24.999641915032406, 60.274982564207711 ], [ 24.999481561158202, 60.274947194765573 ], [ 24.999321985208855, 60.274910968045432 ], [ 24.999277342225341, 60.274900646640404 ], [ 24.999232762411193, 60.274890258115782 ], [ 24.999188246175304, 60.274879802574539 ], [ 24.999143793926553, 60.274869280107403 ], [ 24.999099406072919, 60.274858690810575 ], [ 24.999055083021226, 60.274848034785514 ], [ 24.999010825178484, 60.274837312126543 ], [ 24.997798566194703, 60.274515310632722 ], [ 24.997417305355722, 60.274414040888651 ], [ 24.997314181281691, 60.274370363258207 ], [ 24.99502470894608, 60.273400888903588 ], [ 24.994838197779867, 60.2733149375373 ], [ 24.994653730787011, 60.273227904940988 ], [ 24.994471333362309, 60.273139803111988 ], [ 24.994291030616182, 60.273050644184742 ], [ 24.994112847369568, 60.27296044043603 ], [ 24.993936808149392, 60.27286920430209 ], [ 24.993762937188865, 60.272776948341104 ], [ 24.993729731477622, 60.272759080442242 ], [ 24.993696607148923, 60.272741175323027 ], [ 24.993663564371939, 60.272723233077038 ], [ 24.993630603315413, 60.272705253795735 ], [ 24.993597724147172, 60.272687237567389 ], [ 24.993564927035251, 60.272669184489907 ], [ 24.993532212146807, 60.272651094649618 ], [ 24.993435159113776, 60.272593658168212 ], [ 24.993339075872285, 60.272535820898433 ], [ 24.99324396912689, 60.272477586877208 ], [ 24.993149845513621, 60.272418960173908 ], [ 24.993056711599891, 60.272359944879341 ], [ 24.992964573883818, 60.272300545116401 ], [ 24.992873438793733, 60.272240765033096 ], [ 24.992266480870633, 60.271720461701399 ], [ 24.992033845562407, 60.27112238152386 ], [ 24.991974218611272, 60.270969089672846 ], [ 24.992012301503426, 60.270974741022656 ], [ 24.992172462188421, 60.270749227274841 ], [ 24.992314958555301, 60.270545960282391 ], [ 24.99245821573577, 60.270342349420005 ], [ 24.992599586600555, 60.270138626998076 ], [ 24.992744164346952, 60.269936413342968 ], [ 24.992879740341142, 60.269742894315044 ], [ 24.992900659217739, 60.269713035501177 ], [ 24.99300408206107, 60.269564394720867 ], [ 24.993137051845963, 60.26937713286339 ], [ 24.993205834208776, 60.269280266852313 ], [ 24.993425702979057, 60.268970620980483 ], [ 24.993496815053724, 60.268870470864542 ], [ 24.993561433100776, 60.268779465331306 ], [ 24.993696465840809, 60.268589287812986 ], [ 24.993820752914676, 60.268414247400536 ], [ 24.994021955966343, 60.268130871245759 ], [ 24.994067604413384, 60.268066631652161 ], [ 24.99400883082086, 60.267898444368171 ], [ 24.993895664183498, 60.267585549309388 ], [ 24.993784970032955, 60.26727924392442 ], [ 24.99386048191915, 60.267122079958369 ], [ 24.993729202976475, 60.266917256442895 ], [ 24.993612164354165, 60.266748176737451 ], [ 24.993526309932459, 60.266762659622742 ], [ 24.993310181462707, 60.266722468260745 ], [ 24.993286945522534, 60.266688473114939 ], [ 24.993353801465606, 60.266599749288794 ], [ 24.993208660408307, 60.266383582452669 ], [ 24.993181479655632, 60.266346798456979 ], [ 24.99188231017002, 60.264468560471364 ], [ 24.991402164492854, 60.264496202033399 ], [ 24.990915535980957, 60.26452421030146 ], [ 24.99090022803713, 60.264524534872344 ], [ 24.990884940422095, 60.264525043665358 ], [ 24.99086968211677, 60.264525736382197 ], [ 24.990854462084208, 60.264526612611419 ], [ 24.990839289264628, 60.26452767183951 ], [ 24.990824172571511, 60.264528913448643 ], [ 24.990809120885238, 60.264530336706549 ], [ 24.990432889489437, 60.264565317934213 ], [ 24.99005469883209, 60.264594625125746 ], [ 24.989674895576236, 60.264618231420229 ], [ 24.989293827866064, 60.264636115179691 ], [ 24.988911845007095, 60.264648260009515 ], [ 24.988529297143959, 60.264654654783548 ], [ 24.988146534941954, 60.264655293633531 ], [ 24.988120194026088, 60.264655125941317 ], [ 24.988093853873004, 60.264654930908165 ], [ 24.988067514597713, 60.264654708539432 ], [ 24.988041176315154, 60.264654458833711 ], [ 24.98801483914033, 60.264654181792679 ], [ 24.987988503188262, 60.264653877421331 ], [ 24.987962168573727, 60.264653545713941 ], [ 24.98782663184566, 60.264651408675 ], [ 24.987691149066023, 60.26464854949068 ], [ 24.987555735824749, 60.264644968498999 ], [ 24.987420407705361, 60.264640666104427 ], [ 24.987285180280306, 60.264635642802361 ], [ 24.987150069110267, 60.264629899176889 ], [ 24.987015089744212, 60.264623435882072 ], [ 24.986915739852208, 60.264618214669895 ], [ 24.986816476134941, 60.264612603542794 ], [ 24.986717304792847, 60.26460660285359 ], [ 24.986618232021236, 60.264600212973761 ], [ 24.986519264008844, 60.264593434305695 ], [ 24.986420406937711, 60.264586267272058 ], [ 24.986321666984001, 60.264578712317807 ], [ 24.986275574298162, 60.264575169036895 ], [ 24.98622943657222, 60.264571773539679 ], [ 24.986183255725695, 60.264568525973125 ], [ 24.986137033679871, 60.264565426468046 ], [ 24.986090772357553, 60.264562475156403 ], [ 24.986044473684121, 60.264559672158356 ], [ 24.985998139585003, 60.264557017592011 ], [ 24.98587548888008, 60.264550716504935 ], [ 24.985752639681429, 60.264545455870604 ], [ 24.985629627740792, 60.264541237227853 ], [ 24.985506488857808, 60.264538061801595 ], [ 24.985383258869554, 60.264535930512302 ], [ 24.98525997363874, 60.264534843984386 ], [ 24.985136669044678, 60.264534802532232 ], [ 24.985003555759505, 60.264535608826797 ], [ 24.984870461540861, 60.264536988323911 ], [ 24.984737396385466, 60.264538940925917 ], [ 24.984604370289155, 60.26454146647955 ], [ 24.984471393244466, 60.264544564796253 ], [ 24.98433847523987, 60.264548235647766 ], [ 24.98420562625973, 60.26455247875321 ], [ 24.984120215470416, 60.264555510194853 ], [ 24.984034840017777, 60.264558778150757 ], [ 24.983949502554385, 60.264562282526526 ], [ 24.983864205732417, 60.26456602320517 ], [ 24.983778952202329, 60.264570000074933 ], [ 24.98369374461284, 60.264574213012409 ], [ 24.983608585611638, 60.264578661883547 ], [ 24.983542619547745, 60.264577783120814 ], [ 24.9831661099239, 60.264572775279014 ], [ 24.98313905092197, 60.264573484486171 ], [ 24.981339875810292, 60.264620582366604 ], [ 24.981040470649496, 60.264629370126862 ], [ 24.980741315628862, 60.264640056180305 ], [ 24.980442459490341, 60.264652638788981 ], [ 24.980143950927417, 60.264667115898568 ], [ 24.979845838577507, 60.264683485151252 ], [ 24.979548171012716, 60.264701743883492 ], [ 24.979250996734748, 60.264721889115471 ], [ 24.97822477516404, 60.264805263418729 ], [ 24.977217110153124, 60.264926162334902 ], [ 24.975957687686613, 60.265131631971485 ], [ 24.97580262938245, 60.26515681814783 ], [ 24.975730829011813, 60.265067913586307 ], [ 24.975625627991565, 60.264975448636733 ], [ 24.975503269224717, 60.264901631131814 ], [ 24.975423333200599, 60.264870857978863 ], [ 24.97529767439725, 60.264838164540592 ], [ 24.974922228771941, 60.264771937173961 ], [ 24.97431842908972, 60.264689814388895 ], [ 24.973769459693635, 60.264587433448092 ], [ 24.973567755992189, 60.264544258119436 ], [ 24.97338090684752, 60.264495978510766 ], [ 24.973200027644019, 60.264438194990227 ] ] ] } },
{ "type": "Feature", "properties": { "id": 114642, "aluejako": "KAUPUNGINOSA", "kunta": "091", "tunnus": "17", "nimi_fi": "PASILA", "nimi_se": "BÖLE", "yhtluontipvm": "2009-12-30", "yhtmuokkauspvm": "2021-12-02", "yhtdatanomistaja": "Helsinki/Kami", "paivitetty_tietopalveluun": "2025-11-21" }, "geometry": { "type": "Polygon", "coordinates": [ [ [ 24.915815462175765, 60.204188838777064 ], [ 24.915924591526714, 60.204158972341126 ], [ 24.916034740315698, 60.204130047984663 ], [ 24.916145875719213, 60.204102074333193 ], [ 24.916257964619742, 60.204075059715542 ], [ 24.916370973616647, 60.204049012185216 ], [ 24.916484869034377, 60.204023939501276 ], [ 24.916599616934104, 60.203999849136189 ], [ 24.916635133142471, 60.203992310488132 ], [ 24.916670256508088, 60.203984328878015 ], [ 24.916704964735473, 60.203975909374805 ], [ 24.916739235791979, 60.203967057323602 ], [ 24.916773047924135, 60.20395777834058 ], [ 24.916806379668294, 60.203948078319435 ], [ 24.916839209866577, 60.203937963413225 ], [ 24.916781113182633, 60.203892534805959 ], [ 24.916704992444267, 60.203866008709987 ], [ 24.916626666142228, 60.203836549913326 ], [ 24.916552839842154, 60.203804340476943 ], [ 24.916483902577706, 60.203769550139029 ], [ 24.916420217615773, 60.203732362234931 ], [ 24.916362120540846, 60.203692972736633 ], [ 24.916309917487396, 60.203651589215113 ], [ 24.91626388352757, 60.203608429750531 ], [ 24.916224261220375, 60.203563721777392 ], [ 24.916191259335402, 60.203517700892547 ], [ 24.916172145814929, 60.203484194889334 ], [ 24.9161570834899, 60.203450180858653 ], [ 24.916146126036047, 60.203415780040793 ], [ 24.916139312497961, 60.203381115055578 ], [ 24.916136667148315, 60.203346309463981 ], [ 24.916138199403015, 60.203311487324243 ], [ 24.916143903787468, 60.203276772756851 ], [ 24.916153759955854, 60.203242289500466 ], [ 24.916167732763942, 60.203208160462374 ], [ 24.916435559334971, 60.202641056467691 ], [ 24.91704307114793, 60.202453781065287 ], [ 24.917185739558185, 60.201454805936088 ], [ 24.917371399557673, 60.200154716412406 ], [ 24.91788314708338, 60.196570587157282 ], [ 24.920346047828726, 60.195395043528457 ], [ 24.922508728251451, 60.194362679954814 ], [ 24.922573489464583, 60.194267334309792 ], [ 24.922229696112101, 60.193386997268924 ], [ 24.922387520624959, 60.193158252654868 ], [ 24.923310044708469, 60.192704237720953 ], [ 24.92333322839097, 60.192692093421982 ], [ 24.92335485019478, 60.192679254676854 ], [ 24.923374826399499, 60.192665771203714 ], [ 24.923393079657952, 60.192651695207353 ], [ 24.923409539294116, 60.19263708119324 ], [ 24.923424141576724, 60.192621985750968 ], [ 24.923436829967567, 60.192606467325255 ], [ 24.923754466661649, 60.192180550729177 ], [ 24.923873614006322, 60.192020785935703 ], [ 24.924007990396731, 60.191840591847559 ], [ 24.924241048524177, 60.191434004363089 ], [ 24.924409598635975, 60.191139960098035 ], [ 24.924492308388025, 60.191163951122505 ], [ 24.924575336184603, 60.191187668254216 ], [ 24.924658678367614, 60.191211110450141 ], [ 24.924742331265101, 60.191234276674663 ], [ 24.924826291191653, 60.191257165907992 ], [ 24.924910554447333, 60.191279777146171 ], [ 24.924995117320606, 60.19130210938409 ], [ 24.925104350756609, 60.191330429044562 ], [ 24.925214066177862, 60.19135828300989 ], [ 24.925324255576065, 60.19138566925195 ], [ 24.925434910909441, 60.19141258576883 ], [ 24.925546024101333, 60.191439030593514 ], [ 24.925657587041535, 60.191465001798058 ], [ 24.925769591587695, 60.191490497485837 ], [ 24.926373460688506, 60.191634078121908 ], [ 24.928419431444961, 60.192060299793447 ], [ 24.929735362790254, 60.192311524340454 ], [ 24.930438396009237, 60.192423664866496 ], [ 24.931159458605315, 60.192531313443794 ], [ 24.932646676420763, 60.192778006950761 ], [ 24.932628672965883, 60.192840835551173 ], [ 24.933051424469635, 60.192884163023628 ], [ 24.933494849911902, 60.192919288811808 ], [ 24.933788992645454, 60.192882538979269 ], [ 24.933800185241076, 60.192911119579968 ], [ 24.933886127039866, 60.19320062570354 ], [ 24.933976611628545, 60.193360672715265 ], [ 24.934044842745287, 60.193654902630215 ], [ 24.934126929728592, 60.194008876108882 ], [ 24.934494907812681, 60.195243574540143 ], [ 24.934414251444188, 60.195247899418469 ], [ 24.93442940480988, 60.195313244282552 ], [ 24.93529381579534, 60.195522736209632 ], [ 24.935452636788771, 60.195561599507165 ], [ 24.935770986061776, 60.195638804216522 ], [ 24.935867945428495, 60.19566231823454 ], [ 24.936194136465897, 60.195742483233253 ], [ 24.936318597398429, 60.195777372115728 ], [ 24.936495715092462, 60.195768855910821 ], [ 24.9362072935361, 60.196380499086629 ], [ 24.936149171306528, 60.196503749203394 ], [ 24.936442468724167, 60.196485674497069 ], [ 24.940178198477764, 60.196255410469647 ], [ 24.940190411537984, 60.196318348824491 ], [ 24.940770221737843, 60.196455184172905 ], [ 24.94079016150225, 60.196557924659388 ], [ 24.940777737681206, 60.196584269104825 ], [ 24.940967290598213, 60.1966351041373 ], [ 24.941488251121996, 60.196774775079369 ], [ 24.942028830079344, 60.19678307237875 ], [ 24.943678786288153, 60.196822835287051 ], [ 24.943907784385658, 60.196837662481009 ], [ 24.944134255695197, 60.196860137132539 ], [ 24.94435717106095, 60.196890157115753 ], [ 24.944575517480366, 60.196927586009068 ], [ 24.9447883027035, 60.196972253725548 ], [ 24.94499455974093, 60.197023957281509 ], [ 24.945193351257025, 60.197082461719361 ], [ 24.945383773827757, 60.197147501173092 ], [ 24.945564962045768, 60.197218780079979 ], [ 24.945736092452467, 60.197295974518021 ], [ 24.945896387280769, 60.197378733680885 ], [ 24.947220893431965, 60.198110387495134 ], [ 24.947475314796918, 60.198250922118611 ], [ 24.947720018317963, 60.198386086925389 ], [ 24.947674315002068, 60.198405919978214 ], [ 24.947629516159296, 60.198426258046375 ], [ 24.947585644302492, 60.198447090915671 ], [ 24.947542721479707, 60.198468408115055 ], [ 24.947500769261058, 60.198490198933854 ], [ 24.947459808729619, 60.198512452421333 ], [ 24.947419860470632, 60.198535157393898 ], [ 24.947385742476133, 60.198555391239374 ], [ 24.947352428470314, 60.198575954428044 ], [ 24.947319931280116, 60.198596839044498 ], [ 24.947288263417366, 60.198618037048107 ], [ 24.947257437074395, 60.19863954027656 ], [ 24.947227464120527, 60.198661340454393 ], [ 24.94719835609558, 60.198683429188875 ], [ 24.94705069117796, 60.198785779646791 ], [ 24.946937899119416, 60.19886395608718 ], [ 24.945369353387719, 60.199951091130735 ], [ 24.945274323047308, 60.200020261649932 ], [ 24.945188121176354, 60.200092241222443 ], [ 24.945111081787463, 60.200166750995628 ], [ 24.945043503403426, 60.200243502308695 ], [ 24.944985647898765, 60.200322197815204 ], [ 24.944937739486125, 60.200402532635323 ], [ 24.944899963845657, 60.200484195536902 ], [ 24.944872467404423, 60.200566870139504 ], [ 24.944855356768176, 60.200650236139488 ], [ 24.944850789807319, 60.200691195139555 ], [ 24.944848731735018, 60.200732204383172 ], [ 24.944849184470677, 60.200773225806238 ], [ 24.944852147603939, 60.20081422131971 ], [ 24.944857618393268, 60.200855152865735 ], [ 24.944865591768544, 60.200895982443356 ], [ 24.944876060336981, 60.200936672146796 ], [ 24.945257646044201, 60.202460603099745 ], [ 24.945269747714072, 60.202509387700779 ], [ 24.945280506387821, 60.202558250199459 ], [ 24.945289920041631, 60.20260718144479 ], [ 24.945297986905551, 60.202656172256006 ], [ 24.945304705460824, 60.202705213450898 ], [ 24.945310074441917, 60.202754295839341 ], [ 24.945314092836494, 60.202803410214457 ], [ 24.945314737635112, 60.202813286186782 ], [ 24.945315327834269, 60.202823163002286 ], [ 24.945315863429212, 60.202833040590519 ], [ 24.945316344415922, 60.202842918873266 ], [ 24.945316770790566, 60.202852797777631 ], [ 24.945317142549925, 60.202862677229724 ], [ 24.945317459691292, 60.202872557152475 ], [ 24.945420125518243, 60.205114566364315 ], [ 24.945494202955977, 60.206826406217658 ], [ 24.945544908179329, 60.207960601219575 ], [ 24.945544101385966, 60.207993981510391 ], [ 24.945541592156861, 60.208027340848169 ], [ 24.945537382104536, 60.208060657734713 ], [ 24.945531473937198, 60.208093910693549 ], [ 24.945523871458132, 60.208127078287539 ], [ 24.945514579562239, 60.208160139144582 ], [ 24.945503604233764, 60.208193071949481 ], [ 24.945403464111113, 60.208435884132832 ], [ 24.945232465770165, 60.208850496304038 ], [ 24.944856897731039, 60.20881033831931 ], [ 24.943798976896318, 60.208697214646612 ], [ 24.943587374846921, 60.20867458943016 ], [ 24.943362032469729, 60.208635286368498 ], [ 24.943138488118521, 60.20859351795584 ], [ 24.942916850687748, 60.20854930454751 ], [ 24.942697228142805, 60.208502667677863 ], [ 24.94247972746523, 60.208453630066913 ], [ 24.942264454601847, 60.208402215606661 ], [ 24.942051514412778, 60.208348449340832 ], [ 24.941860168599895, 60.208295321073734 ], [ 24.941658945573195, 60.208242318189448 ], [ 24.941458691763547, 60.208188414108342 ], [ 24.941259423466175, 60.208133613223211 ], [ 24.941061156896467, 60.208077919988469 ], [ 24.940863908187438, 60.208021338941975 ], [ 24.940667693389461, 60.207963874691998 ], [ 24.940472528468653, 60.207905531908743 ], [ 24.940318705763268, 60.207857798991306 ], [ 24.938757598899358, 60.20737327628801 ], [ 24.93800013993814, 60.20713818028814 ], [ 24.937551460655936, 60.206998915002664 ], [ 24.937418153194109, 60.206968957847089 ], [ 24.937052051036737, 60.206886687628277 ], [ 24.936961940437065, 60.206958411449456 ], [ 24.936862956881203, 60.207027177118199 ], [ 24.93675549112135, 60.20709271313995 ], [ 24.936639967407647, 60.207154760761853 ], [ 24.936516841812008, 60.207213075002194 ], [ 24.936386600427774, 60.207267425626846 ], [ 24.936249757452519, 60.207317598039161 ], [ 24.936153120327941, 60.207351128746417 ], [ 24.936052290557235, 60.207381447783597 ], [ 24.935947698408402, 60.207408425776329 ], [ 24.935839790210036, 60.207431947594962 ], [ 24.935729026444363, 60.207451912861096 ], [ 24.935615879781633, 60.207468236374332 ], [ 24.935500833063973, 60.207480848478305 ], [ 24.935384377243309, 60.207489695352102 ], [ 24.935267009286445, 60.20749473924112 ], [ 24.935149230053117, 60.207495958621017 ], [ 24.935031542159376, 60.207493348286746 ], [ 24.934914447830369, 60.207486919383186 ], [ 24.934798446758336, 60.207476699339821 ], [ 24.934684033968317, 60.207462731773049 ], [ 24.934571697706456, 60.207445076286376 ], [ 24.934461917354426, 60.207423808227844 ], [ 24.93435516138543, 60.207399018351921 ], [ 24.93425188536218, 60.20737081245187 ], [ 24.934152529994641, 60.207339310890461 ], [ 24.934057519257745, 60.207304648097143 ], [ 24.933967258583099, 60.207266971990357 ], [ 24.933882133127351, 60.207226443349775 ], [ 24.933802506130061, 60.207183235122976 ], [ 24.933728571928572, 60.207192217578147 ], [ 24.934062446705425, 60.207800708074139 ], [ 24.934369098041739, 60.207973001830226 ], [ 24.934772011620765, 60.20883321244208 ], [ 24.935609257871093, 60.210620573444508 ], [ 24.93708961971636, 60.21348351021544 ], [ 24.937985472213391, 60.214595288774696 ], [ 24.93817437883137, 60.214829661280476 ], [ 24.940962545501527, 60.216920500681866 ], [ 24.941796207763698, 60.217342207274797 ], [ 24.942103619298518, 60.217476533326099 ], [ 24.94240212577898, 60.217615743044838 ], [ 24.942691413861173, 60.217759690365199 ], [ 24.942971179863946, 60.217908224231515 ], [ 24.943241130084456, 60.218061188787296 ], [ 24.94350098110905, 60.21821842351887 ], [ 24.943750460110323, 60.218379763423336 ], [ 24.942692540036358, 60.21922387098261 ], [ 24.938563748684128, 60.218628454236125 ], [ 24.938159723974675, 60.218494866455046 ], [ 24.93523818733124, 60.218253673092413 ], [ 24.935039255685812, 60.218184226712573 ], [ 24.934071432623341, 60.218116066945306 ], [ 24.93407091503353, 60.218124903042074 ], [ 24.93407038374631, 60.218133738937304 ], [ 24.934069838762436, 60.218142574627727 ], [ 24.934069280081825, 60.218151410105875 ], [ 24.934068707704608, 60.218160245365311 ], [ 24.93406812163191, 60.218169080400692 ], [ 24.934067521863433, 60.218177915213211 ], [ 24.933544745417986, 60.218168998631832 ], [ 24.933544364263796, 60.218173402249555 ], [ 24.933527732011882, 60.21830809583787 ], [ 24.933461490628737, 60.218676192885937 ], [ 24.933353385411536, 60.219059188883897 ], [ 24.933293694502623, 60.219270651917206 ], [ 24.933286118831251, 60.21929748986252 ], [ 24.933252542484261, 60.219404419944112 ], [ 24.933120738973209, 60.219824177581039 ], [ 24.933039009485238, 60.220084454498831 ], [ 24.932990630929609, 60.220223912758264 ], [ 24.932939682387087, 60.2203574306943 ], [ 24.932891952550804, 60.220483618254271 ], [ 24.932886759644177, 60.220495180206179 ], [ 24.932880045051963, 60.220506546570711 ], [ 24.932871838018947, 60.220517667839495 ], [ 24.932862174291433, 60.220528495571777 ], [ 24.932851095960832, 60.220538982603451 ], [ 24.932838651279329, 60.220549083257239 ], [ 24.932824894452072, 60.220558753537667 ], [ 24.932809885398896, 60.220567951322003 ], [ 24.932793689494112, 60.220576636549239 ], [ 24.93277637728216, 60.220584771386683 ], [ 24.932758024169683, 60.220592320403121 ], [ 24.932738710098015, 60.220599250715708 ], [ 24.932718519193347, 60.220605532136503 ], [ 24.932697539402231, 60.220611137308225 ], [ 24.93267586210694, 60.220616041813891 ], [ 24.932653581728736, 60.220620224290471 ], [ 24.932630795314768, 60.220623666519984 ], [ 24.932607602117468, 60.220626353511811 ], [ 24.932584103160956, 60.220628273557992 ], [ 24.932439813071689, 60.220637346214787 ], [ 24.932295379688366, 60.22064583598484 ], [ 24.932150812526967, 60.220653742310411 ], [ 24.932006121112959, 60.220661064672484 ], [ 24.931861314979621, 60.220667802585275 ], [ 24.931716403667735, 60.220673955609342 ], [ 24.931571396725911, 60.220679523332791 ], [ 24.931504055220866, 60.220681908957211 ], [ 24.931436696117352, 60.220684168302554 ], [ 24.931369320372202, 60.220686301342212 ], [ 24.931301928942858, 60.220688308038739 ], [ 24.93123452278693, 60.220690188368415 ], [ 24.93116710286165, 60.220691942304413 ], [ 24.931099670125228, 60.22069356981774 ], [ 24.9308332047619, 60.22069843235446 ], [ 24.930566597780619, 60.220700660057766 ], [ 24.930299954460569, 60.22070025205597 ], [ 24.930033380098003, 60.22069720850422 ], [ 24.929766979959574, 60.220691530604157 ], [ 24.929500859243898, 60.220683220605444 ], [ 24.929235123039359, 60.22067228178107 ], [ 24.928707117552467, 60.220638722055121 ], [ 24.928143466199352, 60.220598079105947 ], [ 24.92750852626806, 60.220552292335682 ], [ 24.926863255682594, 60.220505758159476 ], [ 24.926306797204777, 60.220465625659216 ], [ 24.926077999968076, 60.220449124622007 ], [ 24.925549111416171, 60.220410977086473 ], [ 24.924891134805168, 60.22036351608439 ], [ 24.924254320760244, 60.220317578943721 ], [ 24.92378399026639, 60.220283648386562 ], [ 24.922762138799328, 60.220242215977727 ], [ 24.91918605449289, 60.219984146227155 ], [ 24.915317076586462, 60.219704829681284 ], [ 24.914656491876883, 60.219657126867006 ], [ 24.91368783510892, 60.219587170920668 ], [ 24.914637738450025, 60.218439641787022 ], [ 24.910792193914435, 60.2131213572044 ], [ 24.91056251515592, 60.212803659724756 ], [ 24.907539719290344, 60.208621839682721 ], [ 24.908565450143303, 60.208203801926572 ], [ 24.909514199782976, 60.208303348705904 ], [ 24.909672620577133, 60.208209899877545 ], [ 24.913630299189027, 60.20587509019073 ], [ 24.914534160732021, 60.205641045334417 ], [ 24.914735114361939, 60.205496184330734 ], [ 24.915146013468327, 60.205199973456523 ], [ 24.915355266837317, 60.205049123045853 ], [ 24.916265167226705, 60.204813486076446 ], [ 24.916425134582003, 60.20477205870057 ], [ 24.915815462175765, 60.204188838777064 ] ] ] } },
{ "type": "Feature", "properties": { "id": 114643, "aluejako": "KAUPUNGINOSA", "kunta": "091", "tunnus": "28", "nimi_fi": "OULUNKYLÄ", "nimi_se": "ÅGGELBY", "yhtluontipvm": "2009-12-30", "yhtmuokkauspvm": "2021-03-31", "yhtdatanomistaja": "Helsinki/Kami", "paivitetty_tietopalveluun": "2025-11-21" }, "geometry": { "type": "Polygon", "coordinates": [ [ [ 24.929235123039359, 60.22067228178107 ], [ 24.929500859243898, 60.220683220605444 ], [ 24.929766979959574, 60.220691530604157 ], [ 24.930033380098003, 60.22069720850422 ], [ 24.930299954460569, 60.22070025205597 ], [ 24.930566597780619, 60.220700660057766 ], [ 24.9308332047619, 60.22069843235446 ], [ 24.931099670125228, 60.22069356981774 ], [ 24.93116710286165, 60.220691942304413 ], [ 24.93123452278693, 60.220690188368415 ], [ 24.931301928942858, 60.220688308038739 ], [ 24.931369320372202, 60.220686301342212 ], [ 24.931436696117352, 60.220684168302554 ], [ 24.931504055220866, 60.220681908957211 ], [ 24.931571396725911, 60.220679523332791 ], [ 24.931716403667735, 60.220673955609342 ], [ 24.931861314979621, 60.220667802585275 ], [ 24.932006121112959, 60.220661064672484 ], [ 24.932150812526967, 60.220653742310411 ], [ 24.932295379688505, 60.220645835982708 ], [ 24.932439813071689, 60.220637346214787 ], [ 24.932584103160956, 60.220628273557992 ], [ 24.932607602117464, 60.220626353511811 ], [ 24.932630795314768, 60.220623666519984 ], [ 24.932653581728466, 60.220620224290457 ], [ 24.93267586210694, 60.220616041813891 ], [ 24.932697539402231, 60.220611137308225 ], [ 24.932718519193347, 60.220605532136503 ], [ 24.932738710097748, 60.220599250715694 ], [ 24.932758024169683, 60.220592320403121 ], [ 24.93277637728216, 60.220584771386683 ], [ 24.932793689494112, 60.220576636549239 ], [ 24.932809885398896, 60.220567951322003 ], [ 24.932824894452072, 60.220558753537667 ], [ 24.932838651279329, 60.220549083257239 ], [ 24.932851095960562, 60.220538982603451 ], [ 24.932862174291433, 60.220528495571777 ], [ 24.932871838018947, 60.220517667839495 ], [ 24.932880045051963, 60.220506546570711 ], [ 24.932886759644177, 60.220495180206179 ], [ 24.932891952550804, 60.220483618254271 ], [ 24.932939682387087, 60.2203574306943 ], [ 24.932990630929609, 60.220223912758264 ], [ 24.933039009485238, 60.220084454498831 ], [ 24.933120738973209, 60.219824177581039 ], [ 24.933286118831251, 60.21929748986252 ], [ 24.933353385411536, 60.219059188883897 ], [ 24.933461490628737, 60.218676192885937 ], [ 24.933527732011882, 60.21830809583787 ], [ 24.933544364263796, 60.218173402249555 ], [ 24.933544745417986, 60.218168998631832 ], [ 24.934067521863433, 60.218177915213211 ], [ 24.93406812163191, 60.218169080400692 ], [ 24.934068707704608, 60.218160245365311 ], [ 24.934069280081825, 60.218151410105875 ], [ 24.934069838762436, 60.218142574627727 ], [ 24.93407038374631, 60.218133738937304 ], [ 24.93407091503353, 60.218124903042074 ], [ 24.934071432623341, 60.218116066945306 ], [ 24.935039255685812, 60.218184226712573 ], [ 24.93523818733124, 60.218253673092413 ], [ 24.938159723974675, 60.218494866455046 ], [ 24.938563748684128, 60.218628454236125 ], [ 24.942692540036358, 60.21922387098261 ], [ 24.944727907024404, 60.219879785861337 ], [ 24.944791384415893, 60.219906539151324 ], [ 24.946049368601805, 60.220436739065292 ], [ 24.947214331061261, 60.220873873772668 ], [ 24.947421947870463, 60.220941424062502 ], [ 24.947606900783558, 60.221001600788277 ], [ 24.94908662062959, 60.221483025070512 ], [ 24.949998750908051, 60.221749953848239 ], [ 24.949223964380785, 60.222152848483603 ], [ 24.949511631743718, 60.222247943677658 ], [ 24.95552483435949, 60.222952983306023 ], [ 24.955863898474025, 60.222992877135894 ], [ 24.960525257150223, 60.223541228198449 ], [ 24.96070323542105, 60.223562161314703 ], [ 24.964410506481439, 60.223998139230083 ], [ 24.965968566812318, 60.223695735257756 ], [ 24.966409862235817, 60.223610079995396 ], [ 24.968951026152894, 60.223116803344809 ], [ 24.969241811308784, 60.223060354975559 ], [ 24.970669992458177, 60.222783153702871 ], [ 24.971009370516214, 60.222717201890966 ], [ 24.975046984714055, 60.221933229001316 ], [ 24.97530342422807, 60.221883431372405 ], [ 24.979466129970461, 60.221074992505208 ], [ 24.979848793957068, 60.221000666900984 ], [ 24.980034045666109, 60.221180986729664 ], [ 24.980413521106669, 60.221512901254044 ], [ 24.981045248126375, 60.222017712042678 ], [ 24.981778099164718, 60.222818180492133 ], [ 24.982297894780785, 60.223238776376334 ], [ 24.983006950486153, 60.223854251540445 ], [ 24.983652214314464, 60.225014016079811 ], [ 24.98369147242704, 60.225155340699018 ], [ 24.983704427207556, 60.225324069244849 ], [ 24.983695538702882, 60.225393182935818 ], [ 24.983623853911993, 60.225649011439863 ], [ 24.98331858021859, 60.226421028678743 ], [ 24.983468133905255, 60.227230725479451 ], [ 24.984191834939988, 60.227385558742668 ], [ 24.984944780384488, 60.227546645406854 ], [ 24.98524315991768, 60.227610479368934 ], [ 24.986079865934833, 60.227822496859709 ], [ 24.986780211917822, 60.228494512320736 ], [ 24.987425243049113, 60.228982106595822 ], [ 24.988106662848878, 60.229497193381391 ], [ 24.988522316364477, 60.229784189197396 ], [ 24.988657110274879, 60.229900144445153 ], [ 24.989136492124629, 60.230342045833417 ], [ 24.989378747493291, 60.230555692376299 ], [ 24.989705474230444, 60.230903871265959 ], [ 24.98974611951714, 60.230974135288584 ], [ 24.989796047632908, 60.231081776083272 ], [ 24.98983823629068, 60.231233911587019 ], [ 24.989839784135075, 60.231241708596286 ], [ 24.989843369952546, 60.231259754719197 ], [ 24.989892775347794, 60.231508400048568 ], [ 24.989923325152834, 60.231787369846487 ], [ 24.989921093972502, 60.232176951193871 ], [ 24.989916293320615, 60.232235535654432 ], [ 24.989888802727023, 60.232447123928431 ], [ 24.989852145871144, 60.2325631006441 ], [ 24.989684031744087, 60.232996730058133 ], [ 24.989454071440225, 60.233499463642964 ], [ 24.989109023469375, 60.234208686887861 ], [ 24.989051163870705, 60.234312474878962 ], [ 24.988638588943264, 60.235052496422256 ], [ 24.988274576802958, 60.235669835959989 ], [ 24.987425624787249, 60.236249169051831 ], [ 24.985505133817071, 60.237165595846761 ], [ 24.985070780150579, 60.237365987841223 ], [ 24.983980808610045, 60.237868832899522 ], [ 24.983737773691455, 60.237980951191631 ], [ 24.983327758177253, 60.238163899547459 ], [ 24.982995969294397, 60.23829936632864 ], [ 24.982568446384988, 60.238459326023225 ], [ 24.982266598456757, 60.238564737371313 ], [ 24.981733855539996, 60.238729131147352 ], [ 24.981453640502068, 60.238802919888464 ], [ 24.980995780896937, 60.23891565097739 ], [ 24.980782643716232, 60.238961828058869 ], [ 24.980602557077276, 60.23899778132899 ], [ 24.980531680271447, 60.239011933149072 ], [ 24.98009249926826, 60.239086804957495 ], [ 24.979434873464388, 60.239188274188891 ], [ 24.978725069251741, 60.239289135845972 ], [ 24.978604678751445, 60.23930624235053 ], [ 24.977971472451852, 60.239376788203124 ], [ 24.977747401243267, 60.239401751650924 ], [ 24.977224116507152, 60.239523140589135 ], [ 24.975735593285822, 60.239959065982667 ], [ 24.973931429469115, 60.240586274537371 ], [ 24.972632849215092, 60.241329041356302 ], [ 24.972557814083654, 60.241381465196639 ], [ 24.972307759520305, 60.24123762021933 ], [ 24.972236933379882, 60.241196877120039 ], [ 24.971897417114995, 60.241001568657509 ], [ 24.971534109821381, 60.240777202832696 ], [ 24.971171464126236, 60.240676666258082 ], [ 24.97065431978487, 60.24053330378301 ], [ 24.970322815801556, 60.240357225407223 ], [ 24.970198120209698, 60.240291233187911 ], [ 24.970113712420705, 60.240246774595086 ], [ 24.970055987510182, 60.240058189624371 ], [ 24.970005246475427, 60.239892533716606 ], [ 24.970161211380926, 60.239579699150504 ], [ 24.96984465305988, 60.23945950789301 ], [ 24.969571640467084, 60.239355850373535 ], [ 24.969419328983591, 60.239297980945693 ], [ 24.96907378845448, 60.239166691228171 ], [ 24.969043080551064, 60.239177577552113 ], [ 24.969011976576507, 60.239188182263547 ], [ 24.968980486975642, 60.239198501805973 ], [ 24.968948622323154, 60.239208532712333 ], [ 24.968916393320292, 60.239218271610675 ], [ 24.968883810789634, 60.239227715234733 ], [ 24.968850885673014, 60.239236860411168 ], [ 24.968693624150006, 60.239279599010395 ], [ 24.968094536960162, 60.239442412723534 ], [ 24.968069380908901, 60.239449077434983 ], [ 24.968043944594523, 60.239455473776673 ], [ 24.968018239596567, 60.239461598843029 ], [ 24.967992277616922, 60.239467449841875 ], [ 24.967966070474528, 60.239473024108079 ], [ 24.967939630099565, 60.239478319109949 ], [ 24.967912968528907, 60.239483332430439 ], [ 24.967830560750361, 60.239496835959294 ], [ 24.967746563595846, 60.239507650994206 ], [ 24.96766133146706, 60.239515731905804 ], [ 24.967575223978233, 60.239521044597275 ], [ 24.96748860443774, 60.239523566651876 ], [ 24.967401838313492, 60.239523287433713 ], [ 24.967315291693801, 60.239520208114854 ], [ 24.967063935332035, 60.239507176614985 ], [ 24.966806992437629, 60.239493854236215 ], [ 24.966246489270706, 60.239464790748777 ], [ 24.965837268832303, 60.239443568873696 ], [ 24.965805538274672, 60.239442158391995 ], [ 24.965773738017706, 60.239441212460136 ], [ 24.96574189556706, 60.239440731900174 ], [ 24.965710038465026, 60.239440717124729 ], [ 24.965678194266889, 60.23944116814512 ], [ 24.965646390516078, 60.239442084577398 ], [ 24.965614654721954, 60.239443465621605 ], [ 24.965538254212312, 60.239448724827064 ], [ 24.96546280015971, 60.239456674010405 ], [ 24.965388675181647, 60.23946727286588 ], [ 24.965316255156278, 60.239480467646153 ], [ 24.965245907318259, 60.239496191439315 ], [ 24.965177988395499, 60.239514364513965 ], [ 24.965112842799975, 60.239534894718538 ], [ 24.965050800883748, 60.239557677944909 ], [ 24.96499217726095, 60.239582598663489 ], [ 24.964937269214609, 60.239609530500594 ], [ 24.964886355188643, 60.239638336886323 ], [ 24.964839693374671, 60.239668871751441 ], [ 24.96479752040506, 60.239700980248053 ], [ 24.964001063876278, 60.240357286115021 ], [ 24.963973276192625, 60.240380165701829 ], [ 24.963963457151134, 60.240388168327293 ], [ 24.963953485905485, 60.240396124292594 ], [ 24.963943363352552, 60.240404032890488 ], [ 24.963933090402403, 60.240411893401479 ], [ 24.963922667979286, 60.240419705120189 ], [ 24.96391209702017, 60.240427467348937 ], [ 24.963901378475757, 60.240435179384221 ], [ 24.963859088731748, 60.240464168644152 ], [ 24.96381471213671, 60.240492376278986 ], [ 24.963768307075632, 60.240519765174994 ], [ 24.963719934602469, 60.240546299294138 ], [ 24.963669658360477, 60.240571943720624 ], [ 24.963617544498923, 60.240596664715262 ], [ 24.963563661584423, 60.240620429746997 ], [ 24.963505657062729, 60.240645095108867 ], [ 24.963300787495154, 60.240732203568847 ], [ 24.963278636076236, 60.240741785029996 ], [ 24.963256817684378, 60.240751553552094 ], [ 24.963235338708824, 60.240761506280656 ], [ 24.963214205441073, 60.240771640296217 ], [ 24.963193424070454, 60.240781952629561 ], [ 24.963173000682929, 60.240792440268102 ], [ 24.963152941260667, 60.240803100132361 ], [ 24.963124452840113, 60.240818898063146 ], [ 24.963096763814868, 60.240835043510863 ], [ 24.963069891329958, 60.240851526479673 ], [ 24.963043852024107, 60.240868336765615 ], [ 24.963018662021028, 60.240885463958826 ], [ 24.96299433691776, 60.24090289745822 ], [ 24.962970891776703, 60.240920626464501 ], [ 24.962741737245437, 60.240908502178243 ], [ 24.962660965931853, 60.240904228761543 ], [ 24.961797265687675, 60.24085851033761 ], [ 24.961341577795174, 60.24083439001793 ], [ 24.960932776371845, 60.240813442158739 ], [ 24.960393286785521, 60.240787549087884 ], [ 24.960136208181265, 60.240775885867066 ], [ 24.96004445787737, 60.240771722445146 ], [ 24.960052361532028, 60.240755183266792 ], [ 24.960086555540077, 60.240692179464332 ], [ 24.960120768381113, 60.240638820203372 ], [ 24.960159415108478, 60.240586214549758 ], [ 24.960202428825458, 60.240534453537208 ], [ 24.960249735079955, 60.240483626731589 ], [ 24.960301251993524, 60.240433822081911 ], [ 24.96035689040178, 60.240385125777138 ], [ 24.960416554010756, 60.240337622074364 ], [ 24.960446083778482, 60.2403156363468 ], [ 24.96047647626969, 60.240293943192682 ], [ 24.96050771975947, 60.240272550984812 ], [ 24.960539802195616, 60.240251467969252 ], [ 24.960572711201685, 60.240230702278929 ], [ 24.960606434082486, 60.240210261927288 ], [ 24.960640957829401, 60.2401901547939 ], [ 24.960799867487484, 60.240099429676249 ], [ 24.961012055166862, 60.239978285532196 ], [ 24.961054311148956, 60.239954160543654 ], [ 24.961120711736488, 60.239916247511651 ], [ 24.960681427809458, 60.239861181839224 ], [ 24.959513827376458, 60.239714828942297 ], [ 24.959195385474878, 60.239674918605601 ], [ 24.957961813337288, 60.239520268155225 ], [ 24.957641885006371, 60.239553800660403 ], [ 24.957289624355383, 60.239506141797513 ], [ 24.955404465282136, 60.239251078910662 ], [ 24.954856313332481, 60.239179642847787 ], [ 24.954309573183671, 60.239108502089984 ], [ 24.953993505871253, 60.239066416129631 ], [ 24.95401685491289, 60.239023067915333 ], [ 24.953214993365467, 60.23890929088644 ], [ 24.953194079863433, 60.238952942288606 ], [ 24.952573046710818, 60.238872243520262 ], [ 24.952184978116403, 60.238821816336319 ], [ 24.95109902353018, 60.238691963921845 ], [ 24.950972958043597, 60.23867527174356 ], [ 24.950425079755934, 60.238605101844605 ], [ 24.950377200557082, 60.238597904575037 ], [ 24.949635709922557, 60.238302425262908 ], [ 24.949134821813811, 60.238230227756461 ], [ 24.949082978047731, 60.238222755649652 ], [ 24.948503448543168, 60.238143042823616 ], [ 24.948299784884913, 60.2381150305809 ], [ 24.947238206052766, 60.237969004013763 ], [ 24.947166698640054, 60.237959162824197 ], [ 24.947074323599587, 60.237946454629331 ], [ 24.945922675276684, 60.237788023435471 ], [ 24.945354635187989, 60.237709884784365 ], [ 24.945282111065463, 60.237699907530136 ], [ 24.945343667758898, 60.237633872533522 ], [ 24.945551037541914, 60.23741141579147 ], [ 24.945715969720034, 60.236860382566363 ], [ 24.945582538876931, 60.236737950839562 ], [ 24.945438357963479, 60.236732999189393 ], [ 24.945274244916039, 60.236558744328896 ], [ 24.945147261710595, 60.236423907292668 ], [ 24.945020275935249, 60.236289071925903 ], [ 24.944893293011166, 60.236154234640793 ], [ 24.944766309322127, 60.236019399025842 ], [ 24.944526589628708, 60.235764847868325 ], [ 24.944495610549357, 60.235731952822569 ], [ 24.94297741312829, 60.235509542724927 ], [ 24.942700395667892, 60.235468958057737 ], [ 24.942423378889742, 60.235428374607338 ], [ 24.94214636279855, 60.235387789681113 ], [ 24.941921841594873, 60.235354893901359 ], [ 24.941635370504578, 60.235590453792625 ], [ 24.941588387131794, 60.235629087270233 ], [ 24.94150399453579, 60.235609629240322 ], [ 24.941301967358147, 60.23577575009277 ], [ 24.941114030577186, 60.235930280732632 ], [ 24.940926092026192, 60.236084811102501 ], [ 24.940716240762455, 60.23625735840946 ], [ 24.940668376812852, 60.236296715475603 ], [ 24.940434919573381, 60.236488669949338 ], [ 24.940365605233687, 60.236591998957699 ], [ 24.939903340995954, 60.236515509869854 ], [ 24.939857376112386, 60.236583576056816 ], [ 24.939394819047973, 60.236507038393007 ], [ 24.939440450959513, 60.236438916566073 ], [ 24.938741270510143, 60.236323219397129 ], [ 24.938702979338316, 60.236390771748091 ], [ 24.938531754232606, 60.236362001064045 ], [ 24.937892369647081, 60.236348147064973 ], [ 24.937405363198902, 60.236337600237015 ], [ 24.937430028093821, 60.236268745795854 ], [ 24.937044389183349, 60.236218158778534 ], [ 24.936572332136663, 60.236156233894285 ], [ 24.936535829356508, 60.236225498974648 ], [ 24.936064358338474, 60.236164316620446 ], [ 24.935594640714157, 60.236102728652888 ], [ 24.935125265151026, 60.236040653622645 ], [ 24.935032767459557, 60.236214435801003 ], [ 24.934894184869911, 60.23647479308773 ], [ 24.935169064103594, 60.236510781461135 ], [ 24.935123039516888, 60.236597693321045 ], [ 24.93489861134362, 60.2365682250677 ], [ 24.934574051886894, 60.236525290763666 ], [ 24.934225348606535, 60.236479162839515 ], [ 24.934148269758932, 60.236468963627928 ], [ 24.933927323543404, 60.236440320293333 ], [ 24.933425893522344, 60.236375309001417 ], [ 24.93306248565829, 60.236327710354722 ], [ 24.932678485702283, 60.236277413049891 ], [ 24.932401030055576, 60.236239643776969 ], [ 24.93201299413488, 60.2361903279836 ], [ 24.931700761727605, 60.236150642039476 ], [ 24.93158928148193, 60.236133402217789 ], [ 24.930992158300338, 60.236075299039804 ], [ 24.930272966711971, 60.236003236160002 ], [ 24.929618577496235, 60.235941955332137 ], [ 24.929620793443906, 60.235936329859044 ], [ 24.929651882248706, 60.235866538745135 ], [ 24.929204471041722, 60.235826470948297 ], [ 24.928861070452804, 60.235795717298558 ], [ 24.928521786834711, 60.235765338351726 ], [ 24.928182503884596, 60.23573494058693 ], [ 24.927843219736854, 60.235704551826764 ], [ 24.927503938024998, 60.235674161302832 ], [ 24.927164656960002, 60.235643761833778 ], [ 24.926825374701124, 60.23561336957426 ], [ 24.92648609487421, 60.235582977346048 ], [ 24.926125660391119, 60.235550681371251 ], [ 24.925765210351127, 60.235518394281513 ], [ 24.925404777287998, 60.235486096349149 ], [ 24.925044344912482, 60.235453807310897 ], [ 24.924683913269529, 60.235421507421002 ], [ 24.924577349021874, 60.235411960860645 ], [ 24.924204320535736, 60.235378529692746 ], [ 24.923831292789469, 60.235345106451838 ], [ 24.923458265824664, 60.235311673187226 ], [ 24.923085239599576, 60.235278247849607 ], [ 24.922712214135068, 60.235244821463617 ], [ 24.922291229654153, 60.235207086511252 ], [ 24.921870358005801, 60.235169368240172 ], [ 24.921335715779676, 60.235121454364823 ], [ 24.921135487220855, 60.23510022820853 ], [ 24.921081097314531, 60.235093443722342 ], [ 24.920610544280123, 60.235034745225377 ], [ 24.920433245122194, 60.235012630595975 ], [ 24.920242902305752, 60.234988890533614 ], [ 24.919875261383439, 60.234943024950574 ], [ 24.919507621465254, 60.234897168221998 ], [ 24.919139984404353, 60.234851300603246 ], [ 24.918719823325446, 60.234798889089959 ], [ 24.918264651852983, 60.234742104336739 ], [ 24.917701587257039, 60.234671851860497 ], [ 24.917572898001783, 60.234655607392057 ], [ 24.916584352215125, 60.234530804112957 ], [ 24.916549207340783, 60.234599563757499 ], [ 24.916234211215095, 60.23455983249049 ], [ 24.915814686095839, 60.234506913146781 ], [ 24.915739642152793, 60.23472893466225 ], [ 24.915671079257624, 60.23493176914269 ], [ 24.915555802464365, 60.234921111217943 ], [ 24.915390495553414, 60.23534783341524 ], [ 24.915218490122989, 60.235866621176562 ], [ 24.915040482937169, 60.236403566461441 ], [ 24.915027393724035, 60.236443029889138 ], [ 24.915013628558707, 60.236483516970274 ], [ 24.914860609974355, 60.236941498455906 ], [ 24.914782966762012, 60.237165139532479 ], [ 24.914701345073585, 60.237400224265684 ], [ 24.914685776789263, 60.237460483745217 ], [ 24.914500919784842, 60.238014112548399 ], [ 24.914352570236762, 60.238456548356552 ], [ 24.914297609914925, 60.23861958870949 ], [ 24.911802673004928, 60.238308815569262 ], [ 24.909596312978742, 60.237654883360889 ], [ 24.908916317313405, 60.23745563420195 ], [ 24.906796789949542, 60.236834543130783 ], [ 24.905125088500593, 60.236266668423568 ], [ 24.904568180846546, 60.236128123236064 ], [ 24.903438238702645, 60.235847011994061 ], [ 24.900814023902068, 60.235261577448235 ], [ 24.899444369496845, 60.235002824919377 ], [ 24.901780954980193, 60.23246247216975 ], [ 24.902000472005508, 60.232494475420658 ], [ 24.902509172991756, 60.232568658023453 ], [ 24.908007749781298, 60.22644709608339 ], [ 24.91368783510892, 60.219587170920668 ], [ 24.914656491876883, 60.219657126867006 ], [ 24.915317076586462, 60.219704829681284 ], [ 24.91918605449289, 60.219984146227155 ], [ 24.922762138799328, 60.220242215977727 ], [ 24.92378399026639, 60.220283648386562 ], [ 24.924254320760244, 60.220317578943721 ], [ 24.924891134805168, 60.22036351608439 ], [ 24.925549111416171, 60.220410977086473 ], [ 24.926077999968076, 60.220449124622007 ], [ 24.926306797204777, 60.220465625659216 ], [ 24.926863255682594, 60.220505758159476 ], [ 24.92750852626806, 60.220552292335682 ], [ 24.928143466199352, 60.220598079105947 ], [ 24.928707117552467, 60.220638722055121 ], [ 24.929235123039359, 60.22067228178107 ] ] ] } }
]
}
